gid,role,role_score,cluster_id,priority_score,evidence,rule,depth,is_seed,in_deg,out_deg,in_kzt,out_kzt,in_tx,out_tx,pass_through,fast_share,seed_payers,seeds_2hop,pagerank,betweenness,max_payers_same_day,truncated,n_cycles,cycle_kzt,n_fast_chains,split_flag,anomaly_z
100000000011452100,peripheral,0.5,0,0.4271,"Получил 110 тыс ₸, отдал 17 тыс ₸ (15%) — удерживает часть средств, признаков роли недостаточно",P-other,1,False,3,1,110000.0,16685.0,7,2,0.151682,1.0,1,1,0.000476864,3.3685e-06,1,False,1,15000.0,2,False,0.23
100000000018102100,peripheral,0.4,3,0.1024,"Обрыв выгрузки на 4-м колене: получил 7 тыс ₸ от 1; исходящие не выгружены — роль «конечный» не присваиваем, нужна доп. выгрузка",P-trunc,4,False,1,0,7000.0,0.0,1,0,0.0,,0,0,0.0003204029,0.0,1,True,0,0.0,0,False,-0.14
100000000031787100,transit,0.722,6,0.6355,"Транзит: получил 90 тыс ₸, отдал 90 тыс ₸ (100%); 44% суммы ушло в течение 2 дн. после поступления",T1,2,False,1,2,90000.0,90000.0,2,4,1.0,0.444444,0,1,0.0004315356,3.963e-07,1,False,1,60000.0,0,False,0.32
100000000041368100,peripheral,0.7,2,0.3973,"Разовое поступление: 160 тыс ₸ от 1 плательщика, дальше не уходило; сумма мала",P-leaf,1,False,1,0,160000.0,0.0,1,0,0.0,,1,2,0.0003176071,0.0,1,False,0,0.0,0,False,0.31
100000000076451100,peripheral,0.5,15,0.4863,"Получил 88 тыс ₸, отдал 58 тыс ₸ (66%) — удерживает часть средств, признаков роли недостаточно",P-other,2,False,3,4,87707.0,58000.0,4,4,0.661293,0.258621,0,1,0.0013962009,9.76864e-05,2,False,2,35000.0,1,False,0.26
100000000089154100,distributor,0.675,0,0.6565,"Веерная рассылка: 426 тыс ₸ на 15 получателей (21 переводов), плательщиков в выборке: 1",D1,1,False,1,15,10000.0,425500.0,1,21,42.55,0.273796,1,1,0.0002874458,0.0001089548,1,False,57,538000.0,4,True,3.07
100000000190228100,peripheral,0.5,7,0.3894,"Получил 5 тыс ₸, отдал 29 тыс ₸ (571%) — отдаёт больше полученного: вероятны поступления извне выборки",P-other,2,False,1,1,5000.0,28560.0,1,1,5.712,0.0,0,1,0.0005820068,2.1598e-05,1,False,0,0.0,0,False,-0.22
100000000201868100,transit,1.0,54,0.6596,"Транзит: получил 190 тыс ₸, отдал 190 тыс ₸ (100%); 100% суммы ушло в течение 2 дн. после поступления",T1,2,False,1,1,190000.0,190000.0,1,1,1.0,1.0,0,1,0.0009746433,0.0,1,False,1,190000.0,0,False,0.77
100000000254336100,transit,0.617,0,0.444,"Транзит: получил 97 тыс ₸, отдал 60 тыс ₸ (62%); 100% суммы ушло в течение 2 дн. после поступления",T2,3,False,2,1,97177.0,60000.0,2,1,0.61743,1.0,0,0,0.0002919351,1.92202e-05,1,False,0,0.0,2,False,0.37
100000000267734100,peripheral,0.5,6,0.4909,"Получил 180 тыс ₸, отдал 282 тыс ₸ (157%) — отдаёт больше полученного: вероятны поступления извне выборки",P-other,1,False,2,7,180000.0,282000.0,4,8,1.566667,0.414894,1,1,0.0005373191,3.5666e-06,1,False,1,60000.0,4,False,1.41
100000000274067100,peripheral,0.5,6,0.5018,"Получил 518 тыс ₸, отдал 3,0 млн ₸ (573%) — отдаёт больше полученного: вероятны поступления извне выборки",P-other,1,False,2,3,517704.0,2969000.0,9,9,5.734937,0.692152,1,1,0.0004137037,1.1889e-06,1,False,1,300000.0,3,False,2.41
100000000287768100,peripheral,0.7,0,0.0971,"Разовое поступление: 35 тыс ₸ от 1 плательщика, дальше не уходило; сумма мала",P-leaf,3,False,1,0,35168.0,0.0,1,0,0.0,,0,0,0.0002886881,0.0,1,False,0,0.0,0,False,-0.4
100000000288317100,peripheral,0.5,3,0.298,"Получил 100 тыс ₸, отдал 54 тыс ₸ (54%) — удерживает часть средств, признаков роли недостаточно",P-other,3,False,2,3,100000.0,53500.0,2,3,0.535,0.308411,0,0,0.0003128335,5.82552e-05,1,False,0,0.0,1,False,0.95
100000000291906100,transit,0.534,49,0.7418,"Транзит: получил 388 тыс ₸, отдал 456 тыс ₸ (117%); 42% суммы ушло в течение 2 дн. после поступления",T1,2,False,2,2,388000.0,455854.0,3,6,1.174881,0.418674,0,1,0.0007629373,7.80699e-05,1,False,1,160354.0,1,False,1.25
100000000291908100,peripheral,0.5,49,0.3918,"Получил 296 тыс ₸, отдал 13 тыс ₸ (5%) — удерживает часть средств, признаков роли недостаточно",P-other,3,False,1,1,295500.0,13300.0,5,1,0.045008,0.0,0,0,0.0007065527,1.98147e-05,1,False,0,0.0,0,False,0.82
100000000297649100,peripheral,0.5,11,0.4039,"Получил 40 тыс ₸, отдал 71 тыс ₸ (176%) — отдаёт больше полученного: вероятны поступления извне выборки",P-other,2,False,1,1,40000.0,70600.0,1,2,1.765,0.0,0,1,0.0008091386,0.0,1,False,1,40000.0,0,False,0.03
100000000299820100,peripheral,0.4,3,0.1447,"Обрыв выгрузки на 4-м колене: получил 10 тыс ₸ от 1; исходящие не выгружены — роль «конечный» не присваиваем, нужна доп. выгрузка",P-trunc,4,False,1,0,10000.0,0.0,1,0,0.0,,0,0,0.000450162,0.0,1,True,0,0.0,0,False,-0.14
100000000307908100,peripheral,0.7,42,0.1646,"Разовое поступление: 5 тыс ₸ от 1 плательщика, дальше не уходило; сумма мала",P-leaf,2,False,1,0,5000.0,0.0,1,0,0.0,,0,1,0.0002964338,0.0,1,False,0,0.0,0,False,-0.31
100000000331309100,coordinator,0.937,4,0.9907,"Хаб: собирает и раздаёт: 5 плательщиков → 99 получателей, через узел 23,0 млн ₸; 3 seed в 2 шагах выше; посредничество выше 99% узлов",C1,2,False,5,99,984635.0,23001375.0,8,126,23.360306,0.358431,0,3,0.0008756899,0.0045572341,3,False,32,701235.0,84,False,9.41
100000000332284100,consolidator,1.0,4,0.8418,"Сбор средств: 107 тыс ₸ от 10 плательщиков (из них seed: 0), дальше ушло 269% полученного; до 3 плательщиков в один день",K1,2,False,10,3,107426.0,289500.0,12,3,2.694878,1.0,0,1,0.0007170946,0.0001091373,3,False,0,0.0,9,False,0.82
100000000343175100,coordinator,0.997,9,0.9824,"Хаб: собирает и раздаёт: 8 плательщиков → 31 получателей, через узел 4,0 млн ₸; 3 seed в 2 шагах выше; посредничество выше 98% узлов",C1,0,True,8,31,178712.0,4000039.0,14,33,,1.0,1,3,0.0007132582,0.0010946926,2,False,0,0.0,72,False,1.54
100000000369781100,peripheral,0.4,4,0.1416,"Обрыв выгрузки на 4-м колене: получил 5 тыс ₸ от 1; исходящие не выгружены — роль «конечный» не присваиваем, нужна доп. выгрузка",P-trunc,4,False,1,0,5000.0,0.0,1,0,0.0,,0,0,0.0005324778,0.0,1,True,0,0.0,0,False,-0.14
100000000375150100,peripheral,0.4,13,0.337,"Обрыв выгрузки на 4-м колене: получил 300 тыс ₸ от 1; исходящие не выгружены — роль «конечный» не присваиваем, нужна доп. выгрузка",P-trunc,4,False,1,0,300000.0,0.0,1,0,0.0,,0,0,0.0007463802,0.0,1,True,0,0.0,0,False,1.38
100000000404740100,peripheral,0.4,25,0.2066,"Обрыв выгрузки на 4-м колене: получил 25 тыс ₸ от 1; исходящие не выгружены — роль «конечный» не присваиваем, нужна доп. выгрузка",P-trunc,4,False,1,0,25000.0,0.0,1,0,0.0,,0,0,0.0005579901,0.0,1,True,0,0.0,0,False,-0.14
100000000408846100,peripheral,0.7,26,0.1386,"Разовое поступление: 40 тыс ₸ от 1 плательщика, дальше не уходило; сумма мала",P-leaf,3,False,1,0,40500.0,0.0,1,0,0.0,,0,0,0.0002957256,0.0,1,False,0,0.0,0,False,-0.4
100000000413678100,peripheral,0.5,3,0.3384,"Получил 306 тыс ₸, отдал 528 тыс ₸ (172%) — отдаёт больше полученного: вероятны поступления извне выборки",P-other,3,False,2,3,306500.0,528198.0,2,18,1.723321,0.14767,0,0,0.0003006989,5.76607e-05,2,False,0,0.0,2,True,1.49
100000000424935100,peripheral,0.4,28,0.0989,"Обрыв выгрузки на 4-м колене: получил 15 тыс ₸ от 1; исходящие не выгружены — роль «конечный» не присваиваем, нужна доп. выгрузка",P-trunc,4,False,1,0,15000.0,0.0,1,0,0.0,,0,0,0.000301448,0.0,1,True,0,0.0,0,False,-0.14
100000000425407100,peripheral,0.7,2,0.2267,"Разовое поступление: 20 тыс ₸ от 1 плательщика, дальше не уходило; сумма мала",P-leaf,2,False,1,0,20000.0,0.0,1,0,0.0,,0,1,0.0003050946,0.0,1,False,0,0.0,0,False,-0.31
100000000437046100,coordinator,0.999,0,0.9315,"Хаб: собирает и раздаёт: 9 плательщиков → 42 получателей, через узел 7,6 млн ₸; 1 seed в 2 шагах выше; посредничество выше 99% узлов",C1,2,False,9,42,1107200.0,7606224.0,20,73,6.869783,0.867455,0,1,0.000792486,0.0021971485,3,False,472,7204125.0,72,False,4.41
100000000440392100,peripheral,0.7,5,0.2989,"Разовое поступление: 106 тыс ₸ от 1 плательщика, дальше не уходило; сумма мала",P-leaf,1,False,1,0,105705.0,0.0,4,0,0.0,,1,1,0.0002969345,0.0,1,False,0,0.0,0,False,0.03
100000000456947100,peripheral,0.9,72,0.0,Seed-клиент без переводов ≥5 тыс ₸ внутри банка за июль,P-orphan,0,True,0,0,0.0,0.0,0,0,,,0,0,0.0002855693,0.0,0,False,0,0.0,0,False,-0.39
100000000470237100,peripheral,0.4,28,0.2255,"Обрыв выгрузки на 4-м колене: получил 32 тыс ₸ от 1; исходящие не выгружены — роль «конечный» не присваиваем, нужна доп. выгрузка",P-trunc,4,False,1,0,32500.0,0.0,1,0,0.0,,0,0,0.0005846334,0.0,1,True,0,0.0,0,False,-0.14
100000000481716100,peripheral,0.7,8,0.1266,"Разовое поступление: 8 тыс ₸ от 1 плательщика, дальше не уходило; сумма мала",P-leaf,3,False,1,0,8000.0,0.0,1,0,0.0,,0,0,0.0003771539,0.0,1,False,0,0.0,0,False,-0.4
100000000489417100,transit,0.912,13,0.6549,"Транзит: получил 74 тыс ₸, отдал 80 тыс ₸ (109%); 100% суммы ушло в течение 2 дн. после поступления",T1,2,False,3,1,73504.0,80000.0,3,1,1.088376,1.0,0,1,0.0005517574,1.40455e-05,2,False,0,0.0,1,False,0.23
100000000490383100,peripheral,0.5,5,0.5133,"Получил 63 тыс ₸, отдал 461 тыс ₸ (737%) — отдаёт больше полученного: вероятны поступления извне выборки",P-other,2,False,3,8,62600.0,461375.0,3,9,7.370208,0.010837,0,1,0.0005480374,5.16503e-05,1,False,0,0.0,1,True,0.96
100000000500040100,peripheral,0.4,0,0.1214,"Обрыв выгрузки на 4-м колене: получил 20 тыс ₸ от 1; исходящие не выгружены — роль «конечный» не присваиваем, нужна доп. выгрузка",P-trunc,4,False,1,0,20000.0,0.0,1,0,0.0,,0,0,0.0003060504,0.0,1,True,0,0.0,0,False,-0.14
100000000507799100,peripheral,0.5,38,0.2008,"Получил 5 тыс ₸, отдал 8 тыс ₸ (156%) — отдаёт больше полученного: вероятны поступления извне выборки",P-other,1,False,1,1,5132.0,8000.0,1,1,1.558846,0.0,1,1,0.0002861211,0.0001153215,1,False,0,0.0,0,False,-0.24
100000000533217100,peripheral,0.7,0,0.3645,"Разовое поступление: 54 тыс ₸ от 1 плательщика, дальше не уходило; сумма мала",P-leaf,2,False,1,0,53587.0,0.0,1,0,0.0,,0,1,0.000653603,0.0,1,False,0,0.0,0,False,-0.31
100000000534581100,peripheral,0.5,3,0.2412,"Получил 56 тыс ₸, отдал 40 тыс ₸ (71%) — удерживает часть средств, признаков роли недостаточно",P-other,3,False,2,1,55960.0,40000.0,2,1,0.714796,0.0,0,0,0.0002984533,1.92202e-05,1,False,0,0.0,0,False,0.27
100000000542087100,peripheral,0.4,36,0.016,"Обрыв выгрузки на 4-м колене: получил 9 тыс ₸ от 1; исходящие не выгружены — роль «конечный» не присваиваем, нужна доп. выгрузка",P-trunc,4,False,1,0,8506.91,0.0,1,0,0.0,,0,0,0.0002864146,0.0,1,True,0,0.0,0,False,-0.14
100000000552584100,peripheral,0.5,23,0.3916,"Получил 2,5 млн ₸, отдал 58 тыс ₸ (2%) — удерживает часть средств, признаков роли недостаточно",P-other,3,False,1,1,2500000.0,57500.0,3,1,0.023,0.0,0,0,0.001325436,0.0,1,False,2,115000.0,0,False,2.24
100000000555721100,terminal,0.656,0,0.4855,"Конечный получатель: 113 тыс ₸ от 2 плательщиков, исходящих ≥5 тыс ₸ нет; колено 1 — обход здесь не обрывался",E1,1,False,2,0,113000.0,0.0,3,0,0.0,,1,1,0.000308092,0.0,2,False,0,0.0,0,False,0.07
100000000557536100,peripheral,0.4,36,0.2175,"Обрыв выгрузки на 4-м колене: получил 153 тыс ₸ от 1; исходящие не выгружены — роль «конечный» не присваиваем, нужна доп. выгрузка",P-trunc,4,False,1,0,153000.0,0.0,7,0,0.0,,0,0,0.0003007725,0.0,1,True,0,0.0,0,False,0.91
100000000560751100,peripheral,0.7,13,0.2053,"Разовое поступление: 25 тыс ₸ от 1 плательщика, дальше не уходило; сумма мала",P-leaf,3,False,1,0,25000.0,0.0,1,0,0.0,,0,0,0.0005524501,0.0,1,False,0,0.0,0,False,-0.4
100000000561160100,peripheral,0.4,2,0.2969,"Обрыв выгрузки на 4-м колене: получил 240 тыс ₸ от 1; исходящие не выгружены — роль «конечный» не присваиваем, нужна доп. выгрузка",P-trunc,4,False,1,0,240000.0,0.0,1,0,0.0,,0,0,0.0004362546,0.0,1,True,0,0.0,0,False,1.23
100000000569479100,terminal,0.71,0,0.4628,"Конечный получатель: 320 тыс ₸ от 1 плательщиков, исходящих ≥5 тыс ₸ нет; колено 3 — обход здесь не обрывался",E1,3,False,1,0,320000.0,0.0,1,0,0.0,,0,0,0.0003949532,0.0,1,False,0,0.0,0,False,0.85
100000000572276100,peripheral,0.5,1,0.1507,"Получил 13 тыс ₸, отдал 35 тыс ₸ (264%) — отдаёт больше полученного: вероятны поступления извне выборки",P-other,3,False,1,1,13075.0,34547.0,1,1,2.642218,0.0,0,0,0.00028761,1.387e-06,1,False,0,0.0,0,False,-0.06
100000000580561100,peripheral,0.6,43,0.5315,"Seed-клиент: отправил 1,5 млн ₸ на 3 получателей; признаков сбора или веера нет",P-seed,0,True,2,3,27980.0,1488077.0,3,13,,0.571207,0,1,0.0008349889,1.1889e-06,1,False,2,21477.0,3,False,0.84
100000000581662100,peripheral,0.4,12,0.1214,"Обрыв выгрузки на 4-м колене: получил 21 тыс ₸ от 1; исходящие не выгружены — роль «конечный» не присваиваем, нужна доп. выгрузка",P-trunc,4,False,1,0,21160.0,0.0,1,0,0.0,,0,0,0.0003029166,0.0,1,True,0,0.0,0,False,-0.14
100000000581682100,peripheral,0.4,28,0.0351,"Обрыв выгрузки на 4-м колене: получил 5 тыс ₸ от 1; исходящие не выгружены — роль «конечный» не присваиваем, нужна доп. выгрузка",P-trunc,4,False,1,0,5000.0,0.0,1,0,0.0,,0,0,0.0002908622,0.0,1,True,0,0.0,0,False,-0.14
100000000583220100,peripheral,0.5,67,0.3212,"Получил 5 тыс ₸, отдал 761 тыс ₸ (9900%) — отдаёт больше полученного: вероятны поступления извне выборки",P-other,3,False,1,1,5000.0,761255.0,1,4,152.251,0.052545,0,0,0.0002981133,1.96165e-05,1,False,0,0.0,1,False,1.43
100000000594783100,peripheral,0.5,23,0.3927,"Получил 2,6 млн ₸, отдал 152 тыс ₸ (6%) — удерживает часть средств, признаков роли недостаточно",P-other,3,False,1,2,2635000.0,152500.0,10,2,0.057875,1.0,0,0,0.0013815888,0.0,1,False,3,245000.0,1,False,2.3
100000000596954100,peripheral,0.5,2,0.4586,"Получил 120 тыс ₸, отдал 48 тыс ₸ (40%) — удерживает часть средств, признаков роли недостаточно",P-other,2,False,1,2,120000.0,48100.0,1,2,0.400833,1.0,0,1,0.0005156145,4.83478e-05,1,False,0,0.0,2,False,0.28
100000000600707100,peripheral,0.4,37,0.2742,"Обрыв выгрузки на 4-м колене: получил 89 тыс ₸ от 1; исходящие не выгружены — роль «конечный» не присваиваем, нужна доп. выгрузка",P-trunc,4,False,1,0,89000.0,0.0,2,0,0.0,,0,0,0.0005701603,0.0,1,True,0,0.0,0,False,0.54
100000000607731100,peripheral,0.5,29,0.3644,"Получил 20 тыс ₸, отдал 67 тыс ₸ (333%) — отдаёт больше полученного: вероятны поступления извне выборки",P-other,1,False,1,1,20000.0,66666.0,1,1,3.3333,0.0,1,1,0.0003175358,5.944e-07,1,False,0,0.0,0,False,-0.11
100000000607941100,peripheral,0.5,5,0.4597,"Получил 50 тыс ₸, отдал 70 тыс ₸ (140%) — удерживает часть средств, признаков роли недостаточно",P-other,2,False,2,1,50000.0,70000.0,3,4,1.4,0.285714,0,1,0.0005785721,5.76607e-05,1,False,1,20000.0,1,False,0.08
100000000608031100,peripheral,0.4,16,0.2119,"Обрыв выгрузки на 4-м колене: получил 30 тыс ₸ от 1; исходящие не выгружены — роль «конечный» не присваиваем, нужна доп. выгрузка",P-trunc,4,False,1,0,30000.0,0.0,1,0,0.0,,0,0,0.0005386367,0.0,1,True,0,0.0,0,False,-0.14
100000000611474100,peripheral,0.7,22,0.2256,"Разовое поступление: 32 тыс ₸ от 1 плательщика, дальше не уходило; сумма мала",P-leaf,3,False,1,0,32000.0,0.0,1,0,0.0,,0,0,0.0005956217,0.0,1,False,0,0.0,0,False,-0.4
100000000625169100,peripheral,0.7,1,0.1446,"Разовое поступление: 10 тыс ₸ от 1 плательщика, дальше не уходило; сумма мала",P-leaf,2,False,1,0,10000.0,0.0,1,0,0.0,,0,1,0.0002889657,0.0,1,False,0,0.0,0,False,-0.31
100000000627521100,peripheral,0.4,39,0.0102,"Обрыв выгрузки на 4-м колене: получил 6 тыс ₸ от 1; исходящие не выгружены — роль «конечный» не присваиваем, нужна доп. выгрузка",P-trunc,4,False,1,0,6500.0,0.0,1,0,0.0,,0,0,0.000286099,0.0,1,True,0,0.0,0,False,-0.14
100000000629812100,terminal,0.611,55,0.4268,"Конечный получатель: 22 тыс ₸ от 2 плательщиков, исходящих ≥5 тыс ₸ нет; колено 2 — обход здесь не обрывался",E1,2,False,2,0,22000.0,0.0,2,0,0.0,,0,2,0.000297984,0.0,1,False,0,0.0,0,False,-0.22
100000000634341100,peripheral,0.4,0,0.2028,"Обрыв выгрузки на 4-м колене: получил 24 тыс ₸ от 1; исходящие не выгружены — роль «конечный» не присваиваем, нужна доп. выгрузка",P-trunc,4,False,1,0,24000.0,0.0,2,0,0.0,,0,0,0.0005549383,0.0,1,True,0,0.0,0,False,-0.14
100000000640800100,peripheral,0.5,3,0.3421,"Получил 80 тыс ₸, отдал 518 тыс ₸ (648%) — отдаёт больше полученного: вероятны поступления извне выборки",P-other,3,False,1,4,80000.0,518135.0,1,6,6.476688,0.031096,0,0,0.0003032403,0.000145175,1,False,0,0.0,1,False,1.27
100000000646541100,terminal,0.663,0,0.4628,"Конечный получатель: 25 тыс ₸ от 3 плательщиков, исходящих ≥5 тыс ₸ нет; колено 2 — обход здесь не обрывался",E1,2,False,3,0,25300.0,0.0,4,0,0.0,,0,1,0.0005058631,0.0,1,False,0,0.0,0,False,-0.12
100000000655469100,peripheral,0.4,21,0.1515,"Обрыв выгрузки на 4-м колене: получил 20 тыс ₸ от 1; исходящие не выгружены — роль «конечный» не присваиваем, нужна доп. выгрузка",P-trunc,4,False,1,0,20000.0,0.0,2,0,0.0,,0,0,0.0003454312,0.0,1,True,0,0.0,0,False,-0.14
100000000656682100,transit,0.373,0,0.4365,"Транзит: получил 71 тыс ₸, отдал 80 тыс ₸ (113%); 0% суммы ушло в течение 2 дн. после поступления",T1,3,False,1,2,71000.0,80000.0,1,3,1.126761,0.0,0,0,0.000289568,3.84405e-05,1,False,0,0.0,0,False,0.34
100000000661131100,peripheral,0.7,1,0.0458,"Разовое поступление: 16 тыс ₸ от 1 плательщика, дальше не уходило; сумма мала",P-leaf,3,False,1,0,15600.0,0.0,1,0,0.0,,0,0,0.0002880041,0.0,1,False,0,0.0,0,False,-0.4
100000000661912100,consolidator,0.85,0,0.8796,"Сбор средств: 393 тыс ₸ от 5 плательщиков (из них seed: 1), дальше ушло 110% полученного; до 2 плательщиков в один день",K1,1,False,5,2,393036.0,430700.0,9,8,1.095828,0.751567,1,1,0.0017491598,0.0013336905,2,False,1,126000.0,6,False,1.42
100000000667713100,peripheral,0.5,5,0.4282,"Получил 119 тыс ₸, отдал 79 тыс ₸ (66%) — удерживает часть средств, признаков роли недостаточно",P-other,1,False,2,6,119495.0,79236.0,10,7,0.663091,0.472639,1,1,0.000320106,0.0001396763,1,False,2,25500.0,2,False,1.18
100000000673868100,peripheral,0.5,30,0.4505,"Получил 2,0 млн ₸, отдал 383 тыс ₸ (19%) — удерживает часть средств, признаков роли недостаточно",P-other,3,False,1,5,2030650.0,383000.0,5,19,0.18861,0.762402,0,0,0.0011728051,4.10164e-05,1,False,2,264500.0,4,True,2.2
100000000673915100,peripheral,0.4,36,0.0592,"Обрыв выгрузки на 4-м колене: получил 20 тыс ₸ от 1; исходящие не выгружены — роль «конечный» не присваиваем, нужна доп. выгрузка",P-trunc,4,False,1,0,20200.0,0.0,1,0,0.0,,0,0,0.0002875765,0.0,1,True,0,0.0,0,False,-0.14
100000000703894100,peripheral,0.5,29,0.4327,"Получил 120 тыс ₸, отдал 35 тыс ₸ (29%) — удерживает часть средств, признаков роли недостаточно",P-other,1,False,1,1,120000.0,35000.0,1,1,0.291667,0.0,1,1,0.0004773686,5.944e-07,1,False,0,0.0,0,False,0.29
100000000703902100,peripheral,0.7,1,0.2007,"Разовое поступление: 25 тыс ₸ от 1 плательщика, дальше не уходило; сумма мала",P-leaf,1,False,1,0,25499.0,0.0,1,0,0.0,,1,1,0.0002909212,0.0,1,False,0,0.0,0,False,-0.48
100000000704700100,peripheral,0.4,24,0.1566,"Обрыв выгрузки на 4-м колене: получил 10 тыс ₸ от 1; исходящие не выгружены — роль «конечный» не присваиваем, нужна доп. выгрузка",P-trunc,4,False,1,0,10000.0,0.0,1,0,0.0,,0,0,0.0005332552,0.0,1,True,0,0.0,0,False,-0.14
100000000706545100,peripheral,0.5,5,0.5478,"Получил 1,1 млн ₸, отдал 76 тыс ₸ (7%) — удерживает часть средств, признаков роли недостаточно",P-other,1,False,3,1,1070300.0,75800.0,8,3,0.070821,0.0,1,1,0.003226626,1.96165e-05,1,False,1,5500.0,0,False,1.65
100000000718427100,peripheral,0.7,1,0.124,"Разовое поступление: 6 тыс ₸ от 1 плательщика, дальше не уходило; сумма мала",P-leaf,2,False,1,0,6000.0,0.0,1,0,0.0,,0,1,0.0002876071,0.0,1,False,0,0.0,0,False,-0.31
100000000723383100,peripheral,0.5,21,0.4134,"Получил 7 тыс ₸, отдал 75 тыс ₸ (1103%) — отдаёт больше полученного: вероятны поступления извне выборки",P-other,2,False,1,2,6800.0,75000.0,1,2,11.029412,0.0,0,1,0.0003893196,0.0002389651,1,False,0,0.0,0,False,-0.12
100000000724540100,peripheral,0.5,17,0.3906,"Получил 50 тыс ₸, отдал 100 тыс ₸ (200%) — отдаёт больше полученного: вероятны поступления извне выборки",P-other,2,False,1,1,50000.0,100000.0,1,1,2.0,0.0,0,1,0.0003096347,1.98147e-05,1,False,0,0.0,0,False,0.21
100000000733373100,peripheral,0.7,5,0.2022,"Разовое поступление: 11 тыс ₸ от 1 плательщика, дальше не уходило; сумма мала",P-leaf,2,False,1,0,10710.0,0.0,1,0,0.0,,0,1,0.0003057814,0.0,1,False,0,0.0,0,False,-0.31
100000000733451100,peripheral,0.5,13,0.3875,"Получил 70 тыс ₸, отдал 300 тыс ₸ (429%) — отдаёт больше полученного: вероятны поступления извне выборки",P-other,3,False,1,1,70000.0,300000.0,2,1,4.285714,0.0,0,0,0.0005412616,2.45702e-05,1,False,0,0.0,0,False,0.94
100000000733940100,peripheral,0.4,31,0.3298,"Обрыв выгрузки на 4-м колене: получил 752 тыс ₸ от 1; исходящие не выгружены — роль «конечный» не присваиваем, нужна доп. выгрузка",P-trunc,4,False,1,0,752000.0,0.0,2,0,0.0,,0,0,0.0004111852,0.0,1,True,0,0.0,0,False,2.02
100000000737152100,peripheral,0.4,0,0.1832,"Обрыв выгрузки на 4-м колене: получил 35 тыс ₸ от 1; исходящие не выгружены — роль «конечный» не присваиваем, нужна доп. выгрузка",P-trunc,4,False,1,0,35000.0,0.0,1,0,0.0,,0,0,0.0003445072,0.0,1,True,0,0.0,0,False,-0.11
100000000749118100,peripheral,0.5,0,0.118,"Получил 10 тыс ₸, отдал 16 тыс ₸ (160%) — отдаёт больше полученного: вероятны поступления извне выборки",P-other,3,False,1,1,10330.0,16500.0,1,1,1.597289,0.0,0,0,0.0002861511,1.92202e-05,1,False,0,0.0,0,False,-0.06
100000000764836100,peripheral,0.5,3,0.3402,"Получил 252 тыс ₸, отдал 50 тыс ₸ (20%) — удерживает часть средств, признаков роли недостаточно",P-other,3,False,1,2,251716.0,50000.0,1,2,0.198637,0.5,0,0,0.0003367832,3.84405e-05,1,False,0,0.0,1,False,0.81
100000000765628100,peripheral,0.7,5,0.1971,"Разовое поступление: 5 тыс ₸ от 1 плательщика, дальше не уходило; сумма мала",P-leaf,2,False,1,0,5000.0,0.0,1,0,0.0,,0,1,0.0003154242,0.0,1,False,0,0.0,0,False,-0.31
100000000769919100,terminal,0.675,61,0.5984,"Конечный получатель: 250 тыс ₸ от 1 плательщиков, исходящих ≥5 тыс ₸ нет; колено 2 — обход здесь не обрывался",E1,2,False,1,0,250000.0,0.0,1,0,0.0,,0,1,0.000735447,0.0,1,False,0,0.0,0,False,0.52
100000000782285100,peripheral,0.7,0,0.1001,"Разовое поступление: 6 тыс ₸ от 1 плательщика, дальше не уходило; сумма мала",P-leaf,3,False,1,0,6151.0,0.0,1,0,0.0,,0,0,0.000319603,0.0,1,False,0,0.0,0,False,-0.4
100000000783406100,peripheral,0.7,35,0.0368,"Разовое поступление: 6 тыс ₸ от 1 плательщика, дальше не уходило; сумма мала",P-leaf,3,False,1,0,6066.0,0.0,1,0,0.0,,0,0,0.000290196,0.0,1,False,0,0.0,0,False,-0.4
100000000785800100,transit,1.0,56,0.5003,"Транзит: получил 19 тыс ₸, отдал 19 тыс ₸ (100%); 100% суммы ушло в течение 2 дн. после поступления",T1,2,False,1,1,19000.0,19000.0,1,1,1.0,1.0,0,1,0.000356698,0.0,1,False,1,19000.0,1,False,-0.22
100000000790311100,peripheral,0.7,15,0.2634,"Разовое поступление: 46 тыс ₸ от 1 плательщика, дальше не уходило; сумма мала",P-leaf,2,False,1,0,46300.0,0.0,1,0,0.0,,0,1,0.0003002992,0.0,1,False,0,0.0,0,False,-0.31
100000000791285100,transit,0.557,26,0.6315,"Транзит: получил 1,1 млн ₸, отдал 650 тыс ₸ (58%); 95% суммы ушло в течение 2 дн. после поступления",T2,3,False,1,3,1120000.0,650000.0,2,3,0.580357,0.953846,0,0,0.0005664343,3.88368e-05,1,False,1,560000.0,1,False,1.99
100000000795033100,peripheral,0.7,0,0.288,"Разовое поступление: 18 тыс ₸ от 1 плательщика, дальше не уходило; сумма мала",P-leaf,2,False,1,0,18200.0,0.0,1,0,0.0,,0,1,0.0005330177,0.0,1,False,0,0.0,0,False,-0.31
100000000795129100,terminal,0.716,15,0.569,"Конечный получатель: 332 тыс ₸ от 1 плательщиков, исходящих ≥5 тыс ₸ нет; колено 2 — обход здесь не обрывался",E1,2,False,1,0,332000.0,0.0,1,0,0.0,,0,1,0.0003911921,0.0,1,False,0,0.0,0,False,0.69
100000000795374100,peripheral,0.7,3,0.151,"Разовое поступление: 50 тыс ₸ от 1 плательщика, дальше не уходило; сумма мала",P-leaf,3,False,1,0,50000.0,0.0,1,0,0.0,,0,0,0.0002957422,0.0,1,False,0,0.0,0,False,-0.4
100000000802149100,peripheral,0.7,0,0.1854,"Разовое поступление: 104 тыс ₸ от 1 плательщика, дальше не уходило; сумма мала",P-leaf,3,False,1,0,104128.0,0.0,1,0,0.0,,0,0,0.0002948036,0.0,1,False,0,0.0,0,False,0.1
100000000803368100,peripheral,0.4,14,0.2901,"Обрыв выгрузки на 4-м колене: получил 140 тыс ₸ от 1; исходящие не выгружены — роль «конечный» не присваиваем, нужна доп. выгрузка",P-trunc,4,False,1,0,139503.0,0.0,1,0,0.0,,0,0,0.0005481145,0.0,1,True,0,0.0,0,False,0.85
100000000806727100,peripheral,0.5,2,0.3579,"Получил 45 тыс ₸, отдал 5 тыс ₸ (11%) — удерживает часть средств, признаков роли недостаточно",P-other,2,False,1,1,45000.0,5000.0,1,1,0.111111,0.0,0,2,0.0003458596,0.0,1,False,0,0.0,0,False,-0.22
100000000810551100,peripheral,0.5,2,0.4296,"Получил 100 тыс ₸, отдал 7 тыс ₸ (7%) — удерживает часть средств, признаков роли недостаточно",P-other,1,False,1,1,100000.0,7100.0,1,1,0.071,0.0,1,2,0.0003055929,7.76956e-05,1,False,0,0.0,0,False,0.04
100000000817146100,peripheral,0.7,5,0.42,"Разовое поступление: 70 тыс ₸ от 1 плательщика, дальше не уходило; сумма мала",P-leaf,1,False,1,0,70020.0,0.0,1,0,0.0,,1,2,0.0005894685,0.0,1,False,0,0.0,0,False,-0.25
100000000821507100,terminal,0.75,30,0.559,"Конечный получатель: 400 тыс ₸ от 1 плательщиков, исходящих ≥5 тыс ₸ нет; колено 2 — обход здесь не обрывался",E1,2,False,1,0,400000.0,0.0,1,0,0.0,,0,1,0.0003355427,0.0,1,False,0,0.0,0,False,0.8
100000000831684100,peripheral,0.5,11,0.3871,"Получил 15 тыс ₸, отдал 50 тыс ₸ (333%) — отдаёт больше полученного: вероятны поступления извне выборки",P-other,2,False,1,1,15000.0,50000.0,2,3,3.333333,0.9,0,1,0.0018906089,0.0,1,False,1,15000.0,0,False,-0.22
100000000838385100,peripheral,0.5,28,0.4298,"Получил 437 тыс ₸, отдал 178 тыс ₸ (41%) — удерживает часть средств, признаков роли недостаточно",P-other,3,False,1,2,436900.0,177500.0,8,6,0.406271,0.690141,0,0,0.0019211546,2.17962e-05,1,False,1,145000.0,1,False,1.28
100000000850297100,transit,1.0,9,0.4348,"Транзит: получил 18 тыс ₸, отдал 18 тыс ₸ (100%); 100% суммы ушло в течение 2 дн. после поступления",T1,2,False,1,1,17520.0,17520.0,1,1,1.0,1.0,0,1,0.0002939168,0.0,1,False,1,17520.0,0,False,-0.22
100000000860514100,peripheral,0.5,25,0.241,"Получил 12 тыс ₸, отдал 50 тыс ₸ (417%) — отдаёт больше полученного: вероятны поступления извне выборки",P-other,3,False,1,1,12000.0,50000.0,1,1,4.166667,0.0,0,0,0.0003062894,2.00128e-05,1,False,0,0.0,0,False,-0.06
100000000861294100,peripheral,0.7,6,0.3417,"Разовое поступление: 150 тыс ₸ от 1 плательщика, дальше не уходило; сумма мала",P-leaf,2,False,1,0,150000.0,0.0,1,0,0.0,,0,1,0.0003139989,0.0,1,False,0,0.0,0,False,0.21
100000000870121100,peripheral,0.7,13,0.1111,"Разовое поступление: 12 тыс ₸ от 1 плательщика, дальше не уходило; сумма мала",P-leaf,3,False,1,0,12000.0,0.0,1,0,0.0,,0,0,0.0003156748,0.0,1,False,0,0.0,0,False,-0.4
100000000878006100,peripheral,0.7,4,0.1003,"Разовое поступление: 47 тыс ₸ от 1 плательщика, дальше не уходило; сумма мала",P-leaf,3,False,1,0,47003.0,0.0,1,0,0.0,,0,0,0.0002870926,0.0,1,False,0,0.0,0,False,-0.4
100000000896111100,terminal,0.694,23,0.4561,"Конечный получатель: 287 тыс ₸ от 1 плательщиков, исходящих ≥5 тыс ₸ нет; колено 3 — обход здесь не обрывался",E1,3,False,1,0,287100.0,0.0,1,0,0.0,,0,0,0.0003871719,0.0,1,False,0,0.0,0,False,0.77
100000000907277100,peripheral,0.7,1,0.1687,"Разовое поступление: 18 тыс ₸ от 1 плательщика, дальше не уходило; сумма мала",P-leaf,1,False,1,0,17534.0,0.0,1,0,0.0,,1,1,0.0002892495,0.0,1,False,0,0.0,0,False,-0.48
100000000910216100,peripheral,0.5,2,0.4131,"Получил 71 тыс ₸, отдал 52 тыс ₸ (73%) — удерживает часть средств, признаков роли недостаточно",P-other,2,False,1,1,71000.0,52010.0,3,1,0.732535,0.0,0,1,0.0003232395,0.0004801618,1,False,0,0.0,0,False,0.1
100000000912487100,peripheral,0.7,2,0.1609,"Разовое поступление: 10 тыс ₸ от 1 плательщика, дальше не уходило; сумма мала",P-leaf,2,False,1,0,10000.0,0.0,1,0,0.0,,0,1,0.0002916802,0.0,1,False,0,0.0,0,False,-0.31
100000000913911100,peripheral,0.5,2,0.5026,"Получил 467 тыс ₸, отдал 600 тыс ₸ (128%) — удерживает часть средств, признаков роли недостаточно",P-other,2,False,2,1,467000.0,600000.0,2,1,1.284797,0.0,0,1,0.0004594432,1.94184e-05,2,False,0,0.0,0,False,1.39
100000000917179100,peripheral,0.7,14,0.3595,"Разовое поступление: 94 тыс ₸ от 1 плательщика, дальше не уходило; сумма мала",P-leaf,2,False,1,0,94465.0,0.0,2,0,0.0,,0,1,0.0004258625,0.0,1,False,0,0.0,0,False,-0.06
100000000922570100,transit,0.438,11,0.5273,"Транзит: получил 47 тыс ₸, отдал 50 тыс ₸ (106%); 0% суммы ушло в течение 2 дн. после поступления",T1,1,False,1,1,47101.0,50000.0,1,1,1.061549,0.0,1,1,0.0002933859,1.981e-07,1,False,0,0.0,0,False,-0.03
100000000926078100,peripheral,0.4,3,0.307,"Обрыв выгрузки на 4-м колене: получил 250 тыс ₸ от 1; исходящие не выгружены — роль «конечный» не присваиваем, нужна доп. выгрузка",P-trunc,4,False,1,0,250000.0,0.0,1,0,0.0,,0,0,0.0005165636,0.0,1,True,0,0.0,0,False,1.26
100000000926766100,peripheral,0.5,25,0.1476,"Получил 19 тыс ₸, отдал 6 тыс ₸ (32%) — удерживает часть средств, признаков роли недостаточно",P-other,3,False,1,1,18750.0,6000.0,1,1,0.32,1.0,0,0,0.0003179444,0.0,1,False,1,6000.0,0,False,-0.06
100000000933075100,transit,0.489,11,0.5479,"Транзит: получил 40 тыс ₸, отдал 55 тыс ₸ (138%); 73% суммы ушло в течение 2 дн. после поступления",T2,3,False,1,2,40000.0,55000.0,1,2,1.375,0.727273,0,0,0.0008086965,2.13999e-05,1,False,1,40000.0,0,False,0.27
100000000941942100,peripheral,0.7,2,0.3804,"Разовое поступление: 130 тыс ₸ от 1 плательщика, дальше не уходило; сумма мала",P-leaf,1,False,1,0,130000.0,0.0,1,0,0.0,,1,2,0.0003116,0.0,1,False,0,0.0,0,False,0.17
100000000942301100,peripheral,0.7,0,0.1728,"Разовое поступление: 58 тыс ₸ от 1 плательщика, дальше не уходило; сумма мала",P-leaf,3,False,1,0,57580.0,0.0,2,0,0.0,,0,0,0.0003005903,0.0,1,False,0,0.0,0,False,-0.3
100000000943371100,peripheral,0.7,13,0.2146,"Разовое поступление: 16 тыс ₸ от 1 плательщика, дальше не уходило; сумма мала",P-leaf,2,False,1,0,15500.0,0.0,1,0,0.0,,0,1,0.0003059752,0.0,1,False,0,0.0,0,False,-0.31
100000000945428100,peripheral,0.7,0,0.3019,"Разовое поступление: 90 тыс ₸ от 1 плательщика, дальше не уходило; сумма мала",P-leaf,1,False,1,0,89629.0,0.0,1,0,0.0,,1,1,0.0003023884,0.0,1,False,0,0.0,0,False,-0.09
100000000954884100,peripheral,0.7,35,0.1593,"Разовое поступление: 34 тыс ₸ от 1 плательщика, дальше не уходило; сумма мала",P-leaf,3,False,1,0,34000.0,0.0,1,0,0.0,,0,0,0.0003115019,0.0,1,False,0,0.0,0,False,-0.4
100000000955444100,peripheral,0.7,43,0.2235,"Разовое поступление: 7 тыс ₸ от 1 плательщика, дальше не уходило; сумма мала",P-leaf,2,False,1,0,6910.0,0.0,1,0,0.0,,0,1,0.0003525283,0.0,1,False,0,0.0,0,False,-0.31
100000000955529100,peripheral,0.5,2,0.2274,"Получил 27 тыс ₸, отдал 64 тыс ₸ (235%) — отдаёт больше полученного: вероятны поступления извне выборки",P-other,3,False,1,1,27000.0,63500.0,1,1,2.351852,0.0,0,0,0.000295629,3.3685e-06,1,False,0,0.0,0,False,0.0
100000000957746100,peripheral,0.4,16,0.1113,"Обрыв выгрузки на 4-м колене: получил 5 тыс ₸ от 1; исходящие не выгружены — роль «конечный» не присваиваем, нужна доп. выгрузка",P-trunc,4,False,1,0,5300.0,0.0,1,0,0.0,,0,0,0.0003473074,0.0,1,True,0,0.0,0,False,-0.14
100000000961900100,terminal,0.618,0,0.3966,"Конечный получатель: 36 тыс ₸ от 2 плательщиков, исходящих ≥5 тыс ₸ нет; колено 1 — обход здесь не обрывался",E1,1,False,2,0,36000.0,0.0,3,0,0.0,,1,1,0.0002943204,0.0,1,False,0,0.0,0,False,-0.24
100000000967918100,peripheral,0.7,0,0.288,"Разовое поступление: 21 тыс ₸ от 1 плательщика, дальше не уходило; сумма мала",P-leaf,2,False,1,0,21200.0,0.0,3,0,0.0,,0,1,0.000479271,0.0,1,False,0,0.0,0,False,-0.31
100000000968253100,peripheral,0.7,1,0.1559,"Разовое поступление: 15 тыс ₸ от 1 плательщика, дальше не уходило; сумма мала",P-leaf,1,False,1,0,15000.0,0.0,1,0,0.0,,1,1,0.0002887176,0.0,1,False,0,0.0,0,False,-0.48
100000000971908100,peripheral,0.7,6,0.3017,"Разовое поступление: 89 тыс ₸ от 1 плательщика, дальше не уходило; сумма мала",P-leaf,2,False,1,0,89000.0,0.0,1,0,0.0,,0,1,0.0003024375,0.0,1,False,0,0.0,0,False,-0.1
100000000976943100,transit,0.365,9,0.5248,"Транзит: получил 70 тыс ₸, отдал 84 тыс ₸ (120%); 13% суммы ушло в течение 2 дн. после поступления",T1,3,False,1,1,70000.0,84000.0,1,3,1.2,0.130952,0,0,0.0003734614,2.17962e-05,1,False,0,0.0,1,False,0.36
100000000978041100,peripheral,0.7,1,0.2458,"Разовое поступление: 44 тыс ₸ от 1 плательщика, дальше не уходило; сумма мала",P-leaf,1,False,1,0,44445.0,0.0,1,0,0.0,,1,1,0.0002948978,0.0,1,False,0,0.0,0,False,-0.48
100000000979567100,peripheral,0.7,1,0.2608,"Разовое поступление: 10 тыс ₸ от 1 плательщика, дальше не уходило; сумма мала",P-leaf,2,False,1,0,10000.0,0.0,1,0,0.0,,0,1,0.0005307307,0.0,1,False,0,0.0,0,False,-0.31
100000000979923100,peripheral,0.7,9,0.351,"Разовое поступление: 98 тыс ₸ от 1 плательщика, дальше не уходило; сумма мала",P-leaf,1,False,1,0,97900.0,0.0,1,0,0.0,,1,2,0.0003004178,0.0,1,False,0,0.0,0,False,-0.02
100000000981693100,peripheral,0.4,0,0.1726,"Обрыв выгрузки на 4-м колене: получил 16 тыс ₸ от 1; исходящие не выгружены — роль «конечный» не присваиваем, нужна доп. выгрузка",P-trunc,4,False,1,0,16500.0,0.0,1,0,0.0,,0,0,0.0005290815,0.0,1,True,0,0.0,0,False,-0.14
100000000993112100,peripheral,0.7,32,0.3798,"Разовое поступление: 141 тыс ₸ от 1 плательщика, дальше не уходило; сумма мала",P-leaf,2,False,1,0,141000.0,0.0,1,0,0.0,,0,1,0.0004411148,0.0,1,False,0,0.0,0,False,0.18
100000000998559100,peripheral,0.7,2,0.3618,"Разовое поступление: 100 тыс ₸ от 1 плательщика, дальше не уходило; сумма мала",P-leaf,1,False,1,0,100000.0,0.0,1,0,0.0,,1,2,0.0003055929,0.0,1,False,0,0.0,0,False,-0.01
100000001009583100,terminal,0.747,4,0.4099,"Конечный получатель: 394 тыс ₸ от 1 плательщиков, исходящих ≥5 тыс ₸ нет; колено 3 — обход здесь не обрывался",E1,3,False,1,0,393740.0,0.0,1,0,0.0,,0,0,0.0002983301,0.0,1,False,0,0.0,0,False,0.99
100000001046057100,peripheral,0.7,10,0.2124,"Разовое поступление: 83 тыс ₸ от 1 плательщика, дальше не уходило; сумма мала",P-leaf,3,False,1,0,83420.0,0.0,1,0,0.0,,0,0,0.0003185149,0.0,1,False,0,0.0,0,False,-0.05
100000001046626100,peripheral,0.7,4,0.1796,"Разовое поступление: 150 тыс ₸ от 1 плательщика, дальше не уходило; сумма мала",P-leaf,3,False,1,0,150000.0,0.0,1,0,0.0,,0,0,0.0002904307,0.0,1,False,0,0.0,0,False,0.34
100000001049200100,peripheral,0.5,18,0.3759,"Получил 77 тыс ₸, отдал 36 тыс ₸ (47%) — удерживает часть средств, признаков роли недостаточно",P-other,1,False,2,4,76624.0,36000.0,2,5,0.469827,0.0,1,1,0.0002982913,0.0011596534,1,False,4,23042.0,0,False,0.7
100000001052789100,peripheral,0.7,18,0.174,"Разовое поступление: 71 тыс ₸ от 1 плательщика, дальше не уходило; сумма мала",P-leaf,3,False,1,0,70975.0,0.0,1,0,0.0,,0,0,0.0002977071,0.0,1,False,0,0.0,0,False,-0.16
100000001052945100,peripheral,0.5,57,0.351,"Получил 57 тыс ₸, отдал 1,6 млн ₸ (2823%) — отдаёт больше полученного: вероятны поступления извне выборки",P-other,3,False,1,3,56520.0,1595700.0,1,6,28.232484,0.0,0,0,0.0003015448,5.76607e-05,1,False,0,0.0,0,False,1.95
100000001053894100,peripheral,0.4,39,0.3507,"Обрыв выгрузки на 4-м колене: получил 2,0 млн ₸ от 1; исходящие не выгружены — роль «конечный» не присваиваем, нужна доп. выгрузка",P-trunc,4,False,1,0,2000000.0,0.0,7,0,0.0,,0,0,0.0004485492,0.0,1,True,0,0.0,0,False,2.7
100000001056414100,terminal,0.675,12,0.3922,"Конечный получатель: 250 тыс ₸ от 1 плательщиков, исходящих ≥5 тыс ₸ нет; колено 3 — обход здесь не обрывался",E1,3,False,1,0,250000.0,0.0,1,0,0.0,,0,0,0.0002974773,0.0,1,False,0,0.0,0,False,0.68
100000001063678100,peripheral,0.5,22,0.3,"Получил 35 тыс ₸, отдал 90 тыс ₸ (257%) — отдаёт больше полученного: вероятны поступления извне выборки",P-other,3,False,1,2,35000.0,90000.0,1,2,2.571429,0.222222,0,0,0.0003277487,3.96294e-05,1,False,0,0.0,1,False,0.27
100000001065234100,peripheral,0.4,58,0.3306,"Обрыв выгрузки на 4-м колене: получил 360 тыс ₸ от 1; исходящие не выгружены — роль «конечный» не присваиваем, нужна доп. выгрузка",P-trunc,4,False,1,0,360000.0,0.0,1,0,0.0,,0,0,0.0005486948,0.0,1,True,0,0.0,0,False,1.51
100000001065481100,peripheral,0.4,13,0.1609,"Обрыв выгрузки на 4-м колене: получил 16 тыс ₸ от 1; исходящие не выгружены — роль «конечный» не присваиваем, нужна доп. выгрузка",P-trunc,4,False,1,0,16000.0,0.0,2,0,0.0,,0,0,0.0004322657,0.0,1,True,0,0.0,0,False,-0.14
100000001066017100,peripheral,0.5,0,0.2981,"Получил 136 тыс ₸, отдал 82 тыс ₸ (61%) — удерживает часть средств, признаков роли недостаточно",P-other,3,False,2,4,136123.0,82500.0,3,4,0.60607,0.187879,0,0,0.0003012384,7.6881e-05,1,False,0,0.0,2,False,1.28
100000001072022100,terminal,1.0,2,0.678,"Конечный получатель: 1,7 млн ₸ от 3 плательщиков, исходящих ≥5 тыс ₸ нет; колено 1 — обход здесь не обрывался",E1,1,False,3,0,1684000.0,0.0,6,0,0.0,,1,3,0.0005021347,0.0,2,False,0,0.0,0,False,1.91
100000001073568100,peripheral,0.5,14,0.3944,"Получил 707 тыс ₸, отдал 220 тыс ₸ (31%) — удерживает часть средств, признаков роли недостаточно",P-other,3,False,1,2,707465.0,219503.0,4,3,0.310267,1.0,0,0,0.0004855354,1.92202e-05,1,False,0,0.0,2,False,1.56
100000001074553100,terminal,0.614,7,0.408,"Конечный получатель: 29 тыс ₸ от 2 плательщиков, исходящих ≥5 тыс ₸ нет; колено 1 — обход здесь не обрывался",E1,1,False,2,0,28971.0,0.0,2,0,0.0,,2,2,0.0002894988,0.0,1,False,0,0.0,0,False,-0.24
100000001083990100,peripheral,0.7,11,0.3361,"Разовое поступление: 50 тыс ₸ от 1 плательщика, дальше не уходило; сумма мала",P-leaf,2,False,1,0,49900.0,0.0,2,0,0.0,,0,1,0.0005021138,0.0,1,False,0,0.0,0,False,-0.31
100000001089055100,peripheral,0.4,16,0.1234,"Обрыв выгрузки на 4-м колене: получил 13 тыс ₸ от 1; исходящие не выгружены — роль «конечный» не присваиваем, нужна доп. выгрузка",P-trunc,4,False,1,0,13000.0,0.0,1,0,0.0,,0,0,0.0003293077,0.0,1,True,0,0.0,0,False,-0.14
100000001102676100,transit,1.0,2,0.5839,"Транзит: получил 50 тыс ₸, отдал 50 тыс ₸ (100%); 100% суммы ушло в течение 2 дн. после поступления",T1,2,False,1,1,50000.0,50000.0,1,1,1.0,1.0,0,1,0.000313031,2.39758e-05,1,False,0,0.0,1,False,-0.03
100000001103905100,peripheral,0.7,1,0.1715,"Разовое поступление: 18 тыс ₸ от 1 плательщика, дальше не уходило; сумма мала",P-leaf,1,False,1,0,18000.0,0.0,1,0,0.0,,1,1,0.0002893473,0.0,1,False,0,0.0,0,False,-0.48
100000001110358100,terminal,0.616,0,0.2793,"Конечный получатель: 32 тыс ₸ от 2 плательщиков, исходящих ≥5 тыс ₸ нет; колено 3 — обход здесь не обрывался",E1,3,False,2,0,32000.0,0.0,2,0,0.0,,0,0,0.0002929859,0.0,2,False,0,0.0,0,False,-0.06
100000001111763100,peripheral,0.7,1,0.1663,"Разовое поступление: 17 тыс ₸ от 1 плательщика, дальше не уходило; сумма мала",P-leaf,1,False,1,0,17144.0,0.0,1,0,0.0,,1,1,0.0002891676,0.0,1,False,0,0.0,0,False,-0.48
100000001114385100,peripheral,0.7,2,0.2041,"Разовое поступление: 30 тыс ₸ от 1 плательщика, дальше не уходило; сумма мала",P-leaf,2,False,1,0,29500.0,0.0,1,0,0.0,,0,1,0.0002902199,0.0,1,False,0,0.0,0,False,-0.31
100000001126374100,peripheral,0.5,0,0.4171,"Получил 182 тыс ₸, отдал 29 тыс ₸ (16%) — удерживает часть средств, признаков роли недостаточно",P-other,1,False,4,2,182500.0,29200.0,7,4,0.16,0.753425,1,1,0.0003135004,3.92331e-05,1,False,0,0.0,3,False,0.7
100000001130176100,peripheral,0.7,0,0.2067,"Разовое поступление: 25 тыс ₸ от 1 плательщика, дальше не уходило; сумма мала",P-leaf,3,False,1,0,25000.0,0.0,2,0,0.0,,0,0,0.0005580456,0.0,1,False,0,0.0,0,False,-0.4
100000001130553100,peripheral,0.4,4,0.1848,"Обрыв выгрузки на 4-м колене: получил 18 тыс ₸ от 1; исходящие не выгружены — роль «конечный» не присваиваем, нужна доп. выгрузка",P-trunc,4,False,1,0,18000.0,0.0,2,0,0.0,,0,0,0.000543653,0.0,1,True,0,0.0,0,False,-0.14
100000001131403100,peripheral,0.4,57,0.3613,"Обрыв выгрузки на 4-м колене: получил 1,6 млн ₸ от 1; исходящие не выгружены — роль «конечный» не присваиваем, нужна доп. выгрузка",P-trunc,4,False,1,0,1570000.0,0.0,3,0,0.0,,0,0,0.0005380419,0.0,1,True,0,0.0,0,False,2.53
100000001138283100,transit,0.511,3,0.4646,"Транзит: получил 82 тыс ₸, отдал 50 тыс ₸ (61%); 80% суммы ушло в течение 2 дн. после поступления",T2,3,False,1,2,81805.0,50000.0,1,2,0.61121,0.8,0,0,0.0003022133,1.90221e-05,1,False,1,40000.0,0,False,0.27
100000001138376100,peripheral,0.7,15,0.1697,"Разовое поступление: 15 тыс ₸ от 1 плательщика, дальше не уходило; сумма мала",P-leaf,2,False,1,0,15300.0,0.0,1,0,0.0,,0,1,0.0002904369,0.0,1,False,0,0.0,0,False,-0.31
100000001140785100,terminal,0.708,10,0.4152,"Конечный получатель: 215 тыс ₸ от 2 плательщиков, исходящих ≥5 тыс ₸ нет; колено 3 — обход здесь не обрывался",E1,3,False,2,0,215000.0,0.0,2,0,0.0,,0,0,0.0003153467,0.0,2,False,0,0.0,0,False,0.58
100000001141268100,peripheral,0.5,17,0.3666,"Получил 480 тыс ₸, отдал 10 тыс ₸ (2%) — удерживает часть средств, признаков роли недостаточно",P-other,3,False,2,1,480000.0,10000.0,2,1,0.020833,1.0,0,0,0.0003648626,2.23906e-05,2,False,0,0.0,2,False,1.13
100000001145749100,peripheral,0.7,2,0.1476,"Разовое поступление: 10 тыс ₸ от 1 плательщика, дальше не уходило; сумма мала",P-leaf,3,False,1,0,10000.0,0.0,1,0,0.0,,0,0,0.0004785089,0.0,1,False,0,0.0,0,False,-0.4
100000001149815100,peripheral,0.7,1,0.032,"Разовое поступление: 12 тыс ₸ от 1 плательщика, дальше не уходило; сумма мала",P-leaf,3,False,1,0,12000.0,0.0,1,0,0.0,,0,0,0.0002874422,0.0,1,False,0,0.0,0,False,-0.4
100000001155773100,peripheral,0.7,1,0.0718,"Разовое поступление: 22 тыс ₸ от 1 плательщика, дальше не уходило; сумма мала",P-leaf,3,False,1,0,21500.0,0.0,1,0,0.0,,0,0,0.000288925,0.0,1,False,0,0.0,0,False,-0.4
100000001160401100,peripheral,0.7,0,0.1673,"Разовое поступление: 47 тыс ₸ от 1 плательщика, дальше не уходило; сумма мала",P-leaf,3,False,1,0,47190.0,0.0,2,0,0.0,,0,0,0.0003048885,0.0,1,False,0,0.0,0,False,-0.4
100000001162560100,distributor,0.65,7,0.7576,"Веерная рассылка: 2,9 млн ₸ на 12 получателей (14 переводов), плательщиков в выборке: 1",D1,1,False,1,12,331300.0,2904398.0,2,14,8.766671,0.149732,1,1,0.0003211487,2.9722e-06,1,False,0,0.0,2,False,2.36
100000001164648100,terminal,0.607,19,0.3239,"Конечный получатель: 14 тыс ₸ от 2 плательщиков, исходящих ≥5 тыс ₸ нет; колено 1 — обход здесь не обрывался",E1,1,False,2,0,13660.0,0.0,2,0,0.0,,1,1,0.0002901426,0.0,1,False,0,0.0,0,False,-0.24
100000001166289100,peripheral,0.5,1,0.483,"Получил 721 тыс ₸, отдал 25 тыс ₸ (3%) — удерживает часть средств, признаков роли недостаточно",P-other,2,False,2,1,721039.0,25000.0,10,1,0.034672,1.0,0,1,0.0020021281,0.0,1,False,1,25000.0,0,False,1.18
100000001169666100,peripheral,0.5,8,0.3203,"Получил 220 тыс ₸, отдал 24 тыс ₸ (11%) — удерживает часть средств, признаков роли недостаточно",P-other,3,False,1,1,220000.0,24000.0,2,1,0.109091,0.0,0,0,0.0003195447,2.19943e-05,1,False,0,0.0,0,False,0.67
100000001184915100,terminal,0.651,15,0.5393,"Конечный получатель: 201 тыс ₸ от 1 плательщиков, исходящих ≥5 тыс ₸ нет; колено 2 — обход здесь не обрывался",E1,2,False,1,0,201000.0,0.0,2,0,0.0,,0,1,0.0003495156,0.0,1,False,0,0.0,0,False,0.39
100000001194266100,peripheral,0.7,2,0.3049,"Разовое поступление: 50 тыс ₸ от 1 плательщика, дальше не уходило; сумма мала",P-leaf,1,False,1,0,50000.0,0.0,1,0,0.0,,1,2,0.0002955811,0.0,1,False,0,0.0,0,False,-0.48
100000001202637100,peripheral,0.4,8,0.1621,"Обрыв выгрузки на 4-м колене: получил 10 тыс ₸ от 1; исходящие не выгружены — роль «конечный» не присваиваем, нужна доп. выгрузка",P-trunc,4,False,1,0,10000.0,0.0,1,0,0.0,,0,0,0.0005487659,0.0,1,True,0,0.0,0,False,-0.14
100000001202787100,peripheral,0.4,0,0.1369,"Обрыв выгрузки на 4-м колене: получил 15 тыс ₸ от 2; исходящие не выгружены — роль «конечный» не присваиваем, нужна доп. выгрузка",P-trunc,4,False,2,0,14850.0,0.0,2,0,0.0,,0,0,0.0003511449,0.0,1,True,0,0.0,0,False,4.73
100000001220124100,peripheral,0.4,3,0.2269,"Обрыв выгрузки на 4-м колене: получил 40 тыс ₸ от 1; исходящие не выгружены — роль «конечный» не присваиваем, нужна доп. выгрузка",P-trunc,4,False,1,0,40000.0,0.0,1,0,0.0,,0,0,0.0005395566,0.0,1,True,0,0.0,0,False,-0.02
100000001222245100,peripheral,0.4,4,0.3365,"Обрыв выгрузки на 4-м колене: получил 420 тыс ₸ от 1; исходящие не выгружены — роль «конечный» не присваиваем, нужна доп. выгрузка",P-trunc,4,False,1,0,420000.0,0.0,5,0,0.0,,0,0,0.000549163,0.0,1,True,0,0.0,0,False,1.62
100000001222263100,transit,0.42,4,0.5493,"Транзит: получил 746 тыс ₸, отдал 420 тыс ₸ (56%); 71% суммы ушло в течение 2 дн. после поступления",T2,3,False,1,1,745570.0,420000.0,1,5,0.563327,0.714286,0,0,0.0003097326,1.92202e-05,1,False,0,0.0,1,False,1.71
100000001223977100,peripheral,0.5,50,0.1853,"Получил 5 тыс ₸, отдал 18 тыс ₸ (360%) — отдаёт больше полученного: вероятны поступления извне выборки",P-other,3,False,1,1,5000.0,18000.0,1,1,3.6,0.0,0,0,0.0003055413,2.41739e-05,1,False,0,0.0,0,False,-0.06
100000001227106100,peripheral,0.7,4,0.1873,"Разовое поступление: 165 тыс ₸ от 1 плательщика, дальше не уходило; сумма мала",P-leaf,3,False,1,0,164765.0,0.0,1,0,0.0,,0,0,0.0002909092,0.0,1,False,0,0.0,0,False,0.4
100000001229743100,peripheral,0.5,0,0.1026,"Получил 7 тыс ₸, отдал 9 тыс ₸ (129%) — удерживает часть средств, признаков роли недостаточно",P-other,3,False,1,1,7000.0,9000.0,1,1,1.285714,0.0,0,0,0.000288435,1.92202e-05,1,False,0,0.0,0,False,-0.06
100000001232297100,peripheral,0.5,13,0.2439,"Получил 5 тыс ₸, отдал 45 тыс ₸ (900%) — отдаёт больше полученного: вероятны поступления извне выборки",P-other,2,False,1,2,5000.0,45000.0,1,2,9.0,0.0,0,1,0.0002921518,0.0,1,False,2,10000.0,0,False,-0.12
100000001236706100,peripheral,0.5,13,0.3764,"Получил 143 тыс ₸, отдал 36 тыс ₸ (25%) — удерживает часть средств, признаков роли недостаточно",P-other,3,False,3,2,142700.0,36000.0,3,2,0.252278,0.0,0,0,0.0007662915,3.92331e-05,2,False,0,0.0,0,False,0.95
100000001241318100,peripheral,0.7,0,0.3466,"Разовое поступление: 53 тыс ₸ от 1 плательщика, дальше не уходило; сумма мала",P-leaf,2,False,1,0,53000.0,0.0,1,0,0.0,,0,1,0.0005308384,0.0,1,False,0,0.0,0,False,-0.31
100000001246806100,peripheral,0.4,7,0.2827,"Обрыв выгрузки на 4-м колене: получил 130 тыс ₸ от 1; исходящие не выгружены — роль «конечный» не присваиваем, нужна доп. выгрузка",P-trunc,4,False,1,0,130000.0,0.0,1,0,0.0,,0,0,0.0005329768,0.0,1,True,0,0.0,0,False,0.8
100000001248999100,peripheral,0.7,16,0.0769,"Разовое поступление: 23 тыс ₸ от 1 плательщика, дальше не уходило; сумма мала",P-leaf,3,False,1,0,23425.0,0.0,1,0,0.0,,0,0,0.0002892564,0.0,1,False,0,0.0,0,False,-0.4
100000001249054100,peripheral,0.4,8,0.0779,"Обрыв выгрузки на 4-м колене: получил 17 тыс ₸ от 1; исходящие не выгружены — роль «конечный» не присваиваем, нужна доп. выгрузка",P-trunc,4,False,1,0,17375.0,0.0,1,0,0.0,,0,0,0.0002920733,0.0,1,True,0,0.0,0,False,-0.14
100000001250022100,peripheral,0.7,6,0.2553,"Разовое поступление: 50 тыс ₸ от 1 плательщика, дальше не уходило; сумма мала",P-leaf,2,False,1,0,50000.0,0.0,1,0,0.0,,0,1,0.0002950458,0.0,1,False,0,0.0,0,False,-0.31
100000001251686100,peripheral,0.7,2,0.2034,"Разовое поступление: 18 тыс ₸ от 1 плательщика, дальше не уходило; сумма мала",P-leaf,2,False,1,0,18000.0,0.0,1,0,0.0,,0,1,0.0002965688,0.0,1,False,0,0.0,0,False,-0.31
100000001252290100,peripheral,0.5,4,0.2276,"Получил 141 тыс ₸, отдал 5 тыс ₸ (4%) — удерживает часть средств, признаков роли недостаточно",P-other,3,False,1,1,141005.0,5000.0,1,1,0.03546,0.0,0,0,0.0002901391,1.92202e-05,1,False,0,0.0,0,False,0.32
100000001253557100,consolidator,0.85,10,0.7503,"Сбор средств: 210 тыс ₸ от 5 плательщиков (из них seed: 1), дальше ушло 0% полученного",K1,1,False,5,0,210200.0,0.0,5,0,0.0,,1,2,0.0003510659,0.0,1,False,0,0.0,0,False,0.5
100000001256409100,peripheral,0.4,3,0.1554,"Обрыв выгрузки на 4-м колене: получил 8 тыс ₸ от 1; исходящие не выгружены — роль «конечный» не присваиваем, нужна доп. выгрузка",P-trunc,4,False,1,0,8000.0,0.0,1,0,0.0,,0,0,0.0005471648,0.0,1,True,0,0.0,0,False,-0.14
100000001262647100,peripheral,0.7,15,0.2332,"Разовое поступление: 24 тыс ₸ от 1 плательщика, дальше не уходило; сумма мала",P-leaf,2,False,1,0,23650.0,0.0,1,0,0.0,,0,1,0.000303392,0.0,1,False,0,0.0,0,False,-0.31
100000001270349100,terminal,0.65,27,0.4335,"Конечный получатель: 200 тыс ₸ от 1 плательщиков, исходящих ≥5 тыс ₸ нет; колено 3 — обход здесь не обрывался",E1,3,False,1,0,200000.0,0.0,1,0,0.0,,0,0,0.0003553003,0.0,1,False,0,0.0,0,False,0.53
100000001270470100,peripheral,0.4,0,0.1913,"Обрыв выгрузки на 4-м колене: получил 28 тыс ₸ от 1; исходящие не выгружены — роль «конечный» не присваиваем, нужна доп. выгрузка",P-trunc,4,False,1,0,28300.0,0.0,2,0,0.0,,0,0,0.0004297413,0.0,1,True,0,0.0,0,False,-0.14
100000001273783100,peripheral,0.7,9,0.2161,"Разовое поступление: 23 тыс ₸ от 1 плательщика, дальше не уходило; сумма мала",P-leaf,2,False,1,0,23200.0,0.0,1,0,0.0,,0,1,0.0002966231,0.0,1,False,0,0.0,0,False,-0.31
100000001275557100,peripheral,0.4,22,0.1526,"Обрыв выгрузки на 4-м колене: получил 20 тыс ₸ от 1; исходящие не выгружены — роль «конечный» не присваиваем, нужна доп. выгрузка",P-trunc,4,False,1,0,20000.0,0.0,1,0,0.0,,0,0,0.0003475118,0.0,1,True,0,0.0,0,False,-0.14
100000001275752100,peripheral,0.7,7,0.1952,"Разовое поступление: 152 тыс ₸ от 1 плательщика, дальше не уходило; сумма мала",P-leaf,3,False,1,0,151500.0,0.0,1,0,0.0,,0,0,0.0002933745,0.0,1,False,0,0.0,0,False,0.35
100000001276409100,peripheral,0.4,8,0.2229,"Обрыв выгрузки на 4-м колене: получил 95 тыс ₸ от 1; исходящие не выгружены — роль «конечный» не присваиваем, нужна доп. выгрузка",P-trunc,4,False,1,0,94760.0,0.0,1,0,0.0,,0,0,0.0003210407,0.0,1,True,0,0.0,0,False,0.58
100000001279272100,transit,0.522,0,0.5373,"Транзит: получил 250 тыс ₸, отдал 137 тыс ₸ (55%); 95% суммы ушло в течение 2 дн. после поступления",T2,3,False,1,2,250000.0,136758.0,1,2,0.547032,0.950584,0,0,0.0003077399,0.0002991955,1,False,11,273881.0,1,False,0.97
100000001279875100,peripheral,0.7,12,0.2741,"Разовое поступление: 49 тыс ₸ от 1 плательщика, дальше не уходило; сумма мала",P-leaf,2,False,1,0,49235.0,0.0,1,0,0.0,,0,1,0.0003032727,0.0,1,False,0,0.0,0,False,-0.31
100000001280798100,peripheral,0.7,8,0.1044,"Разовое поступление: 24 тыс ₸ от 1 плательщика, дальше не уходило; сумма мала",P-leaf,3,False,1,0,23785.0,0.0,1,0,0.0,,0,0,0.0002944312,0.0,1,False,0,0.0,0,False,-0.4
100000001282143100,consolidator,0.75,12,0.6656,"Сбор средств: 1,7 млн ₸ от 5 плательщиков (из них seed: 0), дальше ушло 0% полученного; до 4 плательщиков в один день",K1,3,False,5,0,1700000.0,0.0,6,0,0.0,,0,0,0.0004017631,0.0,4,False,0,0.0,0,False,1.97
100000001285440100,terminal,0.721,17,0.4257,"Конечный получатель: 243 тыс ₸ от 2 плательщиков, исходящих ≥5 тыс ₸ нет; колено 3 — обход здесь не обрывался",E1,3,False,2,0,243000.0,0.0,2,0,0.0,,0,0,0.0003203648,0.0,2,False,0,0.0,0,False,0.66
100000001286703100,peripheral,0.4,39,0.0574,"Обрыв выгрузки на 4-м колене: получил 20 тыс ₸ от 1; исходящие не выгружены — роль «конечный» не присваиваем, нужна доп. выгрузка",P-trunc,4,False,1,0,20500.0,0.0,1,0,0.0,,0,0,0.0002872398,0.0,1,True,0,0.0,0,False,-0.14
100000001287955100,peripheral,0.5,12,0.406,"Получил 18 тыс ₸, отдал 310 тыс ₸ (1769%) — отдаёт больше полученного: вероятны поступления извне выборки",P-other,2,False,1,4,17520.0,310000.0,1,5,17.694064,0.740968,0,1,0.0002939168,0.0006803042,1,False,0,0.0,2,False,0.68
100000001290243100,peripheral,0.7,5,0.2159,"Разовое поступление: 10 тыс ₸ от 1 плательщика, дальше не уходило; сумма мала",P-leaf,2,False,1,0,10000.0,0.0,1,0,0.0,,0,1,0.000319949,0.0,1,False,0,0.0,0,False,-0.31
100000001297206100,peripheral,0.4,0,0.0686,"Обрыв выгрузки на 4-м колене: получил 7 тыс ₸ от 1; исходящие не выгружены — роль «конечный» не присваиваем, нужна доп. выгрузка",P-trunc,4,False,1,0,6758.0,0.0,1,0,0.0,,0,0,0.000298511,0.0,1,True,0,0.0,0,False,-0.14
100000001298099100,peripheral,0.7,8,0.0846,"Разовое поступление: 19 тыс ₸ от 1 плательщика, дальше не уходило; сумма мала",P-leaf,3,False,1,0,19000.0,0.0,1,0,0.0,,0,0,0.0002926484,0.0,1,False,0,0.0,0,False,-0.4
100000001299323100,peripheral,0.4,7,0.201,"Обрыв выгрузки на 4-м колене: получил 109 тыс ₸ от 1; исходящие не выгружены — роль «конечный» не присваиваем, нужна доп. выгрузка",P-trunc,4,False,1,0,109000.0,0.0,1,0,0.0,,0,0,0.0002999091,0.0,1,True,0,0.0,0,False,0.68
100000001299443100,peripheral,0.4,19,0.0383,"Обрыв выгрузки на 4-м колене: получил 8 тыс ₸ от 1; исходящие не выгружены — роль «конечный» не присваиваем, нужна доп. выгрузка",P-trunc,4,False,1,0,8000.0,0.0,1,0,0.0,,0,0,0.0002898505,0.0,1,True,0,0.0,0,False,-0.14
100000001299828100,peripheral,0.4,0,0.2773,"Обрыв выгрузки на 4-м колене: получил 100 тыс ₸ от 1; исходящие не выгружены — роль «конечный» не присваиваем, нужна доп. выгрузка",P-trunc,4,False,1,0,100000.0,0.0,1,0,0.0,,0,0,0.000547263,0.0,1,True,0,0.0,0,False,0.62
100000001303311100,consolidator,0.75,17,0.6736,"Сбор средств: 1,3 млн ₸ от 5 плательщиков (из них seed: 0), дальше ушло 0% полученного; до 4 плательщиков в один день",K1,3,False,5,0,1324000.0,0.0,5,0,0.0,,0,0,0.0005016994,0.0,4,False,0,0.0,0,False,1.8
100000001307612100,peripheral,0.7,1,0.235,"Разовое поступление: 38 тыс ₸ от 1 плательщика, дальше не уходило; сумма мала",P-leaf,1,False,1,0,38483.0,0.0,1,0,0.0,,1,1,0.0002936464,0.0,1,False,0,0.0,0,False,-0.48
100000001308856100,peripheral,0.7,1,0.2213,"Разовое поступление: 27 тыс ₸ от 1 плательщика, дальше не уходило; сумма мала",P-leaf,2,False,1,0,27000.0,0.0,1,0,0.0,,0,1,0.0002947395,0.0,1,False,0,0.0,0,False,-0.31
100000001311175100,peripheral,0.4,12,0.317,"Обрыв выгрузки на 4-м колене: получил 300 тыс ₸ от 1; исходящие не выгружены — роль «конечный» не присваиваем, нужна доп. выгрузка",P-trunc,4,False,1,0,300000.0,0.0,1,0,0.0,,0,0,0.0005315145,0.0,1,True,0,0.0,0,False,1.38
100000001317336100,peripheral,0.5,31,0.3877,"Получил 131 тыс ₸, отдал 1,8 млн ₸ (1335%) — отдаёт больше полученного: вероятны поступления извне выборки",P-other,3,False,1,2,131196.0,1752000.0,1,3,13.354066,0.0,0,0,0.0003438491,4.00257e-05,1,False,0,0.0,0,False,2.03
100000001325618100,peripheral,0.4,19,0.0446,"Обрыв выгрузки на 4-м колене: получил 9 тыс ₸ от 1; исходящие не выгружены — роль «конечный» не присваиваем, нужна доп. выгрузка",P-trunc,4,False,1,0,9300.0,0.0,1,0,0.0,,0,0,0.0002905462,0.0,1,True,0,0.0,0,False,-0.14
100000001329153100,peripheral,0.7,0,0.1975,"Разовое поступление: 151 тыс ₸ от 1 плательщика, дальше не уходило; сумма мала",P-leaf,3,False,1,0,150687.0,0.0,1,0,0.0,,0,0,0.000294056,0.0,1,False,0,0.0,0,False,0.34
100000001330595100,peripheral,0.5,24,0.4784,"Получил 87 тыс ₸, отдал 154 тыс ₸ (177%) — отдаёт больше полученного: вероятны поступления извне выборки",P-other,2,False,3,1,87000.0,154000.0,6,1,1.770115,0.0,0,1,0.0006755694,1.1889e-06,2,False,0,0.0,0,False,0.5
100000001330685100,peripheral,0.5,4,0.5094,"Получил 2,4 млн ₸, отдал 100 тыс ₸ (4%) — удерживает часть средств, признаков роли недостаточно",P-other,1,False,3,1,2435923.0,100500.0,7,1,0.041257,0.0,1,1,0.000438216,1.92202e-05,2,False,0,0.0,0,False,2.19
100000001339466100,peripheral,0.7,2,0.2495,"Разовое поступление: 30 тыс ₸ от 1 плательщика, дальше не уходило; сумма мала",P-leaf,2,False,1,0,30000.0,0.0,1,0,0.0,,0,1,0.0003039019,0.0,1,False,0,0.0,0,False,-0.31
100000001346560100,peripheral,0.5,2,0.4379,"Получил 10 тыс ₸, отдал 22 тыс ₸ (222%) — отдаёт больше полученного: вероятны поступления извне выборки",P-other,2,False,2,1,10000.0,22200.0,2,1,2.22,1.0,0,2,0.0005866163,2.57591e-05,1,False,0,0.0,1,False,-0.12
100000001362940100,peripheral,0.7,2,0.3429,"Разовое поступление: 81 тыс ₸ от 1 плательщика, дальше не уходило; сумма мала",P-leaf,1,False,1,0,81000.0,0.0,1,0,0.0,,1,2,0.0003017884,0.0,1,False,0,0.0,0,False,-0.15
100000001363952100,peripheral,0.5,3,0.4118,"Получил 197 тыс ₸, отдал 91 тыс ₸ (46%) — удерживает часть средств, признаков роли недостаточно",P-other,1,False,2,1,196655.0,91000.0,2,2,0.462739,0.10989,1,1,0.0003070953,1.92202e-05,1,False,0,0.0,1,False,0.71
100000001373265100,peripheral,0.5,3,0.2864,"Получил 142 тыс ₸, отдал 5 тыс ₸ (4%) — удерживает часть средств, признаков роли недостаточно",P-other,3,False,1,1,142482.0,5000.0,1,1,0.035092,0.0,0,0,0.0003145585,1.92202e-05,1,False,0,0.0,0,False,0.33
100000001378288100,peripheral,0.4,3,0.3099,"Обрыв выгрузки на 4-м колене: получил 268 тыс ₸ от 1; исходящие не выгружены — роль «конечный» не присваиваем, нужна доп. выгрузка",P-trunc,4,False,1,0,268000.0,0.0,3,0,0.0,,0,0,0.0005234509,0.0,1,True,0,0.0,0,False,1.3
100000001379511100,peripheral,0.7,10,0.1821,"Разовое поступление: 55 тыс ₸ от 1 плательщика, дальше не уходило; сумма мала",P-leaf,3,False,1,0,55000.0,0.0,1,0,0.0,,0,0,0.0003072908,0.0,1,False,0,0.0,0,False,-0.33
100000001380054100,peripheral,0.5,29,0.5079,"Получил 127 тыс ₸, отдал 360 тыс ₸ (283%) — отдаёт больше полученного: вероятны поступления извне выборки",P-other,1,False,2,3,127050.0,360000.0,2,4,2.83353,0.555556,1,1,0.0007164305,2.7741e-06,1,False,2,127050.0,1,False,1.07
100000001380107100,peripheral,0.7,55,0.0402,"Разовое поступление: 6 тыс ₸ от 1 плательщика, дальше не уходило; сумма мала",P-leaf,3,False,1,0,6000.0,0.0,1,0,0.0,,0,0,0.0002909485,0.0,1,False,0,0.0,0,False,-0.4
100000001380986100,peripheral,0.7,7,0.2615,"Разовое поступление: 70 тыс ₸ от 1 плательщика, дальше не уходило; сумма мала",P-leaf,2,False,1,0,70170.0,0.0,1,0,0.0,,0,1,0.0002921723,0.0,1,False,0,0.0,0,False,-0.24
100000001382002100,transit,0.473,0,0.6021,"Транзит: получил 55 тыс ₸, отдал 56 тыс ₸ (103%); 0% суммы ушло в течение 2 дн. после поступления",T1,2,False,1,1,55000.0,56500.0,2,3,1.027273,0.0,0,1,0.0006633074,0.0,1,False,1,55000.0,0,False,0.04
100000001384826100,peripheral,0.5,4,0.2959,"Получил 364 тыс ₸, отдал 10 тыс ₸ (3%) — удерживает часть средств, признаков роли недостаточно",P-other,3,False,1,1,364260.0,10000.0,1,1,0.027453,0.0,0,0,0.0002973747,1.92202e-05,1,False,0,0.0,0,False,0.95
100000001386612100,peripheral,0.7,20,0.3905,"Разовое поступление: 62 тыс ₸ от 1 плательщика, дальше не уходило; сумма мала",P-leaf,2,False,1,0,62264.0,0.0,1,0,0.0,,0,2,0.0004337701,0.0,1,False,0,0.0,0,False,-0.31
100000001389255100,peripheral,0.7,1,0.1633,"Разовое поступление: 16 тыс ₸ от 1 плательщика, дальше не уходило; сумма мала",P-leaf,1,False,1,0,16136.0,0.0,1,0,0.0,,1,1,0.0002889561,0.0,1,False,0,0.0,0,False,-0.48
100000001411870100,terminal,1.0,6,0.6579,"Конечный получатель: 900 тыс ₸ от 2 плательщиков, исходящих ≥5 тыс ₸ нет; колено 1 — обход здесь не обрывался",E1,1,False,2,0,900000.0,0.0,4,0,0.0,,1,2,0.0004780448,0.0,1,False,0,0.0,0,False,1.49
100000001415126100,peripheral,0.6,20,0.187,Seed-клиент: отправил 0 ₸ на 0 получателей; признаков сбора или веера нет,P-seed,0,True,1,0,27000.0,0.0,1,0,,,0,0,0.0004096189,0.0,1,False,0,0.0,0,False,0.11
100000001418900100,peripheral,0.7,1,0.2537,"Разовое поступление: 40 тыс ₸ от 1 плательщика, дальше не уходило; сумма мала",P-leaf,2,False,1,0,40140.0,0.0,2,0,0.0,,0,1,0.0002992023,0.0,1,False,0,0.0,0,False,-0.31
100000001420847100,peripheral,0.7,18,0.2233,"Разовое поступление: 20 тыс ₸ от 1 плательщика, дальше не уходило; сумма мала",P-leaf,2,False,1,0,20000.0,0.0,2,0,0.0,,0,1,0.0003028257,0.0,1,False,0,0.0,0,False,-0.31
100000001427082100,peripheral,0.5,21,0.3344,"Получил 5 тыс ₸, отдал 125 тыс ₸ (2498%) — отдаёт больше полученного: вероятны поступления извне выборки",P-other,3,False,1,5,5000.0,124900.0,1,6,24.98,0.0,0,0,0.0004392451,7.84662e-05,1,False,0,0.0,0,False,1.28
100000001429930100,peripheral,0.6,13,0.1688,Seed-клиент: отправил 0 ₸ на 0 получателей; признаков сбора или веера нет,P-seed,0,True,1,0,26000.0,0.0,1,0,,,0,0,0.0003507979,0.0,1,False,0,0.0,0,False,0.11
100000001439416100,peripheral,0.5,0,0.3159,"Получил 10 тыс ₸, отдал 165 тыс ₸ (1650%) — отдаёт больше полученного: вероятны поступления извне выборки",P-other,3,False,1,2,10000.0,165000.0,1,3,16.5,0.0,0,0,0.0003408997,1.98147e-05,1,False,1,10000.0,0,False,0.44
100000001445848100,peripheral,0.5,35,0.3675,"Получил 546 тыс ₸, отдал 352 тыс ₸ (64%) — удерживает часть средств, признаков роли недостаточно",P-other,3,False,1,1,546000.0,351850.0,13,14,0.644414,0.686372,0,0,0.0007020167,0.0,1,False,1,351850.0,0,True,1.54
100000001463701100,terminal,0.91,9,0.6694,"Конечный получатель: 621 тыс ₸ от 2 плательщиков, исходящих ≥5 тыс ₸ нет; колено 1 — обход здесь не обрывался",E1,1,False,2,0,621000.0,0.0,2,0,0.0,,1,2,0.0005722109,0.0,2,False,0,0.0,0,False,1.23
100000001471706100,peripheral,0.4,20,0.33,"Обрыв выгрузки на 4-м колене: получил 377 тыс ₸ от 1; исходящие не выгружены — роль «конечный» не присваиваем, нужна доп. выгрузка",P-trunc,4,False,1,0,377000.0,0.0,8,0,0.0,,0,0,0.0005401265,0.0,1,True,0,0.0,0,False,1.54
100000001477796100,terminal,0.641,2,0.5253,"Конечный получатель: 182 тыс ₸ от 1 плательщиков, исходящих ≥5 тыс ₸ нет; колено 1 — обход здесь не обрывался",E1,1,False,1,0,182000.0,0.0,1,0,0.0,,1,1,0.0003306619,0.0,1,False,0,0.0,0,False,0.4
100000001484381100,terminal,0.648,8,0.386,"Конечный получатель: 96 тыс ₸ от 2 плательщиков, исходящих ≥5 тыс ₸ нет; колено 3 — обход здесь не обрывался",E1,3,False,2,0,95585.0,0.0,4,0,0.0,,0,0,0.000321308,0.0,1,False,0,0.0,0,False,0.04
100000001490461100,peripheral,0.5,8,0.316,"Получил 20 тыс ₸, отдал 5 тыс ₸ (25%) — удерживает часть средств, признаков роли недостаточно",P-other,2,False,1,1,20000.0,5000.0,1,1,0.25,0.0,0,1,0.0003209904,2.19943e-05,1,False,0,0.0,0,False,-0.22
100000001498732100,peripheral,0.4,51,0.0298,"Обрыв выгрузки на 4-м колене: получил 6 тыс ₸ от 1; исходящие не выгружены — роль «конечный» не присваиваем, нужна доп. выгрузка",P-trunc,4,False,1,0,5500.0,0.0,1,0,0.0,,0,0,0.0002894096,0.0,1,True,0,0.0,0,False,-0.14
100000001524952100,peripheral,0.7,0,0.3157,"Разовое поступление: 104 тыс ₸ от 1 плательщика, дальше не уходило; сумма мала",P-leaf,1,False,1,0,103807.0,0.0,1,0,0.0,,1,1,0.0003050489,0.0,1,False,0,0.0,0,False,0.01
100000001526235100,peripheral,0.5,25,0.5363,"Получил 82 тыс ₸, отдал 433 тыс ₸ (528%) — отдаёт больше полученного: вероятны поступления извне выборки",P-other,2,False,3,8,82000.0,432750.0,4,9,5.277439,0.134604,0,1,0.0008778562,0.0002566002,1,False,3,34000.0,2,False,0.95
100000001527186100,terminal,0.889,2,0.6452,"Конечный получатель: 678 тыс ₸ от 1 плательщиков, исходящих ≥5 тыс ₸ нет; колено 1 — обход здесь не обрывался",E1,1,False,1,0,678000.0,0.0,2,0,0.0,,1,2,0.0004213296,0.0,1,False,0,0.0,0,False,1.29
100000001530709100,peripheral,0.7,0,0.121,"Разовое поступление: 54 тыс ₸ от 1 плательщика, дальше не уходило; сумма мала",P-leaf,3,False,1,0,53961.0,0.0,1,0,0.0,,0,0,0.0002886084,0.0,1,False,0,0.0,0,False,-0.34
100000001530740100,peripheral,0.7,5,0.2738,"Разовое поступление: 15 тыс ₸ от 1 плательщика, дальше не уходило; сумма мала",P-leaf,2,False,1,0,15000.0,0.0,1,0,0.0,,0,1,0.0005298197,0.0,1,False,0,0.0,0,False,-0.31
100000001530983100,distributor,0.642,5,0.8403,"Веерная рассылка: 1,8 млн ₸ на 11 получателей (17 переводов), плательщиков в выборке: 4",D1,1,False,4,11,564158.0,1829538.0,4,17,3.242953,0.156482,2,2,0.0003560903,0.0003320721,1,False,0,0.0,3,False,2.83
100000001533161100,peripheral,0.4,44,0.2283,"Обрыв выгрузки на 4-м колене: получил 100 тыс ₸ от 1; исходящие не выгружены — роль «конечный» не присваиваем, нужна доп. выгрузка",P-trunc,4,False,1,0,100000.0,0.0,1,0,0.0,,0,0,0.0003244428,0.0,1,True,0,0.0,0,False,0.62
100000001534244100,peripheral,0.5,7,0.3511,"Получил 366 тыс ₸, отдал 45 тыс ₸ (12%) — удерживает часть средств, признаков роли недостаточно",P-other,3,False,2,1,366000.0,45000.0,2,1,0.122951,0.0,0,0,0.0003415071,2.1598e-05,2,False,0,0.0,0,False,1.02
100000001537524100,peripheral,0.4,12,0.2095,"Обрыв выгрузки на 4-м колене: получил 150 тыс ₸ от 1; исходящие не выгружены — роль «конечный» не присваиваем, нужна доп. выгрузка",P-trunc,4,False,1,0,150000.0,0.0,1,0,0.0,,0,0,0.0002986714,0.0,1,True,0,0.0,0,False,0.9
100000001538095100,terminal,0.74,12,0.4362,"Конечный получатель: 280 тыс ₸ от 2 плательщиков, исходящих ≥5 тыс ₸ нет; колено 3 — обход здесь не обрывался",E1,3,False,2,0,280000.0,0.0,2,0,0.0,,0,0,0.0003301352,0.0,2,False,0,0.0,0,False,0.76
100000001541418100,terminal,0.648,7,0.4712,"Конечный получатель: 97 тыс ₸ от 2 плательщиков, исходящих ≥5 тыс ₸ нет; колено 2 — обход здесь не обрывался",E1,2,False,2,0,96900.0,0.0,2,0,0.0,,0,1,0.0003035306,0.0,1,False,0,0.0,0,False,-0.05
100000001549194100,peripheral,0.7,14,0.1523,"Разовое поступление: 46 тыс ₸ от 1 плательщика, дальше не уходило; сумма мала",P-leaf,3,False,1,0,46500.0,0.0,1,0,0.0,,0,0,0.0002987126,0.0,1,False,0,0.0,0,False,-0.4
100000001550388100,peripheral,0.7,0,0.2552,"Разовое поступление: 50 тыс ₸ от 1 плательщика, дальше не уходило; сумма мала",P-leaf,1,False,1,0,50000.0,0.0,1,0,0.0,,1,1,0.0002949519,0.0,1,False,0,0.0,0,False,-0.48
100000001550419100,peripheral,0.7,14,0.092,"Разовое поступление: 23 тыс ₸ от 1 плательщика, дальше не уходило; сумма мала",P-leaf,3,False,1,0,23000.0,0.0,1,0,0.0,,0,0,0.0002920703,0.0,1,False,0,0.0,0,False,-0.4
100000001554432100,peripheral,0.7,2,0.313,"Разовое поступление: 54 тыс ₸ от 1 плательщика, дальше не уходило; сумма мала",P-leaf,1,False,1,0,53920.0,0.0,1,0,0.0,,1,2,0.000296366,0.0,1,False,0,0.0,0,False,-0.43
100000001557930100,peripheral,0.7,6,0.2234,"Разовое поступление: 35 тыс ₸ от 1 плательщика, дальше не уходило; сумма мала",P-leaf,2,False,1,0,34610.0,0.0,1,0,0.0,,0,1,0.000292129,0.0,1,False,0,0.0,0,False,-0.31
100000001567366100,terminal,0.962,5,0.5925,"Конечный получатель: 824 тыс ₸ от 1 плательщиков, исходящих ≥5 тыс ₸ нет; колено 1 — обход здесь не обрывался",E1,1,False,1,0,824070.0,0.0,4,0,0.0,,1,1,0.0003741717,0.0,1,False,0,0.0,0,False,1.43
100000001578517100,peripheral,0.7,5,0.2556,"Разовое поступление: 30 тыс ₸ от 1 плательщика, дальше не уходило; сумма мала",P-leaf,2,False,1,0,30000.0,0.0,1,0,0.0,,0,2,0.0002905383,0.0,1,False,0,0.0,0,False,-0.31
100000001584286100,terminal,0.969,12,0.5726,"Конечный получатель: 739 тыс ₸ от 2 плательщиков, исходящих ≥5 тыс ₸ нет; колено 2 — обход здесь не обрывался",E1,2,False,2,0,738699.0,0.0,3,0,0.0,,0,1,0.000328485,0.0,1,False,0,0.0,0,False,1.17
100000001590795100,peripheral,0.4,19,0.019,"Обрыв выгрузки на 4-м колене: получил 5 тыс ₸ от 1; исходящие не выгружены — роль «конечный» не присваиваем, нужна доп. выгрузка",P-trunc,4,False,1,0,5060.0,0.0,1,0,0.0,,0,0,0.0002882772,0.0,1,True,0,0.0,0,False,-0.14
100000001597424100,peripheral,0.7,14,0.1564,"Разовое поступление: 48 тыс ₸ от 1 плательщика, дальше не уходило; сумма мала",P-leaf,3,False,1,0,48100.0,0.0,1,0,0.0,,0,0,0.0002991648,0.0,1,False,0,0.0,0,False,-0.4
100000001597505100,peripheral,0.5,32,0.3259,"Получил 26 тыс ₸, отдал 13 тыс ₸ (49%) — удерживает часть средств, признаков роли недостаточно",P-other,2,False,1,1,26460.0,12920.0,1,1,0.488284,0.0,0,1,0.0003147589,9.7885e-06,1,False,0,0.0,0,False,-0.22
100000001598625100,peripheral,0.4,3,0.1839,"Обрыв выгрузки на 4-м колене: получил 25 тыс ₸ от 1; исходящие не выгружены — роль «конечный» не присваиваем, нужна доп. выгрузка",P-trunc,4,False,1,0,25000.0,0.0,1,0,0.0,,0,0,0.0004288818,0.0,1,True,0,0.0,0,False,-0.14
100000001600934100,peripheral,0.5,3,0.3309,"Получил 180 тыс ₸, отдал 11 тыс ₸ (6%) — удерживает часть средств, признаков роли недостаточно",P-other,3,False,1,1,180300.0,11000.0,2,1,0.061009,0.0,0,0,0.0023668518,0.0,1,False,1,11000.0,0,False,0.5
100000001601320100,transit,0.438,6,0.6394,"Транзит: получил 44 тыс ₸, отдал 46 тыс ₸ (106%); 0% суммы ушло в течение 2 дн. после поступления",T1,2,False,2,1,43500.0,46200.0,2,1,1.062069,0.0,0,1,0.0008117637,9.907e-07,1,False,0,0.0,0,False,-0.09
100000001609499100,peripheral,0.5,0,0.4444,"Получил 263 тыс ₸, отдал 21 тыс ₸ (8%) — удерживает часть средств, признаков роли недостаточно",P-other,1,False,3,2,263113.0,21000.0,3,2,0.079814,0.47619,1,1,0.000320914,0.0001842232,1,False,123,1258668.0,2,False,0.7
100000001611488100,terminal,0.99,4,0.5313,"Конечный получатель: 779 тыс ₸ от 2 плательщиков, исходящих ≥5 тыс ₸ нет; колено 3 — обход здесь не обрывался",E1,3,False,2,0,779300.0,0.0,3,0,0.0,,0,0,0.0008775369,0.0,1,False,0,0.0,0,False,1.44
100000001616816100,consolidator,0.75,6,0.9078,Сбор средств: 176 тыс ₸ от 5 плательщиков (из них seed: 0),K1,0,True,5,3,176195.0,181326.0,12,10,,0.693921,0,3,0.0024346572,0.000104701,1,False,2,122195.0,4,True,0.58
100000001632325100,peripheral,0.7,1,0.1844,"Разовое поступление: 86 тыс ₸ от 1 плательщика, дальше не уходило; сумма мала",P-leaf,3,False,1,0,85600.0,0.0,3,0,0.0,,0,0,0.0002989296,0.0,1,False,0,0.0,0,False,-0.04
100000001633685100,terminal,0.672,0,0.4341,"Конечный получатель: 45 тыс ₸ от 3 плательщиков, исходящих ≥5 тыс ₸ нет; колено 2 — обход здесь не обрывался",E1,2,False,3,0,45000.0,0.0,3,0,0.0,,0,1,0.0003061866,0.0,1,False,0,0.0,0,False,-0.12
100000001637376100,peripheral,0.5,4,0.2596,"Получил 117 тыс ₸, отдал 234 тыс ₸ (201%) — отдаёт больше полученного: вероятны поступления извне выборки",P-other,3,False,1,1,116700.0,234250.0,1,2,2.007284,0.495197,0,0,0.0002893514,1.92202e-05,1,False,0,0.0,1,False,0.91
100000001639766100,peripheral,0.7,6,0.2005,"Разовое поступление: 20 тыс ₸ от 1 плательщика, дальше не уходило; сумма мала",P-leaf,3,False,1,0,20000.0,0.0,1,0,0.0,,0,0,0.0006506629,0.0,1,False,0,0.0,0,False,-0.4
100000001641789100,peripheral,0.7,6,0.2788,"Разовое поступление: 18 тыс ₸ от 1 плательщика, дальше не уходило; сумма мала",P-leaf,1,False,1,0,17826.0,0.0,1,0,0.0,,1,1,0.0004895828,0.0,1,False,0,0.0,0,False,-0.48
100000001641951100,peripheral,0.7,2,0.3048,"Разовое поступление: 25 тыс ₸ от 1 плательщика, дальше не уходило; сумма мала",P-leaf,2,False,1,0,25000.0,0.0,4,0,0.0,,0,2,0.0003190639,0.0,1,False,0,0.0,0,False,-0.31
100000001648936100,peripheral,0.7,6,0.3056,"Разовое поступление: 93 тыс ₸ от 1 плательщика, дальше не уходило; сумма мала",P-leaf,2,False,1,0,92740.0,0.0,1,0,0.0,,0,1,0.0003031464,0.0,1,False,0,0.0,0,False,-0.07
100000001650895100,peripheral,0.5,8,0.2901,"Получил 154 тыс ₸, отдал 10 тыс ₸ (7%) — удерживает часть средств, признаков роли недостаточно",P-other,3,False,1,1,153500.0,10000.0,1,1,0.065147,0.0,0,0,0.0003092749,2.19943e-05,1,False,0,0.0,0,False,0.4
100000001660397100,transit,0.869,0,0.5613,"Транзит: получил 49 тыс ₸, отдал 49 тыс ₸ (101%); 76% суммы ушло в течение 2 дн. после поступления",T1,1,False,2,3,48600.0,49000.0,2,4,1.00823,0.755102,1,1,0.0002951523,0.0005032951,1,False,223,3106135.0,2,False,0.47
100000001669260100,peripheral,0.4,3,0.3466,"Обрыв выгрузки на 4-м колене: получил 500 тыс ₸ от 1; исходящие не выгружены — роль «конечный» не присваиваем, нужна доп. выгрузка",P-trunc,4,False,1,0,500000.0,0.0,1,0,0.0,,0,0,0.0005601154,0.0,1,True,0,0.0,0,False,1.74
100000001674850100,terminal,0.719,10,0.4177,"Конечный получатель: 237 тыс ₸ от 2 плательщиков, исходящих ≥5 тыс ₸ нет; колено 3 — обход здесь не обрывался",E1,3,False,2,0,237000.0,0.0,2,0,0.0,,0,0,0.0003140936,0.0,2,False,0,0.0,0,False,0.65
100000001677389100,peripheral,0.5,16,0.1048,"Получил 11 тыс ₸, отдал 5 тыс ₸ (49%) — удерживает часть средств, признаков роли недостаточно",P-other,3,False,1,1,11000.0,5400.0,1,1,0.490909,0.0,0,0,0.000288631,1.92202e-05,1,False,0,0.0,0,False,-0.06
100000001677929100,peripheral,0.5,6,0.5145,"Получил 127 тыс ₸, отдал 286 тыс ₸ (226%) — отдаёт больше полученного: вероятны поступления извне выборки",P-other,2,False,3,2,126777.0,286098.0,3,4,2.256703,0.27053,0,1,0.003334092,1.1889e-06,1,False,2,81777.0,0,False,0.82
100000001680944100,terminal,0.747,17,0.4558,"Конечный получатель: 393 тыс ₸ от 1 плательщиков, исходящих ≥5 тыс ₸ нет; колено 3 — обход здесь не обрывался",E1,3,False,1,0,393000.0,0.0,1,0,0.0,,0,0,0.0003455899,0.0,1,False,0,0.0,0,False,0.99
100000001684867100,peripheral,0.7,5,0.1989,"Разовое поступление: 31 тыс ₸ от 1 плательщика, дальше не уходило; сумма мала",P-leaf,1,False,1,0,30550.0,0.0,1,0,0.0,,1,1,0.000288854,0.0,1,False,0,0.0,0,False,-0.48
100000001686328100,peripheral,0.7,7,0.2333,"Разовое поступление: 140 тыс ₸ от 1 плательщика, дальше не уходило; сумма мала",P-leaf,3,False,1,0,140000.0,0.0,1,0,0.0,,0,0,0.0003150544,0.0,1,False,0,0.0,0,False,0.29
100000001688676100,peripheral,0.7,18,0.2228,"Разовое поступление: 134 тыс ₸ от 1 плательщика, дальше не уходило; сумма мала",P-leaf,3,False,1,0,133700.0,0.0,1,0,0.0,,0,0,0.000308434,0.0,1,False,0,0.0,0,False,0.26
100000001689968100,terminal,0.822,4,0.448,"Конечный получатель: 344 тыс ₸ от 3 плательщиков, исходящих ≥5 тыс ₸ нет; колено 3 — обход здесь не обрывался",E1,3,False,3,0,344333.75,0.0,3,0,0.0,,0,0,0.0003391431,0.0,1,False,0,0.0,0,False,0.9
100000001690439100,peripheral,0.7,4,0.1587,"Разовое поступление: 14 тыс ₸ от 1 плательщика, дальше не уходило; сумма мала",P-leaf,3,False,1,0,14200.0,0.0,1,0,0.0,,0,0,0.0004770673,0.0,1,False,0,0.0,0,False,-0.4
100000001690558100,terminal,0.92,18,0.4914,"Конечный получатель: 740 тыс ₸ от 1 плательщиков, исходящих ≥5 тыс ₸ нет; колено 3 — обход здесь не обрывался",E1,3,False,1,0,740000.0,0.0,1,0,0.0,,0,0,0.0004121206,0.0,1,False,0,0.0,0,False,1.41
100000001696818100,peripheral,0.7,2,0.2705,"Разовое поступление: 54 тыс ₸ от 1 плательщика, дальше не уходило; сумма мала",P-leaf,1,False,1,0,53550.0,0.0,1,0,0.0,,1,1,0.0002988369,0.0,1,False,0,0.0,0,False,-0.44
100000001697501100,distributor,0.867,1,0.8288,"Веерная рассылка: 1,5 млн ₸ на 38 получателей (55 переводов), плательщиков в выборке: 3",D1,1,False,3,38,123700.0,1482606.0,3,55,11.985497,0.458247,1,1,0.0005916045,0.0002054783,1,False,3,123700.0,13,True,8.98
100000001703168100,peripheral,0.5,2,0.3441,"Получил 45 тыс ₸, отдал 90 тыс ₸ (200%) — отдаёт больше полученного: вероятны поступления извне выборки",P-other,2,False,1,1,45000.0,90000.0,1,1,2.0,1.0,0,1,0.0002926634,1.92202e-05,1,False,0,0.0,1,False,0.15
100000001714173100,terminal,0.869,17,0.5156,"Конечный получатель: 639 тыс ₸ от 1 плательщиков, исходящих ≥5 тыс ₸ нет; колено 3 — обход здесь не обрывался",E1,3,False,1,0,638905.0,0.0,6,0,0.0,,0,0,0.0005706777,0.0,1,False,0,0.0,0,False,1.31
100000001714413100,terminal,0.675,4,0.3805,"Конечный получатель: 250 тыс ₸ от 1 плательщиков, исходящих ≥5 тыс ₸ нет; колено 3 — обход здесь не обрывался",E1,3,False,1,0,250172.0,0.0,1,0,0.0,,0,0,0.0002936772,0.0,1,False,0,0.0,0,False,0.68
100000001714883100,peripheral,0.4,19,0.0318,"Обрыв выгрузки на 4-м колене: получил 7 тыс ₸ от 1; исходящие не выгружены — роль «конечный» не присваиваем, нужна доп. выгрузка",P-trunc,4,False,1,0,6900.0,0.0,1,0,0.0,,0,0,0.0002892618,0.0,1,True,0,0.0,0,False,-0.14
100000001716579100,peripheral,0.7,1,0.15,"Разовое поступление: 14 тыс ₸ от 1 плательщика, дальше не уходило; сумма мала",P-leaf,1,False,1,0,13916.0,0.0,1,0,0.0,,1,1,0.0002884901,0.0,1,False,0,0.0,0,False,-0.48
100000001724740100,peripheral,0.4,7,0.2999,"Обрыв выгрузки на 4-м колене: получил 185 тыс ₸ от 1; исходящие не выгружены — роль «конечный» не присваиваем, нужна доп. выгрузка",P-trunc,4,False,1,0,185000.0,0.0,4,0,0.0,,0,0,0.0005364804,0.0,1,True,0,0.0,0,False,1.05
100000001726614100,peripheral,0.7,0,0.2039,"Разовое поступление: 139 тыс ₸ от 1 плательщика, дальше не уходило; сумма мала",P-leaf,3,False,1,0,138717.0,0.0,1,0,0.0,,0,0,0.000297871,0.0,1,False,0,0.0,0,False,0.29
100000001732159100,peripheral,0.6,10,0.6098,"Seed-клиент: отправил 1,5 млн ₸ на 4 получателей; признаков сбора или веера нет",P-seed,0,True,2,4,2378100.0,1505966.0,30,23,,0.914474,2,3,0.0010950568,2.02709e-05,2,False,4,768890.0,5,True,1.01
100000001733216100,peripheral,0.4,0,0.2306,"Обрыв выгрузки на 4-м колене: получил 60 тыс ₸ от 1; исходящие не выгружены — роль «конечный» не присваиваем, нужна доп. выгрузка",P-trunc,4,False,1,0,60000.0,0.0,2,0,0.0,,0,0,0.0004076531,0.0,1,True,0,0.0,0,False,0.26
100000001733687100,terminal,0.7,7,0.4167,"Конечный получатель: 300 тыс ₸ от 1 плательщиков, исходящих ≥5 тыс ₸ нет; колено 3 — обход здесь не обрывался",E1,3,False,1,0,300000.0,0.0,1,0,0.0,,0,0,0.000306625,0.0,1,False,0,0.0,0,False,0.8
100000001737722100,peripheral,0.7,2,0.3071,"Разовое поступление: 60 тыс ₸ от 1 плательщика, дальше не уходило; сумма мала",P-leaf,2,False,1,0,60460.0,0.0,1,0,0.0,,0,1,0.0003187759,0.0,1,False,0,0.0,0,False,-0.31
100000001740277100,transit,0.575,6,0.3427,"Транзит: получил 9 тыс ₸, отдал 5 тыс ₸ (57%); 100% суммы ушло в течение 2 дн. после поступления",T2,3,False,1,1,8700.0,5000.0,1,1,0.574713,1.0,0,0,0.0003696934,0.0,1,False,1,5000.0,0,False,-0.06
100000001745217100,peripheral,0.7,0,0.126,"Разовое поступление: 50 тыс ₸ от 1 плательщика, дальше не уходило; сумма мала",P-leaf,3,False,1,0,50000.0,0.0,1,0,0.0,,0,0,0.0002900034,0.0,1,False,0,0.0,0,False,-0.4
100000001746925100,peripheral,0.5,2,0.396,"Получил 65 тыс ₸, отдал 5 тыс ₸ (8%) — удерживает часть средств, признаков роли недостаточно",P-other,1,False,1,1,65250.0,5000.0,1,1,0.076628,0.0,1,2,0.0002986347,0.0001188881,1,False,0,0.0,0,False,-0.24
100000001782980100,peripheral,0.5,29,0.4695,"Получил 50 тыс ₸, отдал 596 тыс ₸ (1192%) — отдаёт больше полученного: вероятны поступления извне выборки",P-other,2,False,1,1,50000.0,596200.0,1,3,11.924,0.0,0,1,0.0003702832,5.944e-07,1,False,0,0.0,0,False,1.09
100000001784279100,peripheral,0.7,0,0.0981,"Разовое поступление: 36 тыс ₸ от 1 плательщика, дальше не уходило; сумма мала",P-leaf,3,False,1,0,35674.0,0.0,1,0,0.0,,0,0,0.0002887329,0.0,1,False,0,0.0,0,False,-0.4
100000001785161100,terminal,0.615,30,0.3307,"Конечный получатель: 30 тыс ₸ от 2 плательщиков, исходящих ≥5 тыс ₸ нет; колено 3 — обход здесь не обрывался",E1,3,False,2,0,30000.0,0.0,2,0,0.0,,0,0,0.0003312209,0.0,1,False,0,0.0,0,False,-0.06
100000001788284100,peripheral,0.5,25,0.3053,"Получил 8 тыс ₸, отдал 297 тыс ₸ (3709%) — отдаёт больше полученного: вероятны поступления извне выборки",P-other,3,False,1,5,8000.0,296700.0,1,8,37.0875,0.650152,0,0,0.0002993827,5.94441e-05,1,False,1,8000.0,1,False,1.28
100000001805543100,peripheral,0.7,5,0.252,"Разовое поступление: 59 тыс ₸ от 1 плательщика, дальше не уходило; сумма мала",P-leaf,1,False,1,0,59000.0,0.0,1,0,0.0,,1,1,0.0002919129,0.0,1,False,0,0.0,0,False,-0.37
100000001808684100,transit,0.677,6,0.4912,"Транзит: получил 48 тыс ₸, отдал 38 тыс ₸ (78%); 80% суммы ушло в течение 2 дн. после поступления",T2,3,False,1,1,48400.0,37700.0,3,2,0.778926,0.795756,0,0,0.0011690957,0.0,1,False,1,37700.0,0,False,-0.03
100000001816678100,peripheral,0.4,2,0.1887,"Обрыв выгрузки на 4-м колене: получил 60 тыс ₸ от 1; исходящие не выгружены — роль «конечный» не присваиваем, нужна доп. выгрузка",P-trunc,4,False,1,0,60000.0,0.0,1,0,0.0,,0,0,0.0003096552,0.0,1,True,0,0.0,0,False,0.26
100000001818442100,peripheral,0.7,8,0.1547,"Разовое поступление: 42 тыс ₸ от 1 плательщика, дальше не уходило; сумма мала",P-leaf,3,False,1,0,42215.0,0.0,1,0,0.0,,0,0,0.0003012979,0.0,1,False,0,0.0,0,False,-0.4
100000001819396100,terminal,0.633,26,0.4136,"Конечный получатель: 166 тыс ₸ от 1 плательщиков, исходящих ≥5 тыс ₸ нет; колено 3 — обход здесь не обрывался",E1,3,False,1,0,166080.0,0.0,1,0,0.0,,0,0,0.0003272176,0.0,1,False,0,0.0,0,False,0.41
100000001822623100,terminal,0.651,22,0.5273,"Конечный получатель: 201 тыс ₸ от 1 плательщиков, исходящих ≥5 тыс ₸ нет; колено 2 — обход здесь не обрывался",E1,2,False,1,0,201300.0,0.0,1,0,0.0,,0,1,0.0003234926,0.0,1,False,0,0.0,0,False,0.39
100000001822650100,peripheral,0.4,7,0.2134,"Обрыв выгрузки на 4-м колене: получил 112 тыс ₸ от 1; исходящие не выгружены — роль «конечный» не присваиваем, нужна доп. выгрузка",P-trunc,4,False,1,0,112000.0,0.0,1,0,0.0,,0,0,0.0003059027,0.0,1,True,0,0.0,0,False,0.7
100000001825934100,peripheral,0.5,37,0.3198,"Получил 40 тыс ₸, отдал 97 тыс ₸ (242%) — отдаёт больше полученного: вероятны поступления извне выборки",P-other,3,False,1,1,40000.0,97000.0,1,1,2.425,0.0,0,0,0.0004758671,9.907e-07,1,False,0,0.0,0,False,0.28
100000001831496100,peripheral,0.5,9,0.2775,"Получил 25 тыс ₸, отдал 373 тыс ₸ (1492%) — отдаёт больше полученного: вероятны поступления извне выборки",P-other,3,False,1,1,25000.0,373000.0,1,1,14.92,0.0,0,0,0.0002926356,1.8494e-06,1,False,0,0.0,0,False,0.99
100000001835625100,peripheral,0.7,4,0.1294,"Разовое поступление: 75 тыс ₸ от 1 плательщика, дальше не уходило; сумма мала",P-leaf,3,False,1,0,75130.0,0.0,1,0,0.0,,0,0,0.0002880042,0.0,1,False,0,0.0,0,False,-0.12
100000001837130100,terminal,0.636,0,0.3858,"Конечный получатель: 173 тыс ₸ от 1 плательщиков, исходящих ≥5 тыс ₸ нет; колено 3 — обход здесь не обрывался",E1,3,False,1,0,172900.0,0.0,1,0,0.0,,0,0,0.0003009025,0.0,1,False,0,0.0,0,False,0.44
100000001845505100,peripheral,0.4,3,0.197,"Обрыв выгрузки на 4-м колене: получил 20 тыс ₸ от 1; исходящие не выгружены — роль «конечный» не присваиваем, нужна доп. выгрузка",P-trunc,4,False,1,0,20000.0,0.0,1,0,0.0,,0,0,0.0005923838,0.0,1,True,0,0.0,0,False,-0.14
100000001848426100,peripheral,0.7,6,0.3091,"Разовое поступление: 96 тыс ₸ от 1 плательщика, дальше не уходило; сумма мала",P-leaf,2,False,1,0,95530.0,0.0,1,0,0.0,,0,1,0.0003036752,0.0,1,False,0,0.0,0,False,-0.06
100000001851289100,peripheral,0.7,5,0.3012,"Разовое поступление: 110 тыс ₸ от 1 плательщика, дальше не уходило; сумма мала",P-leaf,1,False,1,0,109510.0,0.0,3,0,0.0,,1,1,0.0002973436,0.0,1,False,0,0.0,0,False,0.05
100000001852140100,peripheral,0.7,59,0.2294,"Разовое поступление: 30 тыс ₸ от 1 плательщика, дальше не уходило; сумма мала",P-leaf,3,False,1,0,30000.0,0.0,1,0,0.0,,0,0,0.0008047208,0.0,1,False,0,0.0,0,False,-0.4
100000001853812100,peripheral,0.7,3,0.1784,"Разовое поступление: 70 тыс ₸ от 1 плательщика, дальше не уходило; сумма мала",P-leaf,3,False,1,0,70000.0,0.0,1,0,0.0,,0,0,0.0002998114,0.0,1,False,0,0.0,0,False,-0.17
100000001857829100,coordinator,0.957,3,0.9219,"Хаб: собирает и раздаёт: 6 плательщиков → 16 получателей, через узел 2,4 млн ₸; 1 seed в 2 шагах выше; посредничество выше 99% узлов",C1,2,False,6,16,888535.0,2390993.0,9,16,2.690938,0.815487,0,1,0.000620479,0.0019595994,3,False,50,1005243.0,27,False,2.06
100000001860090100,peripheral,0.7,6,0.1182,"Разовое поступление: 5 тыс ₸ от 1 плательщика, дальше не уходило; сумма мала",P-leaf,3,False,1,0,5000.0,0.0,1,0,0.0,,0,0,0.0003780366,0.0,1,False,0,0.0,0,False,-0.4
100000001870116100,peripheral,0.7,1,0.1944,"Разовое поступление: 24 тыс ₸ от 1 плательщика, дальше не уходило; сумма мала",P-leaf,1,False,1,0,24000.0,0.0,1,0,0.0,,1,1,0.0002906066,0.0,1,False,0,0.0,0,False,-0.48
100000001872484100,peripheral,0.5,56,0.5386,"Получил 871 тыс ₸, отдал 515 тыс ₸ (59%) — удерживает часть средств, признаков роли недостаточно",P-other,1,False,1,3,871400.0,514580.0,13,9,0.590521,0.546426,1,1,0.0022739788,5.944e-07,1,False,2,494400.0,1,False,1.78
100000001875167100,terminal,1.0,4,0.4651,"Конечный получатель: 1,0 млн ₸ от 1 плательщиков, исходящих ≥5 тыс ₸ нет; колено 3 — обход здесь не обрывался",E1,3,False,1,0,1000000.0,0.0,2,0,0.0,,0,0,0.0003179785,0.0,1,False,0,0.0,0,False,1.61
100000001875239100,terminal,1.0,7,0.4684,"Конечный получатель: 712 тыс ₸ от 3 плательщиков, исходящих ≥5 тыс ₸ нет; колено 3 — обход здесь не обрывался",E1,3,False,3,0,712000.0,0.0,3,0,0.0,,0,0,0.0003339786,0.0,3,False,0,0.0,0,False,1.38
100000001884825100,terminal,0.898,7,0.463,"Конечный получатель: 495 тыс ₸ от 3 плательщиков, исходящих ≥5 тыс ₸ нет; колено 3 — обход здесь не обрывался",E1,3,False,3,0,495000.0,0.0,3,0,0.0,,0,0,0.0003400965,0.0,2,False,0,0.0,0,False,1.14
100000001887715100,transit,0.563,17,0.6408,"Транзит: получил 1,3 млн ₸, отдал 750 тыс ₸ (56%); 100% суммы ушло в течение 2 дн. после поступления",T2,3,False,3,1,1331500.0,750000.0,4,1,0.563275,1.0,0,0,0.0007309295,2.25887e-05,3,False,0,0.0,3,False,2.1
100000001893287100,peripheral,0.5,6,0.3095,"Получил 18 тыс ₸, отдал 153 тыс ₸ (848%) — отдаёт больше полученного: вероятны поступления извне выборки",P-other,3,False,1,1,18000.0,152700.0,3,14,8.483333,0.377865,0,0,0.0006184515,0.0,1,False,1,18000.0,0,True,0.43
100000001899164100,peripheral,0.5,11,0.5721,"Получил 292 тыс ₸, отдал 76 тыс ₸ (26%) — удерживает часть средств, признаков роли недостаточно",P-other,1,False,4,3,291675.0,76500.0,5,3,0.262278,0.0,1,2,0.001176562,0.0001266158,2,False,2,48000.0,0,False,0.94
100000001904863100,terminal,0.8,14,0.5979,"Конечный получатель: 500 тыс ₸ от 1 плательщиков, исходящих ≥5 тыс ₸ нет; колено 2 — обход здесь не обрывался",E1,2,False,1,0,500000.0,0.0,1,0,0.0,,0,1,0.0004817985,0.0,1,False,0,0.0,0,False,0.94
100000001924185100,terminal,0.675,9,0.5569,"Конечный получатель: 151 тыс ₸ от 2 плательщиков, исходящих ≥5 тыс ₸ нет; колено 1 — обход здесь не обрывался",E1,1,False,2,0,151000.0,0.0,2,0,0.0,,2,4,0.0003102199,0.0,1,False,0,0.0,0,False,0.27
100000001927599100,terminal,0.694,8,0.4184,"Конечный получатель: 188 тыс ₸ от 2 плательщиков, исходящих ≥5 тыс ₸ нет; колено 3 — обход здесь не обрывался",E1,3,False,2,0,188000.0,0.0,2,0,0.0,,0,0,0.0003272555,0.0,2,False,0,0.0,0,False,0.49
100000001929088100,terminal,0.798,6,0.5948,"Конечный получатель: 396 тыс ₸ от 2 плательщиков, исходящих ≥5 тыс ₸ нет; колено 1 — обход здесь не обрывался",E1,1,False,2,0,396010.0,0.0,2,0,0.0,,2,2,0.0003175874,0.0,1,False,0,0.0,0,False,0.93
100000001934935100,peripheral,0.7,0,0.1808,"Разовое поступление: 119 тыс ₸ от 1 плательщика, дальше не уходило; сумма мала",P-leaf,3,False,1,0,118935.0,0.0,1,0,0.0,,0,0,0.0002922677,0.0,1,False,0,0.0,0,False,0.18
100000001937767100,peripheral,0.5,14,0.5536,"Получил 53 тыс ₸, отдал 1,9 млн ₸ (3647%) — отдаёт больше полученного: вероятны поступления извне выборки",P-other,1,False,1,4,53000.0,1933000.0,1,6,36.471698,0.027419,1,1,0.0008921393,5.66999e-05,1,False,1,53000.0,0,False,2.02
100000001952325100,peripheral,0.7,1,0.2941,"Разовое поступление: 78 тыс ₸ от 1 плательщика, дальше не уходило; сумма мала",P-leaf,1,False,1,0,77888.0,0.0,2,0,0.0,,1,1,0.0003019171,0.0,1,False,0,0.0,0,False,-0.18
100000001953577100,peripheral,0.7,1,0.1602,"Разовое поступление: 16 тыс ₸ от 1 плательщика, дальше не уходило; сумма мала",P-leaf,1,False,1,0,15600.0,0.0,1,0,0.0,,1,1,0.0002888436,0.0,1,False,0,0.0,0,False,-0.48
100000001954534100,peripheral,0.5,0,0.2692,"Получил 13 тыс ₸, отдал 40 тыс ₸ (308%) — отдаёт больше полученного: вероятны поступления извне выборки",P-other,3,False,1,1,13000.0,40000.0,1,1,3.076923,0.0,0,0,0.0003659515,1.96165e-05,1,False,0,0.0,0,False,-0.06
100000001954903100,peripheral,0.7,9,0.2318,"Разовое поступление: 27 тыс ₸ от 1 плательщика, дальше не уходило; сумма мала",P-leaf,2,False,1,0,27118.0,0.0,1,0,0.0,,0,1,0.0002984899,0.0,1,False,0,0.0,0,False,-0.31
100000001957974100,peripheral,0.4,14,0.2913,"Обрыв выгрузки на 4-м колене: получил 500 тыс ₸ от 1; исходящие не выгружены — роль «конечный» не присваиваем, нужна доп. выгрузка",P-trunc,4,False,1,0,500000.0,0.0,1,0,0.0,,0,0,0.0003201375,0.0,1,True,0,0.0,0,False,1.74
100000001960517100,terminal,0.65,6,0.5896,"Конечный получатель: 200 тыс ₸ от 1 плательщиков, исходящих ≥5 тыс ₸ нет; колено 1 — обход здесь не обрывался",E1,1,False,1,0,200000.0,0.0,1,0,0.0,,1,2,0.0003592205,0.0,1,False,0,0.0,0,False,0.46
100000001961048100,peripheral,0.7,30,0.3287,"Разовое поступление: 150 тыс ₸ от 1 плательщика, дальше не уходило; сумма мала",P-leaf,2,False,1,0,150000.0,0.0,1,0,0.0,,0,1,0.0003043093,0.0,1,False,0,0.0,0,False,0.21
100000001965374100,peripheral,0.5,23,0.5475,"Получил 1,8 млн ₸, отдал 3,1 млн ₸ (175%) — отдаёт больше полученного: вероятны поступления извне выборки",P-other,2,False,2,3,1759720.0,3082100.0,8,5,1.751472,0.26151,0,1,0.0012816556,1.5852e-06,2,False,1,60000.0,1,False,2.3
100000001969496100,peripheral,0.7,14,0.091,"Разовое поступление: 23 тыс ₸ от 1 плательщика, дальше не уходило; сумма мала",P-leaf,3,False,1,0,22740.0,0.0,1,0,0.0,,0,0,0.0002919968,0.0,1,False,0,0.0,0,False,-0.4
100000001985793100,terminal,0.76,27,0.5737,"Конечный получатель: 420 тыс ₸ от 1 плательщиков, исходящих ≥5 тыс ₸ нет; колено 2 — обход здесь не обрывался",E1,2,False,1,0,420000.0,0.0,1,0,0.0,,0,1,0.0003726611,0.0,1,False,0,0.0,0,False,0.83
100000001987030100,peripheral,0.5,15,0.3598,"Получил 31 тыс ₸, отдал 19 тыс ₸ (62%) — удерживает часть средств, признаков роли недостаточно",P-other,1,False,2,1,30864.0,19000.0,2,1,0.615604,0.0,1,2,0.0002938728,5.70663e-05,1,False,0,0.0,0,False,-0.01
100000001991973100,peripheral,0.4,19,0.1056,"Обрыв выгрузки на 4-м колене: получил 21 тыс ₸ от 1; исходящие не выгружены — роль «конечный» не присваиваем, нужна доп. выгрузка",P-trunc,4,False,1,0,20800.0,0.0,1,0,0.0,,0,0,0.0002967004,0.0,1,True,0,0.0,0,False,-0.14
100000002015633100,peripheral,0.7,4,0.1473,"Разовое поступление: 95 тыс ₸ от 1 плательщика, дальше не уходило; сумма мала",P-leaf,3,False,1,0,94970.0,0.0,1,0,0.0,,0,0,0.0002886472,0.0,1,False,0,0.0,0,False,0.03
100000002028158100,peripheral,0.7,15,0.2402,"Разовое поступление: 35 тыс ₸ от 1 плательщика, дальше не уходило; сумма мала",P-leaf,2,False,1,0,34800.0,0.0,1,0,0.0,,0,1,0.0002966406,0.0,1,False,0,0.0,0,False,-0.31
100000002032323100,peripheral,0.5,10,0.3928,"Получил 300 тыс ₸, отдал 1,1 млн ₸ (350%) — отдаёт больше полученного: вероятны поступления извне выборки",P-other,3,False,1,1,300000.0,1050000.0,1,2,3.5,0.285714,0,0,0.0004040502,1.96165e-05,1,False,0,0.0,1,False,1.81
100000002087788100,peripheral,0.7,4,0.3958,"Разовое поступление: 100 тыс ₸ от 1 плательщика, дальше не уходило; сумма мала",P-leaf,2,False,1,0,100500.0,0.0,1,0,0.0,,0,1,0.0006585725,0.0,1,False,0,0.0,0,False,-0.03
100000002095257100,peripheral,0.7,11,0.132,"Разовое поступление: 8 тыс ₸ от 1 плательщика, дальше не уходило; сумма мала",P-leaf,3,False,1,0,8500.0,0.0,1,0,0.0,,0,0,0.0003967338,0.0,1,False,0,0.0,0,False,-0.4
100000002103448100,peripheral,0.7,1,0.0918,"Разовое поступление: 27 тыс ₸ от 1 плательщика, дальше не уходило; сумма мала",P-leaf,3,False,1,0,27000.0,0.0,1,0,0.0,,0,0,0.0002897834,0.0,1,False,0,0.0,0,False,-0.4
100000002109656100,terminal,0.8,12,0.4402,"Конечный получатель: 500 тыс ₸ от 1 плательщиков, исходящих ≥5 тыс ₸ нет; колено 3 — обход здесь не обрывался",E1,3,False,1,0,500000.0,0.0,1,0,0.0,,0,0,0.0003093852,0.0,1,False,0,0.0,0,False,1.15
100000002116705100,peripheral,0.7,1,0.0549,"Разовое поступление: 18 тыс ₸ от 1 плательщика, дальше не уходило; сумма мала",P-leaf,3,False,1,0,17600.0,0.0,1,0,0.0,,0,0,0.0002883163,0.0,1,False,0,0.0,0,False,-0.4
100000002119762100,peripheral,0.4,4,0.2546,"Обрыв выгрузки на 4-м колене: получил 77 тыс ₸ от 1; исходящие не выгружены — роль «конечный» не присваиваем, нужна доп. выгрузка",P-trunc,4,False,1,0,77000.0,0.0,6,0,0.0,,0,0,0.0005295246,0.0,1,True,0,0.0,0,False,0.44
100000002121357100,peripheral,0.5,10,0.3391,"Получил 255 тыс ₸, отдал 113 тыс ₸ (44%) — удерживает часть средств, признаков роли недостаточно",P-other,3,False,2,1,255300.0,113000.0,2,1,0.442617,0.0,0,0,0.0003262738,2.1598e-05,1,False,0,0.0,0,False,0.94
100000002126791100,peripheral,0.4,7,0.3658,"Обрыв выгрузки на 4-м колене: получил 1,3 млн ₸ от 1; исходящие не выгружены — роль «конечный» не присваиваем, нужна доп. выгрузка",P-trunc,4,False,1,0,1313000.0,0.0,3,0,0.0,,0,0,0.0005716806,0.0,1,True,0,0.0,0,False,2.41
100000002130400100,peripheral,0.4,37,0.1067,"Обрыв выгрузки на 4-м колене: получил 10 тыс ₸ от 1; исходящие не выгружены — роль «конечный» не присваиваем, нужна доп. выгрузка",P-trunc,4,False,1,0,10000.0,0.0,1,0,0.0,,0,0,0.0003175458,0.0,1,True,0,0.0,0,False,-0.14
100000002132479100,peripheral,0.5,14,0.3563,"Получил 30 тыс ₸, отдал 20 тыс ₸ (67%) — удерживает часть средств, признаков роли недостаточно",P-other,2,False,1,1,30000.0,20000.0,2,1,0.666667,0.0,0,1,0.0006060233,0.0,1,False,1,20000.0,0,False,-0.22
100000002152857100,peripheral,0.5,27,0.4567,"Получил 105 тыс ₸, отдал 1,2 млн ₸ (1171%) — отдаёт больше полученного: вероятны поступления извне выборки",P-other,1,False,1,5,105000.0,1230000.0,1,6,11.714286,0.585366,1,1,0.0002997108,0.0003134683,1,False,0,0.0,2,False,1.75
100000002156381100,peripheral,0.5,33,0.453,"Получил 61 тыс ₸, отдал 22 тыс ₸ (36%) — удерживает часть средств, признаков роли недостаточно",P-other,2,False,2,1,61000.0,21800.0,7,3,0.357377,0.229358,0,1,0.0010807758,4.24034e-05,2,False,1,21800.0,0,False,-0.12
100000002158488100,peripheral,0.7,1,0.2206,"Разовое поступление: 32 тыс ₸ от 1 плательщика, дальше не уходило; сумма мала",P-leaf,1,False,1,0,31723.0,0.0,1,0,0.0,,1,1,0.0002922276,0.0,1,False,0,0.0,0,False,-0.48
100000002170580100,peripheral,0.7,9,0.3652,"Разовое поступление: 150 тыс ₸ от 1 плательщика, дальше не уходило; сумма мала",P-leaf,2,False,1,0,150000.0,0.0,1,0,0.0,,0,1,0.0003570379,0.0,1,False,0,0.0,0,False,0.21
100000002173070100,peripheral,0.7,5,0.2556,"Разовое поступление: 30 тыс ₸ от 1 плательщика, дальше не уходило; сумма мала",P-leaf,2,False,1,0,30000.0,0.0,1,0,0.0,,0,2,0.0002905383,0.0,1,False,0,0.0,0,False,-0.31
100000002173161100,terminal,1.0,5,0.6128,"Конечный получатель: 1,4 млн ₸ от 3 плательщиков, исходящих ≥5 тыс ₸ нет; колено 1 — обход здесь не обрывался",E1,1,False,3,0,1427500.0,0.0,5,0,0.0,,1,1,0.0004354147,0.0,2,False,0,0.0,0,False,1.8
100000002175422100,peripheral,0.5,31,0.5553,"Получил 68 тыс ₸, отдал 1,6 млн ₸ (2367%) — отдаёт больше полученного: вероятны поступления извне выборки",P-other,2,False,3,6,68500.0,1621188.0,5,14,23.666978,0.497282,0,1,0.0008458861,0.0001587156,2,False,3,68500.0,4,False,1.67
100000002182176100,peripheral,0.7,0,0.239,"Разовое поступление: 42 тыс ₸ от 1 плательщика, дальше не уходило; сумма мала",P-leaf,1,False,1,0,42465.0,0.0,1,0,0.0,,1,1,0.000293538,0.0,1,False,0,0.0,0,False,-0.48
100000002184107100,peripheral,0.7,35,0.0368,"Разовое поступление: 6 тыс ₸ от 1 плательщика, дальше не уходило; сумма мала",P-leaf,3,False,1,0,6066.0,0.0,1,0,0.0,,0,0,0.000290196,0.0,1,False,0,0.0,0,False,-0.4
100000002185328100,peripheral,0.5,21,0.2854,"Получил 15 тыс ₸, отдал 55 тыс ₸ (367%) — отдаёт больше полученного: вероятны поступления извне выборки",P-other,3,False,1,4,15000.0,55000.0,1,4,3.666667,0.0,0,0,0.0003518472,6.16237e-05,1,False,0,0.0,0,False,0.95
100000002188586100,peripheral,0.4,8,0.1466,"Обрыв выгрузки на 4-м колене: получил 38 тыс ₸ от 1; исходящие не выгружены — роль «конечный» не присваиваем, нужна доп. выгрузка",P-trunc,4,False,1,0,38310.0,0.0,1,0,0.0,,0,0,0.0002999098,0.0,1,True,0,0.0,0,False,-0.05
100000002188829100,terminal,0.75,2,0.6183,"Конечный получатель: 400 тыс ₸ от 1 плательщиков, исходящих ≥5 тыс ₸ нет; колено 1 — обход здесь не обрывался",E1,1,False,1,0,400000.0,0.0,1,0,0.0,,1,2,0.0003656639,0.0,1,False,0,0.0,0,False,0.93
100000002193259100,peripheral,0.5,11,0.4678,"Получил 48 тыс ₸, отдал 58 тыс ₸ (121%) — удерживает часть средств, признаков роли недостаточно",P-other,2,False,2,3,48000.0,58000.0,2,3,1.208333,0.689655,0,1,0.0008908421,6.43977e-05,1,False,2,48000.0,0,False,0.07
100000002194320100,peripheral,0.4,58,0.3067,"Обрыв выгрузки на 4-м колене: получил 275 тыс ₸ от 1; исходящие не выгружены — роль «конечный» не присваиваем, нужна доп. выгрузка",P-trunc,4,False,1,0,275000.0,0.0,1,0,0.0,,0,0,0.0004865679,0.0,1,True,0,0.0,0,False,1.32
100000002194329100,peripheral,0.7,0,0.0676,"Разовое поступление: 25 тыс ₸ от 1 плательщика, дальше не уходило; сумма мала",P-leaf,3,False,1,0,25170.0,0.0,1,0,0.0,,0,0,0.0002869869,0.0,1,False,0,0.0,0,False,-0.4
100000002199091100,peripheral,0.7,1,0.2956,"Разовое поступление: 65 тыс ₸ от 1 плательщика, дальше не уходило; сумма мала",P-leaf,2,False,1,0,65000.0,0.0,1,0,0.0,,0,1,0.0003076457,0.0,1,False,0,0.0,0,False,-0.29
100000002205022100,peripheral,0.5,55,0.5129,"Получил 7 тыс ₸, отдал 518 тыс ₸ (7296%) — отдаёт больше полученного: вероятны поступления извне выборки",P-other,2,False,1,3,7100.0,518000.0,1,3,72.957746,0.011583,0,1,0.000545637,5.45124e-05,1,False,0,0.0,1,False,0.97
100000002208836100,peripheral,0.4,4,0.2244,"Обрыв выгрузки на 4-м колене: получил 90 тыс ₸ от 1; исходящие не выгружены — роль «конечный» не присваиваем, нужна доп. выгрузка",P-trunc,4,False,1,0,90000.0,0.0,1,0,0.0,,0,0,0.0003298185,0.0,1,True,0,0.0,0,False,0.55
100000002211413100,peripheral,0.7,1,0.2318,"Разовое поступление: 37 тыс ₸ от 1 плательщика, дальше не уходило; сумма мала",P-leaf,1,False,1,0,37000.0,0.0,1,0,0.0,,1,1,0.0002933352,0.0,1,False,0,0.0,0,False,-0.48
100000002212494100,peripheral,0.7,31,0.2623,"Разовое поступление: 160 тыс ₸ от 1 плательщика, дальше не уходило; сумма мала",P-leaf,3,False,1,0,160000.0,0.0,1,0,0.0,,0,0,0.0003566444,0.0,1,False,0,0.0,0,False,0.38
100000002214207100,peripheral,0.4,37,0.2869,"Обрыв выгрузки на 4-м колене: получил 97 тыс ₸ от 1; исходящие не выгружены — роль «конечный» не присваиваем, нужна доп. выгрузка",P-trunc,4,False,1,0,97000.0,0.0,1,0,0.0,,0,0,0.0006906066,0.0,1,True,0,0.0,0,False,0.6
100000002214301100,peripheral,0.5,0,0.2649,"Получил 21 тыс ₸, отдал 8 тыс ₸ (37%) — удерживает часть средств, признаков роли недостаточно",P-other,1,False,1,1,21438.0,8000.0,1,1,0.373169,0.0,1,1,0.0002895922,9.61012e-05,1,False,0,0.0,0,False,-0.24
100000002214383100,peripheral,0.4,1,0.3028,"Обрыв выгрузки на 4-м колене: получил 213 тыс ₸ от 1; исходящие не выгружены — роль «конечный» не присваиваем, нужна доп. выгрузка",P-trunc,4,False,1,0,213000.0,0.0,1,0,0.0,,0,0,0.0005308718,0.0,1,True,0,0.0,0,False,1.14
100000002214570100,peripheral,0.7,1,0.2047,"Разовое поступление: 26 тыс ₸ от 1 плательщика, дальше не уходило; сумма мала",P-leaf,1,False,1,0,26471.0,0.0,1,0,0.0,,1,1,0.0002911252,0.0,1,False,0,0.0,0,False,-0.48
100000002214664100,peripheral,0.5,1,0.1745,"Получил 8 тыс ₸, отдал 77 тыс ₸ (968%) — отдаёт больше полученного: вероятны поступления извне выборки",P-other,3,False,1,1,7950.0,76950.0,1,2,9.679245,1.0,0,0,0.0002868101,1.387e-06,1,False,0,0.0,1,False,-0.04
100000002216999100,peripheral,0.7,1,0.0782,"Разовое поступление: 24 тыс ₸ от 1 плательщика, дальше не уходило; сумма мала",P-leaf,3,False,1,0,23677.0,0.0,1,0,0.0,,0,0,0.0002892647,0.0,1,False,0,0.0,0,False,-0.4
100000002217161100,peripheral,0.5,35,0.5538,"Получил 405 тыс ₸, отдал 995 тыс ₸ (246%) — отдаёт больше полученного: вероятны поступления извне выборки",P-other,2,False,2,7,404750.0,995132.0,15,19,2.458634,0.949755,0,1,0.0008915695,0.000155149,1,False,1,351850.0,6,False,1.55
100000002217806100,peripheral,0.4,38,0.2336,"Обрыв выгрузки на 4-м колене: получил 55 тыс ₸ от 1; исходящие не выгружены — роль «конечный» не присваиваем, нужна доп. выгрузка",P-trunc,4,False,1,0,55000.0,0.0,2,0,0.0,,0,0,0.0004637602,0.0,1,True,0,0.0,0,False,0.2
100000002224132100,consolidator,0.75,23,0.8803,"Сбор средств: 4,0 млн ₸ от 5 плательщиков (из них seed: 0), дальше ушло 307% полученного; до 2 плательщиков в один день",K1,2,False,5,4,3951020.0,12115000.0,10,25,3.066297,0.726785,0,1,0.0059957332,6.2416e-06,2,False,8,940300.0,10,False,3.02
100000002227960100,peripheral,0.4,21,0.0798,"Обрыв выгрузки на 4-м колене: получил 10 тыс ₸ от 1; исходящие не выгружены — роль «конечный» не присваиваем, нужна доп. выгрузка",P-trunc,4,False,1,0,10000.0,0.0,1,0,0.0,,0,0,0.0002994377,0.0,1,True,0,0.0,0,False,-0.14
100000002227989100,peripheral,0.4,21,0.1658,"Обрыв выгрузки на 4-м колене: получил 20 тыс ₸ от 1; исходящие не выгружены — роль «конечный» не присваиваем, нужна доп. выгрузка",P-trunc,4,False,1,0,20000.0,0.0,1,0,0.0,,0,0,0.0003944604,0.0,1,True,0,0.0,0,False,-0.14
100000002229615100,peripheral,0.4,21,0.2163,"Обрыв выгрузки на 4-м колене: получил 25 тыс ₸ от 1; исходящие не выгружены — роль «конечный» не присваиваем, нужна доп. выгрузка",P-trunc,4,False,1,0,25000.0,0.0,1,0,0.0,,0,0,0.0007184984,0.0,1,True,0,0.0,0,False,-0.14
100000002231144100,peripheral,0.4,21,0.144,"Обрыв выгрузки на 4-м колене: получил 15 тыс ₸ от 1; исходящие не выгружены — роль «конечный» не присваиваем, нужна доп. выгрузка",P-trunc,4,False,1,0,15000.0,0.0,1,0,0.0,,0,0,0.0003672376,0.0,1,True,0,0.0,0,False,-0.14
100000002232266100,peripheral,0.7,3,0.14,"Разовое поступление: 45 тыс ₸ от 1 плательщика, дальше не уходило; сумма мала",P-leaf,3,False,1,0,45000.0,0.0,1,0,0.0,,0,0,0.0002947249,0.0,1,False,0,0.0,0,False,-0.4
100000002236528100,peripheral,0.7,6,0.1892,"Разовое поступление: 66 тыс ₸ от 1 плательщика, дальше не уходило; сумма мала",P-leaf,3,False,1,0,66000.0,0.0,1,0,0.0,,0,0,0.0003072418,0.0,1,False,0,0.0,0,False,-0.21
100000002241986100,peripheral,0.5,39,0.3421,"Получил 280 тыс ₸, отдал 3,1 млн ₸ (1099%) — отдаёт больше полученного: вероятны поступления извне выборки",P-other,3,False,1,6,280000.0,3077000.0,1,12,10.989286,0.0,0,0,0.0002946439,0.0001153215,1,False,0,0.0,0,False,2.42
100000002242066100,peripheral,0.4,35,0.2485,"Обрыв выгрузки на 4-м колене: получил 60 тыс ₸ от 1; исходящие не выгружены — роль «конечный» не присваиваем, нужна доп. выгрузка",P-trunc,4,False,1,0,60000.0,0.0,1,0,0.0,,0,0,0.0005337841,0.0,1,True,0,0.0,0,False,0.26
100000002242455100,peripheral,0.4,4,0.2763,"Обрыв выгрузки на 4-м колене: получил 110 тыс ₸ от 1; исходящие не выгружены — роль «конечный» не присваиваем, нужна доп. выгрузка",P-trunc,4,False,1,0,110000.0,0.0,1,0,0.0,,0,0,0.0005321741,0.0,1,True,0,0.0,0,False,0.69
100000002243354100,peripheral,0.7,1,0.1838,"Разовое поступление: 21 тыс ₸ от 1 плательщика, дальше не уходило; сумма мала",P-leaf,1,False,1,0,20879.0,0.0,1,0,0.0,,1,1,0.0002899516,0.0,1,False,0,0.0,0,False,-0.48
100000002255058100,terminal,0.796,2,0.4835,"Конечный получатель: 492 тыс ₸ от 1 плательщиков, исходящих ≥5 тыс ₸ нет; колено 3 — обход здесь не обрывался",E1,3,False,1,0,491500.0,0.0,2,0,0.0,,0,0,0.0004261287,0.0,1,False,0,0.0,0,False,1.13
100000002257794100,peripheral,0.7,24,0.3124,"Разовое поступление: 154 тыс ₸ от 1 плательщика, дальше не уходило; сумма мала",P-leaf,3,False,1,0,154000.0,0.0,1,0,0.0,,0,0,0.0008606341,0.0,1,False,0,0.0,0,False,0.36
100000002258492100,peripheral,0.4,20,0.1555,"Обрыв выгрузки на 4-м колене: получил 9 тыс ₸ от 1; исходящие не выгружены — роль «конечный» не присваиваем, нужна доп. выгрузка",P-trunc,4,False,1,0,9000.0,0.0,1,0,0.0,,0,0,0.0005401265,0.0,1,True,0,0.0,0,False,-0.14
100000002267998100,peripheral,0.5,22,0.5563,"Получил 420 тыс ₸, отдал 1,1 млн ₸ (265%) — отдаёт больше полученного: вероятны поступления извне выборки",P-other,2,False,2,3,420000.0,1115000.0,4,12,2.654762,0.735426,0,1,0.0015848317,5.88496e-05,1,False,4,660000.0,1,False,1.61
100000002284426100,peripheral,0.7,4,0.1427,"Разовое поступление: 90 тыс ₸ от 1 плательщика, дальше не уходило; сумма мала",P-leaf,3,False,1,0,90000.0,0.0,2,0,0.0,,0,0,0.0002884861,0.0,1,False,0,0.0,0,False,-0.0
100000002289937100,peripheral,0.7,1,0.1794,"Разовое поступление: 20 тыс ₸ от 1 плательщика, дальше не уходило; сумма мала",P-leaf,1,False,1,0,20000.0,0.0,1,0,0.0,,1,1,0.0002897671,0.0,1,False,0,0.0,0,False,-0.48
100000002293421100,transit,0.513,0,0.6511,"Транзит: получил 41 тыс ₸, отдал 47 тыс ₸ (115%); 32% суммы ушло в течение 2 дн. после поступления",T1,2,False,2,2,41000.0,47000.0,6,5,1.146341,0.319149,0,1,0.0009748339,1.96165e-05,1,False,2,27000.0,0,False,-0.03
100000002299948100,peripheral,0.7,32,0.1581,"Разовое поступление: 7 тыс ₸ от 1 плательщика, дальше не уходило; сумма мала",P-leaf,2,False,1,0,6750.0,0.0,1,0,0.0,,0,1,0.0002930156,0.0,1,False,0,0.0,0,False,-0.31
100000002301828100,peripheral,0.7,16,0.1353,"Разовое поступление: 47 тыс ₸ от 1 плательщика, дальше не уходило; сумма мала",P-leaf,3,False,1,0,46977.0,0.0,1,0,0.0,,0,0,0.0002929634,0.0,1,False,0,0.0,0,False,-0.4
100000002304943100,peripheral,0.4,21,0.1066,"Обрыв выгрузки на 4-м колене: получил 15 тыс ₸ от 1; исходящие не выгружены — роль «конечный» не присваиваем, нужна доп. выгрузка",P-trunc,4,False,1,0,15000.0,0.0,1,0,0.0,,0,0,0.0003063719,0.0,1,True,0,0.0,0,False,-0.14
100000002305007100,peripheral,0.7,1,0.1543,"Разовое поступление: 56 тыс ₸ от 1 плательщика, дальше не уходило; сумма мала",P-leaf,3,False,1,0,56000.0,0.0,1,0,0.0,,0,0,0.0002943096,0.0,1,False,0,0.0,0,False,-0.32
100000002305477100,peripheral,0.4,21,0.1311,"Обрыв выгрузки на 4-м колене: получил 20 тыс ₸ от 1; исходящие не выгружены — роль «конечный» не присваиваем, нужна доп. выгрузка",P-trunc,4,False,1,0,20000.0,0.0,1,0,0.0,,0,0,0.0003133061,0.0,1,True,0,0.0,0,False,-0.14
100000002306369100,peripheral,0.5,2,0.4145,"Получил 73 тыс ₸, отдал 261 тыс ₸ (357%) — отдаёт больше полученного: вероятны поступления извне выборки",P-other,1,False,1,6,73166.0,260900.0,1,9,3.565864,0.0,1,1,0.0002992991,7.02515e-05,1,False,81,1299020.0,0,False,0.94
100000002308091100,terminal,0.643,12,0.4691,"Конечный получатель: 187 тыс ₸ от 1 плательщиков, исходящих ≥5 тыс ₸ нет; колено 3 — обход здесь не обрывался",E1,3,False,1,0,186720.0,0.0,1,0,0.0,,0,0,0.0005611069,0.0,1,False,0,0.0,0,False,0.49
100000002320495100,peripheral,0.4,16,0.1674,"Обрыв выгрузки на 4-м колене: получил 14 тыс ₸ от 1; исходящие не выгружены — роль «конечный» не присваиваем, нужна доп. выгрузка",P-trunc,4,False,1,0,13526.27,0.0,1,0,0.0,,0,0,0.0005354179,0.0,1,True,0,0.0,0,False,-0.14
100000002324543100,peripheral,0.7,7,0.1977,"Разовое поступление: 30 тыс ₸ от 1 плательщика, дальше не уходило; сумма мала",P-leaf,1,False,1,0,30202.0,0.0,1,0,0.0,,1,1,0.0002888128,0.0,1,False,0,0.0,0,False,-0.48
100000002335358100,peripheral,0.7,5,0.4045,"Разовое поступление: 140 тыс ₸ от 1 плательщика, дальше не уходило; сумма мала",P-leaf,2,False,1,0,140000.0,0.0,2,0,0.0,,0,1,0.0006124866,0.0,1,False,0,0.0,0,False,0.17
100000002340562100,peripheral,0.7,6,0.3245,"Разовое поступление: 37 тыс ₸ от 1 плательщика, дальше не уходило; сумма мала",P-leaf,2,False,1,0,36650.0,0.0,2,0,0.0,,0,1,0.0005308569,0.0,1,False,0,0.0,0,False,-0.31
100000002343825100,peripheral,0.5,10,0.3539,"Получил 350 тыс ₸, отдал 90 тыс ₸ (26%) — удерживает часть средств, признаков роли недостаточно",P-other,3,False,3,2,350000.0,89800.0,4,2,0.256571,0.556793,0,0,0.0003335973,4.27997e-05,2,False,0,0.0,2,False,1.06
100000002346166100,peripheral,0.7,1,0.0117,"Разовое поступление: 6 тыс ₸ от 1 плательщика, дальше не уходило; сумма мала",P-leaf,3,False,1,0,6000.0,0.0,1,0,0.0,,0,0,0.0002865058,0.0,1,False,0,0.0,0,False,-0.4
100000002356167100,peripheral,0.5,4,0.2928,"Получил 300 тыс ₸, отдал 30 тыс ₸ (10%) — удерживает часть средств, признаков роли недостаточно",P-other,3,False,1,2,300000.0,29500.0,1,3,0.098333,0.186441,0,0,0.000295292,3.84405e-05,1,False,0,0.0,1,False,0.87
100000002369443100,peripheral,0.7,1,0.1424,"Разовое поступление: 50 тыс ₸ от 1 плательщика, дальше не уходило; сумма мала",P-leaf,3,False,1,0,50000.0,0.0,1,0,0.0,,0,0,0.0002933732,0.0,1,False,0,0.0,0,False,-0.4
100000002369454100,peripheral,0.4,3,0.1839,"Обрыв выгрузки на 4-м колене: получил 25 тыс ₸ от 1; исходящие не выгружены — роль «конечный» не присваиваем, нужна доп. выгрузка",P-trunc,4,False,1,0,25000.0,0.0,1,0,0.0,,0,0,0.0004288818,0.0,1,True,0,0.0,0,False,-0.14
100000002369510100,peripheral,0.7,1,0.1168,"Разовое поступление: 37 тыс ₸ от 1 плательщика, дальше не уходило; сумма мала",P-leaf,3,False,1,0,37150.0,0.0,1,0,0.0,,0,0,0.0002913676,0.0,1,False,0,0.0,0,False,-0.4
100000002369874100,terminal,1.0,7,0.4669,"Конечный получатель: 600 тыс ₸ от 4 плательщиков, исходящих ≥5 тыс ₸ нет; колено 3 — обход здесь не обрывался",E1,3,False,4,0,600000.0,0.0,4,0,0.0,,0,0,0.0003373479,0.0,4,False,0,0.0,0,False,1.27
100000002371751100,transit,0.75,61,0.6811,"Транзит: получил 200 тыс ₸, отдал 250 тыс ₸ (125%); 100% суммы ушло в течение 2 дн. после поступления",T2,1,False,1,1,200000.0,250000.0,5,1,1.25,1.0,1,1,0.0005285862,1.981e-07,1,False,0,0.0,1,False,1.01
100000002371892100,peripheral,0.4,62,0.164,"Обрыв выгрузки на 4-м колене: получил 44 тыс ₸ от 1; исходящие не выгружены — роль «конечный» не присваиваем, нужна доп. выгрузка",P-trunc,4,False,1,0,43830.0,0.0,1,0,0.0,,0,0,0.0003065326,0.0,1,True,0,0.0,0,False,0.05
100000002373144100,peripheral,0.5,0,0.1839,"Получил 46 тыс ₸, отдал 11 тыс ₸ (23%) — удерживает часть средств, признаков роли недостаточно",P-other,3,False,1,1,46468.0,10764.0,1,1,0.231643,0.0,0,0,0.0002896902,1.92202e-05,1,False,0,0.0,0,False,-0.06
100000002373386100,peripheral,0.7,1,0.0795,"Разовое поступление: 24 тыс ₸ от 1 плательщика, дальше не уходило; сумма мала",P-leaf,3,False,1,0,24000.0,0.0,1,0,0.0,,0,0,0.0002893152,0.0,1,False,0,0.0,0,False,-0.4
100000002380341100,peripheral,0.7,0,0.1857,"Разовое поступление: 58 тыс ₸ от 1 плательщика, дальше не уходило; сумма мала",P-leaf,3,False,1,0,57566.4,0.0,1,0,0.0,,0,0,0.0003091365,0.0,1,False,0,0.0,0,False,-0.3
100000002391278100,peripheral,0.5,27,0.2397,"Получил 30 тыс ₸, отдал 53 тыс ₸ (176%) — отдаёт больше полученного: вероятны поступления извне выборки",P-other,3,False,1,1,30000.0,52700.0,5,2,1.756667,1.0,0,0,0.0003913223,0.0,1,False,1,30000.0,0,False,-0.06
100000002394199100,peripheral,0.5,6,0.3563,"Получил 277 тыс ₸, отдал 77 тыс ₸ (28%) — удерживает часть средств, признаков роли недостаточно",P-other,3,False,1,1,277398.0,76777.0,3,1,0.276776,1.0,0,0,0.0029678524,0.0,1,False,1,76777.0,0,False,0.92
100000002398779100,consolidator,1.0,0,0.9099,"Сбор средств: 1,1 млн ₸ от 13 плательщиков (из них seed: 0), дальше ушло 6% полученного; до 7 плательщиков в один день",K1,2,False,13,1,1095690.0,66000.0,28,3,0.060236,1.0,0,2,0.0016005031,1.27805e-05,7,False,0,0.0,13,False,1.44
100000002404112100,peripheral,0.4,26,0.2069,"Обрыв выгрузки на 4-м колене: получил 60 тыс ₸ от 1; исходящие не выгружены — роль «конечный» не присваиваем, нужна доп. выгрузка",P-trunc,4,False,1,0,60000.0,0.0,1,0,0.0,,0,0,0.0003300835,0.0,1,True,0,0.0,0,False,0.26
100000002432143100,peripheral,0.7,2,0.3275,"Разовое поступление: 81 тыс ₸ от 1 плательщика, дальше не уходило; сумма мала",P-leaf,2,False,1,0,81310.0,0.0,1,0,0.0,,0,1,0.0003352567,0.0,1,False,0,0.0,0,False,-0.15
100000002433697100,transit,0.846,4,0.451,"Транзит: получил 130 тыс ₸, отдал 110 тыс ₸ (85%); 100% суммы ушло в течение 2 дн. после поступления",T1,3,False,1,1,130000.0,110000.0,1,1,0.846154,1.0,0,0,0.0002897825,1.92202e-05,1,False,0,0.0,1,False,0.65
100000002435265100,peripheral,0.7,0,0.1872,"Разовое поступление: 133 тыс ₸ от 1 плательщика, дальше не уходило; сумма мала",P-leaf,3,False,1,0,132628.0,0.0,3,0,0.0,,0,0,0.0002930389,0.0,1,False,0,0.0,0,False,0.26
100000002443664100,terminal,0.928,12,0.5728,"Конечный получатель: 557 тыс ₸ от 3 плательщиков, исходящих ≥5 тыс ₸ нет; колено 2 — обход здесь не обрывался",E1,2,False,3,0,556880.0,0.0,3,0,0.0,,0,1,0.0003387704,0.0,3,False,0,0.0,0,False,1.0
100000002445750100,peripheral,0.5,0,0.4206,"Получил 70 тыс ₸, отдал 10 тыс ₸ (14%) — удерживает часть средств, признаков роли недостаточно",P-other,2,False,1,1,70000.0,10000.0,1,1,0.142857,0.0,0,1,0.0005372907,1.94184e-05,1,False,0,0.0,0,False,-0.16
100000002448088100,transit,0.75,21,0.4823,"Транзит: получил 20 тыс ₸, отдал 25 тыс ₸ (125%); 100% суммы ушло в течение 2 дн. после поступления",T2,3,False,3,1,20000.0,25000.0,3,1,1.25,1.0,0,0,0.0005086561,2.08054e-05,2,False,0,0.0,2,False,0.61
100000002454724100,peripheral,0.7,30,0.3164,"Разовое поступление: 125 тыс ₸ от 1 плательщика, дальше не уходило; сумма мала",P-leaf,2,False,1,0,125000.0,0.0,3,0,0.0,,0,1,0.000301186,0.0,1,False,0,0.0,0,False,0.11
100000002457464100,peripheral,0.7,2,0.3134,"Разовое поступление: 67 тыс ₸ от 1 плательщика, дальше не уходило; сумма мала",P-leaf,2,False,1,0,66647.0,0.0,1,0,0.0,,0,1,0.000322174,0.0,1,False,0,0.0,0,False,-0.27
100000002459093100,peripheral,0.5,27,0.4712,"Получил 500 тыс ₸, отдал 55 тыс ₸ (11%) — удерживает часть средств, признаков роли недостаточно",P-other,2,False,1,1,500000.0,55000.0,2,3,0.11,0.0,0,1,0.00038925,1.1889e-06,1,False,0,0.0,0,False,1.0
100000002459163100,peripheral,0.7,56,0.2663,"Разовое поступление: 20 тыс ₸ от 1 плательщика, дальше не уходило; сумма мала",P-leaf,2,False,1,0,20180.0,0.0,1,0,0.0,,0,1,0.0003611154,0.0,1,False,0,0.0,0,False,-0.31
100000002459164100,peripheral,0.7,0,0.1896,"Разовое поступление: 20 тыс ₸ от 1 плательщика, дальше не уходило; сумма мала",P-leaf,3,False,1,0,20000.0,0.0,1,0,0.0,,0,0,0.0005418287,0.0,1,False,0,0.0,0,False,-0.4
100000002459240100,peripheral,0.7,4,0.1796,"Разовое поступление: 150 тыс ₸ от 1 плательщика, дальше не уходило; сумма мала",P-leaf,3,False,1,0,150000.0,0.0,1,0,0.0,,0,0,0.0002904307,0.0,1,False,0,0.0,0,False,0.34
100000002459832100,terminal,1.0,3,0.4919,"Конечный получатель: 881 тыс ₸ от 2 плательщиков, исходящих ≥5 тыс ₸ нет; колено 3 — обход здесь не обрывался",E1,3,False,2,0,880606.0,0.0,2,0,0.0,,0,0,0.000393188,0.0,1,False,0,0.0,0,False,1.53
100000002462183100,peripheral,0.7,45,0.359,"Разовое поступление: 108 тыс ₸ от 1 плательщика, дальше не уходило; сумма мала",P-leaf,1,False,1,0,107500.0,0.0,3,0,0.0,,1,1,0.0003802621,0.0,1,False,0,0.0,0,False,0.04
100000002469065100,terminal,0.65,5,0.5701,"Конечный получатель: 200 тыс ₸ от 1 плательщиков, исходящих ≥5 тыс ₸ нет; колено 2 — обход здесь не обрывался",E1,2,False,1,0,200000.0,0.0,1,0,0.0,,0,2,0.000318696,0.0,1,False,0,0.0,0,False,0.39
100000002472632100,peripheral,0.5,25,0.4189,"Получил 502 тыс ₸, отдал 20 тыс ₸ (4%) — удерживает часть средств, признаков роли недостаточно",P-other,3,False,2,1,502400.0,20000.0,3,1,0.039809,0.0,0,0,0.0009856193,2.00128e-05,1,False,0,0.0,0,False,1.18
100000002474570100,peripheral,0.4,19,0.0306,"Обрыв выгрузки на 4-м колене: получил 7 тыс ₸ от 1; исходящие не выгружены — роль «конечный» не присваиваем, нужна доп. выгрузка",P-trunc,4,False,1,0,6750.0,0.0,1,0,0.0,,0,0,0.0002891816,0.0,1,True,0,0.0,0,False,-0.14
100000002475601100,terminal,0.666,3,0.3997,"Конечный получатель: 232 тыс ₸ от 1 плательщиков, исходящих ≥5 тыс ₸ нет; колено 3 — обход здесь не обрывался",E1,3,False,1,0,232301.0,0.0,1,0,0.0,,0,0,0.0003021144,0.0,1,False,0,0.0,0,False,0.63
100000002478829100,peripheral,0.4,21,0.1942,"Обрыв выгрузки на 4-м колене: получил 34 тыс ₸ от 1; исходящие не выгружены — роль «конечный» не присваиваем, нужна доп. выгрузка",P-trunc,4,False,1,0,34000.0,0.0,1,0,0.0,,0,0,0.0003873345,0.0,1,True,0,0.0,0,False,-0.13
100000002479804100,peripheral,0.5,2,0.3298,"Получил 46 тыс ₸, отдал 35 тыс ₸ (77%) — удерживает часть средств, признаков роли недостаточно",P-other,1,False,1,2,46000.0,35300.0,1,2,0.767391,0.651558,1,1,0.0002969663,1.7833e-06,1,False,0,0.0,1,False,-0.01
100000002480800100,terminal,0.885,2,0.672,"Конечный получатель: 569 тыс ₸ от 2 плательщиков, исходящих ≥5 тыс ₸ нет; колено 1 — обход здесь не обрывался",E1,1,False,2,0,569251.0,0.0,2,0,0.0,,1,2,0.0006410781,0.0,2,False,0,0.0,0,False,1.17
100000002481735100,peripheral,0.7,5,0.2703,"Разовое поступление: 22 тыс ₸ от 1 плательщика, дальше не уходило; сумма мала",P-leaf,2,False,1,0,22436.0,0.0,2,0,0.0,,0,1,0.0003627035,0.0,1,False,0,0.0,0,False,-0.31
100000002481974100,peripheral,0.5,3,0.3493,"Получил 89 тыс ₸, отдал 318 тыс ₸ (356%) — отдаёт больше полученного: вероятны поступления извне выборки",P-other,3,False,2,2,89447.0,318000.0,2,4,3.555178,0.185535,0,0,0.0003316687,3.88368e-05,1,False,0,0.0,2,False,1.01
100000002487222100,peripheral,0.4,4,0.2073,"Обрыв выгрузки на 4-м колене: получил 90 тыс ₸ от 1; исходящие не выгружены — роль «конечный» не присваиваем, нужна доп. выгрузка",P-trunc,4,False,1,0,90000.0,0.0,2,0,0.0,,0,0,0.0003104273,0.0,1,True,0,0.0,0,False,0.55
100000002488629100,peripheral,0.7,6,0.2853,"Разовое поступление: 73 тыс ₸ от 1 плательщика, дальше не уходило; сумма мала",P-leaf,2,False,1,0,73050.0,0.0,1,0,0.0,,0,1,0.0002994145,0.0,1,False,0,0.0,0,False,-0.22
100000002489253100,peripheral,0.7,5,0.2757,"Разовое поступление: 51 тыс ₸ от 1 плательщика, дальше не уходило; сумма мала",P-leaf,2,False,1,0,51000.0,0.0,1,0,0.0,,0,1,0.0003018445,0.0,1,False,0,0.0,0,False,-0.31
100000002492277100,peripheral,0.7,2,0.3288,"Разовое поступление: 138 тыс ₸ от 1 плательщика, дальше не уходило; сумма мала",P-leaf,2,False,1,0,138500.0,0.0,1,0,0.0,,0,1,0.0003074035,0.0,1,False,0,0.0,0,False,0.17
100000002505277100,peripheral,0.4,0,0.2306,"Обрыв выгрузки на 4-м колене: получил 60 тыс ₸ от 1; исходящие не выгружены — роль «конечный» не присваиваем, нужна доп. выгрузка",P-trunc,4,False,1,0,60000.0,0.0,1,0,0.0,,0,0,0.0004076531,0.0,1,True,0,0.0,0,False,0.26
100000002506987100,peripheral,0.4,8,0.1204,"Обрыв выгрузки на 4-м колене: получил 28 тыс ₸ от 1; исходящие не выгружены — роль «конечный» не присваиваем, нужна доп. выгрузка",P-trunc,4,False,1,0,28200.0,0.0,1,0,0.0,,0,0,0.0002961254,0.0,1,True,0,0.0,0,False,-0.14
100000002508637100,peripheral,0.5,3,0.3023,"Получил 306 тыс ₸, отдал 8 тыс ₸ (3%) — удерживает часть средств, признаков роли недостаточно",P-other,3,False,1,1,306410.0,8000.0,1,1,0.026109,0.0,0,0,0.0003073926,7.926e-07,1,False,0,0.0,0,False,0.84
100000002509598100,terminal,0.703,12,0.4066,"Конечный получатель: 306 тыс ₸ от 1 плательщиков, исходящих ≥5 тыс ₸ нет; колено 3 — обход здесь не обрывался",E1,3,False,1,0,305550.0,0.0,1,0,0.0,,0,0,0.0003001232,0.0,1,False,0,0.0,0,False,0.82
100000002511581100,peripheral,0.7,1,0.0549,"Разовое поступление: 18 тыс ₸ от 1 плательщика, дальше не уходило; сумма мала",P-leaf,3,False,1,0,17600.0,0.0,1,0,0.0,,0,0,0.0002883163,0.0,1,False,0,0.0,0,False,-0.4
100000002511825100,peripheral,0.7,0,0.2767,"Разовое поступление: 65 тыс ₸ от 1 плательщика, дальше не уходило; сумма мала",P-leaf,1,False,1,0,65000.0,0.0,1,0,0.0,,1,1,0.0002977667,0.0,1,False,0,0.0,0,False,-0.3
100000002512742100,peripheral,0.4,19,0.0259,"Обрыв выгрузки на 4-м колене: получил 6 тыс ₸ от 1; исходящие не выгружены — роль «конечный» не присваиваем, нужна доп. выгрузка",P-trunc,4,False,1,0,6000.0,0.0,1,0,0.0,,0,0,0.0002887802,0.0,1,True,0,0.0,0,False,-0.14
100000002513028100,peripheral,0.5,60,0.3208,"Получил 10 тыс ₸, отдал 333 тыс ₸ (3502%) — отдаёт больше полученного: вероятны поступления извне выборки",P-other,3,False,1,3,9500.0,332709.0,1,24,35.022,0.0,0,0,0.0003055979,6.06329e-05,1,False,0,0.0,0,True,0.89
100000002514975100,peripheral,0.4,26,0.1784,"Обрыв выгрузки на 4-м колене: получил 18 тыс ₸ от 1; исходящие не выгружены — роль «конечный» не присваиваем, нужна доп. выгрузка",P-trunc,4,False,1,0,17920.0,0.0,1,0,0.0,,0,0,0.0005310425,0.0,1,True,0,0.0,0,False,-0.14
100000002516862100,peripheral,0.4,60,0.2272,"Обрыв выгрузки на 4-м колене: получил 82 тыс ₸ от 1; исходящие не выгружены — роль «конечный» не присваиваем, нужна доп. выгрузка",P-trunc,4,False,1,0,81710.0,0.0,5,0,0.0,,0,0,0.0003494397,0.0,1,True,0,0.0,0,False,0.48
100000002521039100,terminal,0.725,0,0.4197,"Конечный получатель: 349 тыс ₸ от 1 плательщиков, исходящих ≥5 тыс ₸ нет; колено 3 — обход здесь не обрывался",E1,3,False,1,0,349370.0,0.0,1,0,0.0,,0,0,0.0003052458,0.0,1,False,0,0.0,0,False,0.91
100000002527114100,distributor,1.0,1,0.8444,"Веерная рассылка: 3,3 млн ₸ на 111 получателей (113 переводов), плательщиков в выборке: 3; seed-клиент",D1,0,True,3,111,129000.0,3289249.0,4,113,,0.446374,0,1,0.0008111057,0.0001933913,1,False,3,64000.0,44,False,5.26
100000002528544100,terminal,0.646,3,0.385,"Конечный получатель: 193 тыс ₸ от 1 плательщиков, исходящих ≥5 тыс ₸ нет; колено 3 — обход здесь не обрывался",E1,3,False,1,0,192912.0,0.0,1,0,0.0,,0,0,0.000299309,0.0,1,False,0,0.0,0,False,0.51
100000002528978100,peripheral,0.4,8,0.0712,"Обрыв выгрузки на 4-м колене: получил 16 тыс ₸ от 1; исходящие не выгружены — роль «конечный» не присваиваем, нужна доп. выгрузка",P-trunc,4,False,1,0,15900.0,0.0,1,0,0.0,,0,0,0.0002915211,0.0,1,True,0,0.0,0,False,-0.14
100000002529877100,peripheral,0.4,12,0.2437,"Обрыв выгрузки на 4-м колене: получил 232 тыс ₸ от 1; исходящие не выгружены — роль «конечный» не присваиваем, нужна доп. выгрузка",P-trunc,4,False,1,0,232000.0,0.0,1,0,0.0,,0,0,0.0003058339,0.0,1,True,0,0.0,0,False,1.2
100000002529880100,terminal,0.673,10,0.3852,"Конечный получатель: 147 тыс ₸ от 2 плательщиков, исходящих ≥5 тыс ₸ нет; колено 3 — обход здесь не обрывался",E1,3,False,2,0,147000.0,0.0,2,0,0.0,,0,0,0.0003061335,0.0,2,False,0,0.0,0,False,0.33
100000002530224100,peripheral,0.7,7,0.1752,"Разовое поступление: 113 тыс ₸ от 1 плательщика, дальше не уходило; сумма мала",P-leaf,3,False,1,0,113000.0,0.0,1,0,0.0,,0,0,0.000291391,0.0,1,False,0,0.0,0,False,0.15
100000002531406100,transit,0.462,3,0.5549,"Транзит: получил 520 тыс ₸, отдал 500 тыс ₸ (96%); 0% суммы ушло в течение 2 дн. после поступления",T1,3,False,1,1,520000.0,500000.0,1,1,0.961538,0.0,0,0,0.0003226051,7.926e-07,1,False,0,0.0,0,False,1.62
100000002534091100,peripheral,0.7,3,0.1071,"Разовое поступление: 22 тыс ₸ от 1 плательщика, дальше не уходило; сумма мала",P-leaf,3,False,1,0,22200.0,0.0,1,0,0.0,,0,0,0.0002963662,0.0,1,False,0,0.0,0,False,-0.4
100000002537811100,peripheral,0.5,9,0.337,"Получил 52 тыс ₸, отдал 15 тыс ₸ (29%) — удерживает часть средств, признаков роли недостаточно",P-other,3,False,1,1,52000.0,15000.0,1,1,0.288462,0.0,0,0,0.0012313777,2.63535e-05,1,False,0,0.0,0,False,-0.06
100000002539625100,peripheral,0.7,10,0.3408,"Разовое поступление: 95 тыс ₸ от 1 плательщика, дальше не уходило; сумма мала",P-leaf,2,False,1,0,94700.0,0.0,1,0,0.0,,0,1,0.0003450202,0.0,1,False,0,0.0,0,False,-0.06
100000002540033100,peripheral,0.4,17,0.1681,"Обрыв выгрузки на 4-м колене: получил 10 тыс ₸ от 1; исходящие не выгружены — роль «конечный» не присваиваем, нужна доп. выгрузка",P-trunc,4,False,1,0,10000.0,0.0,1,0,0.0,,0,0,0.0005960852,0.0,1,True,0,0.0,0,False,-0.14
100000002540623100,peripheral,0.7,9,0.3394,"Разовое поступление: 100 тыс ₸ от 1 плательщика, дальше не уходило; сумма мала",P-leaf,2,False,1,0,100000.0,0.0,1,0,0.0,,0,1,0.0003332151,0.0,1,False,0,0.0,0,False,-0.03
100000002546921100,peripheral,0.7,14,0.081,"Разовое поступление: 20 тыс ₸ от 1 плательщика, дальше не уходило; сумма мала",P-leaf,3,False,1,0,20000.0,0.0,1,0,0.0,,0,0,0.0002912223,0.0,1,False,0,0.0,0,False,-0.4
100000002547110100,consolidator,0.8,10,0.6884,"Сбор средств: 1,5 млн ₸ от 6 плательщиков (из них seed: 0), дальше ушло 0% полученного; до 5 плательщиков в один день",K1,3,False,6,0,1500000.0,0.0,10,0,0.0,,0,0,0.0005516278,0.0,5,False,0,0.0,0,False,1.88
100000002548759100,terminal,0.787,7,0.4275,"Конечный получатель: 375 тыс ₸ от 2 плательщиков, исходящих ≥5 тыс ₸ нет; колено 3 — обход здесь не обрывался",E1,3,False,2,0,375000.0,0.0,2,0,0.0,,0,0,0.000308529,0.0,2,False,0,0.0,0,False,0.95
100000002550141100,peripheral,0.7,3,0.2122,"Разовое поступление: 101 тыс ₸ от 1 плательщика, дальше не уходило; сумма мала",P-leaf,3,False,1,0,100586.0,0.0,1,0,0.0,,0,0,0.0003077875,0.0,1,False,0,0.0,0,False,0.07
100000002554175100,peripheral,0.7,8,0.1074,"Разовое поступление: 25 тыс ₸ от 1 плательщика, дальше не уходило; сумма мала",P-leaf,3,False,1,0,24621.0,0.0,1,0,0.0,,0,0,0.0002947426,0.0,1,False,0,0.0,0,False,-0.4
100000002556775100,terminal,0.7,4,0.3922,"Конечный получатель: 300 тыс ₸ от 1 плательщиков, исходящих ≥5 тыс ₸ нет; колено 3 — обход здесь не обрывался",E1,3,False,1,0,300000.0,0.0,1,0,0.0,,0,0,0.000295292,0.0,1,False,0,0.0,0,False,0.8
100000002558173100,peripheral,0.7,32,0.1733,"Разовое поступление: 9 тыс ₸ от 1 плательщика, дальше не уходило; сумма мала",P-leaf,2,False,1,0,9300.0,0.0,1,0,0.0,,0,1,0.0002958287,0.0,1,False,0,0.0,0,False,-0.31
100000002559089100,terminal,0.957,12,0.4873,"Конечный получатель: 715 тыс ₸ от 2 плательщиков, исходящих ≥5 тыс ₸ нет; колено 3 — обход здесь не обрывался",E1,3,False,2,0,715000.0,0.0,2,0,0.0,,0,0,0.000392426,0.0,2,False,0,0.0,0,False,1.39
100000002565277100,terminal,0.792,2,0.629,"Конечный получатель: 483 тыс ₸ от 1 плательщиков, исходящих ≥5 тыс ₸ нет; колено 1 — обход здесь не обрывался",E1,1,False,1,0,483319.0,0.0,1,0,0.0,,1,2,0.0003823474,0.0,1,False,0,0.0,0,False,1.06
100000002566204100,peripheral,0.7,9,0.3215,"Разовое поступление: 81 тыс ₸ от 1 плательщика, дальше не уходило; сумма мала",P-leaf,2,False,1,0,80805.0,0.0,1,0,0.0,,0,1,0.0003240695,0.0,1,False,0,0.0,0,False,-0.16
100000002567887100,peripheral,0.7,4,0.1079,"Разовое поступление: 51 тыс ₸ от 1 плательщика, дальше не уходило; сумма мала",P-leaf,3,False,1,0,50915.0,0.0,1,0,0.0,,0,0,0.0002872194,0.0,1,False,0,0.0,0,False,-0.38
100000002570206100,terminal,0.683,16,0.5142,"Конечный получатель: 167 тыс ₸ от 2 плательщиков, исходящих ≥5 тыс ₸ нет; колено 2 — обход здесь не обрывался",E1,2,False,2,0,166959.6,0.0,2,0,0.0,,0,1,0.0003185105,0.0,1,False,0,0.0,0,False,0.28
100000002575080100,transit,0.962,15,0.4643,"Транзит: получил 13 тыс ₸, отдал 12 тыс ₸ (96%); 100% суммы ушло в течение 2 дн. после поступления",T1,3,False,1,1,13000.0,12500.0,1,1,0.961538,1.0,0,0,0.0005518178,1.98147e-05,1,False,0,0.0,1,False,-0.06
100000002578405100,distributor,1.0,1,0.8342,"Веерная рассылка: 3,1 млн ₸ на 116 получателей (120 переводов), плательщиков в выборке: 2",D1,2,False,2,116,1200351.0,3108352.0,7,120,2.589536,0.669318,0,1,0.0005700071,0.0001710007,1,False,2,78700.0,86,False,10.73
100000002578653100,peripheral,0.7,46,0.1281,"Разовое поступление: 20 тыс ₸ от 1 плательщика, дальше не уходило; сумма мала",P-leaf,3,False,1,0,20000.0,0.0,1,0,0.0,,0,0,0.0003113101,0.0,1,False,0,0.0,0,False,-0.4
100000002580377100,peripheral,0.5,5,0.2704,"Получил 38 тыс ₸, отдал 5 тыс ₸ (13%) — удерживает часть средств, признаков роли недостаточно",P-other,1,False,1,1,37750.0,5000.0,2,1,0.13245,0.0,1,1,0.0002896281,1.92202e-05,1,False,0,0.0,0,False,-0.24
100000002581346100,terminal,0.633,4,0.3501,"Конечный получатель: 166 тыс ₸ от 1 плательщиков, исходящих ≥5 тыс ₸ нет; колено 3 — обход здесь не обрывался",E1,3,False,1,0,166400.0,0.0,1,0,0.0,,0,0,0.0002909622,0.0,1,False,0,0.0,0,False,0.41
100000002589019100,peripheral,0.7,11,0.2199,"Разовое поступление: 35 тыс ₸ от 1 плательщика, дальше не уходило; сумма мала",P-leaf,1,False,1,0,34710.0,0.0,1,0,0.0,,1,1,0.0002913296,0.0,1,False,0,0.0,0,False,-0.48
100000002591469100,terminal,0.668,6,0.4992,"Конечный получатель: 236 тыс ₸ от 1 плательщиков, исходящих ≥5 тыс ₸ нет; колено 1 — обход здесь не обрывался",E1,1,False,1,0,235670.0,0.0,1,0,0.0,,1,1,0.0002990831,0.0,1,False,0,0.0,0,False,0.57
100000002592567100,peripheral,0.5,5,0.2834,"Получил 5 тыс ₸, отдал 49 тыс ₸ (918%) — отдаёт больше полученного: вероятны поступления извне выборки",P-other,1,False,1,2,5297.0,48600.0,1,2,9.175005,0.0,1,1,0.0002861388,0.0007202477,1,False,0,0.0,0,False,-0.01
100000002593038100,peripheral,0.7,11,0.3283,"Разовое поступление: 28 тыс ₸ от 1 плательщика, дальше не уходило; сумма мала",P-leaf,2,False,1,0,28500.0,0.0,1,0,0.0,,0,1,0.0006586124,0.0,1,False,0,0.0,0,False,-0.31
100000002593344100,terminal,0.816,7,0.4641,"Конечный получатель: 431 тыс ₸ от 2 плательщиков, исходящих ≥5 тыс ₸ нет; колено 3 — обход здесь не обрывался",E1,3,False,2,0,431000.0,0.0,2,0,0.0,,0,0,0.0003589616,0.0,2,False,0,0.0,0,False,1.05
100000002594214100,peripheral,0.4,39,0.3261,"Обрыв выгрузки на 4-м колене: получил 1,0 млн ₸ от 1; исходящие не выгружены — роль «конечный» не присваиваем, нужна доп. выгрузка",P-trunc,4,False,1,0,1000000.0,0.0,1,0,0.0,,0,0,0.0003670592,0.0,1,True,0,0.0,0,False,2.22
100000002596035100,terminal,0.666,9,0.5778,"Конечный получатель: 232 тыс ₸ от 1 плательщиков, исходящих ≥5 тыс ₸ нет; колено 1 — обход здесь не обрывался",E1,1,False,1,0,231570.0,0.0,1,0,0.0,,1,2,0.0003206916,0.0,1,False,0,0.0,0,False,0.56
100000002596039100,peripheral,0.4,3,0.2491,"Обрыв выгрузки на 4-м колене: получил 280 тыс ₸ от 1; исходящие не выгружены — роль «конечный» не присваиваем, нужна доп. выгрузка",P-trunc,4,False,1,0,280000.0,0.0,1,0,0.0,,0,0,0.0003043433,0.0,1,True,0,0.0,0,False,1.33
100000002597003100,peripheral,0.5,0,0.2452,"Получил 18 тыс ₸, отдал 11 тыс ₸ (62%) — удерживает часть средств, признаков роли недостаточно",P-other,1,False,1,1,17700.0,11000.0,1,1,0.621469,0.0,1,1,0.0002888907,1.92202e-05,1,False,0,0.0,0,False,-0.24
100000002597074100,peripheral,0.4,0,0.0921,"Обрыв выгрузки на 4-м колене: получил 8 тыс ₸ от 1; исходящие не выгружены — роль «конечный» не присваиваем, нужна доп. выгрузка",P-trunc,4,False,1,0,8000.0,0.0,1,0,0.0,,0,0,0.0003104283,0.0,1,True,0,0.0,0,False,-0.14
100000002597623100,peripheral,0.7,0,0.0409,"Разовое поступление: 16 тыс ₸ от 1 плательщика, дальше не уходило; сумма мала",P-leaf,3,False,1,0,16418.0,0.0,1,0,0.0,,0,0,0.000286494,0.0,1,False,0,0.0,0,False,-0.4
100000002599729100,peripheral,0.4,0,0.2429,"Обрыв выгрузки на 4-м колене: получил 65 тыс ₸ от 1; исходящие не выгружены — роль «конечный» не присваиваем, нужна доп. выгрузка",P-trunc,4,False,1,0,65000.0,0.0,2,0,0.0,,0,0,0.0004857864,0.0,1,True,0,0.0,0,False,0.32
100000002600345100,terminal,0.626,5,0.4233,"Конечный получатель: 52 тыс ₸ от 2 плательщиков, исходящих ≥5 тыс ₸ нет; колено 1 — обход здесь не обрывался",E1,1,False,2,0,52400.0,0.0,2,0,0.0,,1,1,0.0002957205,0.0,1,False,0,0.0,0,False,-0.24
100000002603371100,peripheral,0.7,0,0.0372,"Разовое поступление: 9 тыс ₸ от 1 плательщика, дальше не уходило; сумма мала",P-leaf,3,False,1,0,9300.0,0.0,1,0,0.0,,0,0,0.0002893766,0.0,1,False,0,0.0,0,False,-0.4
100000002603478100,peripheral,0.7,11,0.1851,"Разовое поступление: 24 тыс ₸ от 1 плательщика, дальше не уходило; сумма мала",P-leaf,1,False,1,0,23500.0,0.0,1,0,0.0,,1,1,0.0002894692,0.0,1,False,0,0.0,0,False,-0.48
100000002603769100,terminal,1.0,0,0.6754,"Конечный получатель: 1,2 млн ₸ от 3 плательщиков, исходящих ≥5 тыс ₸ нет; колено 1 — обход здесь не обрывался",E1,1,False,3,0,1185368.0,0.0,3,0,0.0,,1,2,0.0005415389,0.0,1,False,0,0.0,0,False,1.67
100000002605184100,peripheral,0.7,15,0.3706,"Разовое поступление: 140 тыс ₸ от 1 плательщика, дальше не уходило; сумма мала",P-leaf,2,False,1,0,140000.0,0.0,1,0,0.0,,0,1,0.0003910735,0.0,1,False,0,0.0,0,False,0.17
100000002605308100,terminal,1.0,14,0.7032,"Конечный получатель: 2,6 млн ₸ от 3 плательщиков, исходящих ≥5 тыс ₸ нет; колено 2 — обход здесь не обрывался",E1,2,False,3,0,2569521.84,0.0,7,0,0.0,,0,2,0.0008849815,0.0,1,False,0,0.0,0,False,1.92
100000002605548100,terminal,0.658,9,0.5508,"Конечный получатель: 117 тыс ₸ от 2 плательщиков, исходящих ≥5 тыс ₸ нет; колено 1 — обход здесь не обрывался",E1,1,False,2,0,116695.0,0.0,2,0,0.0,,1,3,0.0003143214,0.0,1,False,0,0.0,0,False,0.09
100000002606567100,peripheral,0.5,0,0.2847,"Получил 14 тыс ₸, отдал 53 тыс ₸ (376%) — отдаёт больше полученного: вероятны поступления извне выборки",P-other,1,False,1,1,14095.0,53000.0,1,1,3.760199,0.0,1,1,0.0002882143,1.92202e-05,1,False,0,0.0,0,False,-0.24
100000002609774100,peripheral,0.5,8,0.2584,"Получил 8 тыс ₸, отдал 28 тыс ₸ (357%) — отдаёт больше полученного: вероятны поступления извне выборки",P-other,1,False,1,1,7700.0,27500.0,1,1,3.571429,0.0,1,1,0.0002863972,0.0002797008,1,False,0,0.0,0,False,-0.24
100000002611334100,peripheral,0.5,0,0.2359,"Получил 48 тыс ₸, отдал 16 тыс ₸ (32%) — удерживает часть средств, признаков роли недостаточно",P-other,3,False,1,1,48288.0,15500.0,1,1,0.320991,0.0,0,0,0.000305338,1.92202e-05,1,False,0,0.0,0,False,-0.06
100000002612809100,peripheral,0.5,37,0.318,"Получил 30 тыс ₸, отдал 114 тыс ₸ (380%) — отдаёт больше полученного: вероятны поступления извне выборки",P-other,3,False,1,3,30000.0,114000.0,2,4,3.8,0.131579,0,0,0.0004282927,1.5852e-06,1,False,1,15000.0,0,False,0.61
100000002613776100,peripheral,0.7,2,0.2449,"Разовое поступление: 30 тыс ₸ от 1 плательщика, дальше не уходило; сумма мала",P-leaf,2,False,1,0,30000.0,0.0,2,0,0.0,,0,1,0.0003014863,0.0,1,False,0,0.0,0,False,-0.31
100000002613929100,peripheral,0.7,7,0.2257,"Разовое поступление: 29 тыс ₸ от 1 плательщика, дальше не уходило; сумма мала",P-leaf,3,False,1,0,28560.0,0.0,1,0,0.0,,0,0,0.0007809341,0.0,1,False,0,0.0,0,False,-0.4
100000002614095100,peripheral,0.7,1,0.0088,"Разовое поступление: 5 тыс ₸ от 1 плательщика, дальше не уходило; сумма мала",P-leaf,3,False,1,0,5300.0,0.0,1,0,0.0,,0,0,0.0002863965,0.0,1,False,0,0.0,0,False,-0.4
100000002615479100,terminal,0.66,7,0.5142,"Конечный получатель: 220 тыс ₸ от 1 плательщиков, исходящих ≥5 тыс ₸ нет; колено 1 — обход здесь не обрывался",E1,1,False,1,0,220000.0,0.0,1,0,0.0,,1,1,0.0003091958,0.0,1,False,0,0.0,0,False,0.53
100000002618492100,terminal,0.748,9,0.6157,"Конечный получатель: 296 тыс ₸ от 2 плательщиков, исходящих ≥5 тыс ₸ нет; колено 1 — обход здесь не обрывался",E1,1,False,2,0,296500.0,0.0,2,0,0.0,,1,3,0.0003690268,0.0,1,False,0,0.0,0,False,0.73
100000002621434100,peripheral,0.7,7,0.1462,"Разовое поступление: 81 тыс ₸ от 1 плательщика, дальше не уходило; сумма мала",P-leaf,3,False,1,0,81000.0,0.0,1,0,0.0,,0,0,0.0002897424,0.0,1,False,0,0.0,0,False,-0.07
100000002621915100,peripheral,0.7,5,0.2478,"Разовое поступление: 5 тыс ₸ от 1 плательщика, дальше не уходило; сумма мала",P-leaf,2,False,1,0,5000.0,0.0,1,0,0.0,,0,1,0.0005320392,0.0,1,False,0,0.0,0,False,-0.31
100000002621949100,peripheral,0.7,2,0.3993,"Разовое поступление: 165 тыс ₸ от 1 плательщика, дальше не уходило; сумма мала",P-leaf,1,False,1,0,164612.0,0.0,1,0,0.0,,1,2,0.0003185306,0.0,1,False,0,0.0,0,False,0.33
100000002622822100,peripheral,0.4,17,0.3698,"Обрыв выгрузки на 4-м колене: получил 750 тыс ₸ от 1; исходящие не выгружены — роль «конечный» не присваиваем, нужна доп. выгрузка",P-trunc,4,False,1,0,750000.0,0.0,1,0,0.0,,0,0,0.0009076861,0.0,1,True,0,0.0,0,False,2.02
100000002628146100,peripheral,0.7,32,0.2701,"Разовое поступление: 30 тыс ₸ от 1 плательщика, дальше не уходило; сумма мала",P-leaf,2,False,1,0,30500.0,0.0,2,0,0.0,,0,1,0.0003192157,0.0,1,False,0,0.0,0,False,-0.31
100000002628576100,transit,0.741,4,0.5601,"Транзит: получил 728 тыс ₸, отдал 539 тыс ₸ (74%); 100% суммы ушло в течение 2 дн. после поступления",T2,3,False,2,2,727882.0,539000.0,3,2,0.740505,1.0,0,0,0.0003113902,3.84405e-05,1,False,0,0.0,2,False,1.77
100000002632742100,terminal,0.718,10,0.4209,"Конечный получатель: 236 тыс ₸ от 2 плательщиков, исходящих ≥5 тыс ₸ нет; колено 3 — обход здесь не обрывался",E1,3,False,2,0,235500.0,0.0,2,0,0.0,,0,0,0.0003175643,0.0,1,False,0,0.0,0,False,0.64
100000002633108100,terminal,0.71,14,0.4582,"Конечный получатель: 320 тыс ₸ от 1 плательщиков, исходящих ≥5 тыс ₸ нет; колено 3 — обход здесь не обрывался",E1,3,False,1,0,320000.0,0.0,3,0,0.0,,0,0,0.0003760178,0.0,1,False,0,0.0,0,False,0.85
100000002633701100,terminal,0.683,7,0.5243,"Конечный получатель: 267 тыс ₸ от 1 плательщиков, исходящих ≥5 тыс ₸ нет; колено 2 — обход здесь не обрывался",E1,2,False,1,0,266850.0,0.0,1,0,0.0,,0,1,0.0003106798,0.0,1,False,0,0.0,0,False,0.56
100000002635746100,peripheral,0.4,19,0.021,"Обрыв выгрузки на 4-м колене: получил 5 тыс ₸ от 1; исходящие не выгружены — роль «конечный» не присваиваем, нужна доп. выгрузка",P-trunc,4,False,1,0,5300.0,0.0,1,0,0.0,,0,0,0.0002884056,0.0,1,True,0,0.0,0,False,-0.14
100000002635780100,peripheral,0.7,6,0.4071,"Разовое поступление: 163 тыс ₸ от 1 плательщика, дальше не уходило; сумма мала",P-leaf,2,False,1,0,163000.02,0.0,1,0,0.0,,0,1,0.000555385,0.0,1,False,0,0.0,0,False,0.26
100000002644285100,terminal,0.8,12,0.4402,"Конечный получатель: 500 тыс ₸ от 1 плательщиков, исходящих ≥5 тыс ₸ нет; колено 3 — обход здесь не обрывался",E1,3,False,1,0,500000.0,0.0,1,0,0.0,,0,0,0.0003093852,0.0,1,False,0,0.0,0,False,1.15
100000002645046100,peripheral,0.4,19,0.0613,"Обрыв выгрузки на 4-м колене: получил 12 тыс ₸ от 1; исходящие не выгружены — роль «конечный» не присваиваем, нужна доп. выгрузка",P-trunc,4,False,1,0,12000.0,0.0,1,0,0.0,,0,0,0.0002919911,0.0,1,True,0,0.0,0,False,-0.14
100000002645609100,terminal,0.973,0,0.5781,"Конечный получатель: 547 тыс ₸ от 4 плательщиков, исходящих ≥5 тыс ₸ нет; колено 1 — обход здесь не обрывался",E1,1,False,4,0,546820.6799999999,0.0,5,0,0.0,,1,1,0.0003553579,0.0,1,False,0,0.0,0,False,1.15
100000002645993100,peripheral,0.5,0,0.2539,"Получил 50 тыс ₸, отдал 87 тыс ₸ (175%) — отдаёт больше полученного: вероятны поступления извне выборки",P-other,3,False,2,5,49650.0,86980.0,4,9,1.751863,1.0,0,0,0.0002933086,9.38762e-05,2,False,18,193160.0,10,True,1.62
100000002646745100,peripheral,0.7,1,0.0335,"Разовое поступление: 12 тыс ₸ от 1 плательщика, дальше не уходило; сумма мала",P-leaf,3,False,1,0,12300.0,0.0,1,0,0.0,,0,0,0.0002874891,0.0,1,False,0,0.0,0,False,-0.4
100000002646887100,peripheral,0.7,10,0.1085,"Разовое поступление: 24 тыс ₸ от 1 плательщика, дальше не уходило; сумма мала",P-leaf,3,False,1,0,24354.0,0.0,1,0,0.0,,0,0,0.0002951876,0.0,1,False,0,0.0,0,False,-0.4
100000002648315100,peripheral,0.5,6,0.358,"Получил 132 тыс ₸, отдал 76 тыс ₸ (58%) — удерживает часть средств, признаков роли недостаточно",P-other,1,False,1,2,132000.0,76000.0,1,3,0.575758,0.0,1,1,0.0002931385,3.963e-07,1,False,0,0.0,0,False,0.49
100000002653187100,peripheral,0.4,11,0.1607,"Обрыв выгрузки на 4-м колене: получил 15 тыс ₸ от 1; исходящие не выгружены — роль «конечный» не присваиваем, нужна доп. выгрузка",P-trunc,4,False,1,0,15000.0,0.0,1,0,0.0,,0,0,0.0004732789,0.0,1,True,0,0.0,0,False,-0.14
100000002653948100,peripheral,0.7,4,0.1388,"Разовое поступление: 85 тыс ₸ от 1 плательщика, дальше не уходило; сумма мала",P-leaf,3,False,1,0,85200.0,0.0,1,0,0.0,,0,0,0.0002883306,0.0,1,False,0,0.0,0,False,-0.04
100000002659103100,peripheral,0.4,44,0.2617,"Обрыв выгрузки на 4-м колене: получил 165 тыс ₸ от 1; исходящие не выгружены — роль «конечный» не присваиваем, нужна доп. выгрузка",P-trunc,4,False,1,0,165000.0,0.0,1,0,0.0,,0,0,0.0003497105,0.0,1,True,0,0.0,0,False,0.97
100000002659265100,peripheral,0.4,7,0.2385,"Обрыв выгрузки на 4-м колене: получил 141 тыс ₸ от 1; исходящие не выгружены — роль «конечный» не присваиваем, нужна доп. выгрузка",P-trunc,4,False,1,0,141000.0,0.0,1,0,0.0,,0,0,0.0003196997,0.0,1,True,0,0.0,0,False,0.86
100000002660298100,peripheral,0.4,8,0.1297,"Обрыв выгрузки на 4-м колене: получил 31 тыс ₸ от 1; исходящие не выгружены — роль «конечный» не присваиваем, нужна доп. выгрузка",P-trunc,4,False,1,0,30900.0,0.0,1,0,0.0,,0,0,0.0002971361,0.0,1,True,0,0.0,0,False,-0.14
100000002662768100,peripheral,0.7,2,0.3047,"Разовое поступление: 84 тыс ₸ от 1 плательщика, дальше не уходило; сумма мала",P-leaf,1,False,1,0,84300.0,0.0,1,0,0.0,,1,1,0.0003064556,0.0,1,False,0,0.0,0,False,-0.13
100000002663511100,terminal,0.684,0,0.4166,"Конечный получатель: 269 тыс ₸ от 1 плательщиков, исходящих ≥5 тыс ₸ нет; колено 3 — обход здесь не обрывался",E1,3,False,1,0,268940.0,0.0,1,0,0.0,,0,0,0.0003094195,0.0,1,False,0,0.0,0,False,0.73
100000002666248100,peripheral,0.7,2,0.3328,"Разовое поступление: 70 тыс ₸ от 1 плательщика, дальше не уходило; сумма мала",P-leaf,1,False,1,0,70032.0,0.0,1,0,0.0,,1,2,0.0002995923,0.0,1,False,0,0.0,0,False,-0.25
100000002670463100,peripheral,0.4,19,0.1433,"Обрыв выгрузки на 4-м колене: получил 32 тыс ₸ от 1; исходящие не выгружены — роль «конечный» не присваиваем, нужна доп. выгрузка",P-trunc,4,False,1,0,31500.0,0.0,1,0,0.0,,0,0,0.0003024265,0.0,1,True,0,0.0,0,False,-0.14
100000002670860100,terminal,0.825,12,0.5413,"Конечный получатель: 450 тыс ₸ от 2 плательщиков, исходящих ≥5 тыс ₸ нет; колено 1 — обход здесь не обрывался",E1,1,False,2,0,450000.0,0.0,2,0,0.0,,1,1,0.0003089457,0.0,1,False,0,0.0,0,False,1.01
100000002670960100,terminal,0.79,12,0.4368,"Конечный получатель: 480 тыс ₸ от 1 плательщиков, исходящих ≥5 тыс ₸ нет; колено 3 — обход здесь не обрывался",E1,3,False,1,0,480310.0,0.0,1,0,0.0,,0,0,0.0003084473,0.0,1,False,0,0.0,0,False,1.12
100000002671326100,peripheral,0.4,10,0.3676,"Обрыв выгрузки на 4-м колене: получил 1,1 млн ₸ от 1; исходящие не выгружены — роль «конечный» не присваиваем, нужна доп. выгрузка",P-trunc,4,False,1,0,1050000.0,0.0,2,0,0.0,,0,0,0.0006294451,0.0,1,True,0,0.0,0,False,2.25
100000002671806100,peripheral,0.7,11,0.1415,"Разовое поступление: 12 тыс ₸ от 1 плательщика, дальше не уходило; сумма мала",P-leaf,1,False,1,0,12440.0,0.0,1,0,0.0,,1,1,0.0002876338,0.0,1,False,0,0.0,0,False,-0.48
100000002677201100,peripheral,0.5,10,0.3052,"Получил 150 тыс ₸, отдал 88 тыс ₸ (58%) — удерживает часть средств, признаков роли недостаточно",P-other,3,False,1,1,150000.0,87750.0,1,1,0.585,0.0,0,0,0.0003089058,2.13999e-05,1,False,0,0.0,0,False,0.65
100000002679516100,terminal,0.701,11,0.5476,"Конечный получатель: 102 тыс ₸ от 3 плательщиков, исходящих ≥5 тыс ₸ нет; колено 1 — обход здесь не обрывался",E1,1,False,3,0,102335.0,0.0,3,0,0.0,,1,2,0.0003268255,0.0,1,False,0,0.0,0,False,0.01
100000002680477100,peripheral,0.7,12,0.2149,"Разовое поступление: 25 тыс ₸ от 1 плательщика, дальше не уходило; сумма мала",P-leaf,2,False,1,0,25000.0,0.0,1,0,0.0,,0,1,0.0002945586,0.0,1,False,0,0.0,0,False,-0.31
100000002681449100,peripheral,0.5,10,0.3742,"Получил 95 тыс ₸, отдал 133 тыс ₸ (141%) — удерживает часть средств, признаков роли недостаточно",P-other,1,False,2,2,94638.0,133000.0,2,2,1.405355,0.097744,1,1,0.0002951398,1.76476e-05,1,False,0,0.0,1,False,0.55
100000002681544100,terminal,0.683,6,0.4177,"Конечный получатель: 166 тыс ₸ от 2 плательщиков, исходящих ≥5 тыс ₸ нет; колено 3 — обход здесь не обрывался",E1,3,False,2,0,166072.0,0.0,2,0,0.0,,0,0,0.0003357172,0.0,2,False,0,0.0,0,False,0.41
100000002686226100,peripheral,0.4,16,0.3466,"Обрыв выгрузки на 4-м колене: получил 430 тыс ₸ от 1; исходящие не выгружены — роль «конечный» не присваиваем, нужна доп. выгрузка",P-trunc,4,False,1,0,430000.0,0.0,2,0,0.0,,0,0,0.0006546163,0.0,1,True,0,0.0,0,False,1.63
100000002689717100,peripheral,0.4,8,0.166,"Обрыв выгрузки на 4-м колене: получил 48 тыс ₸ от 1; исходящие не выгружены — роль «конечный» не присваиваем, нужна доп. выгрузка",P-trunc,4,False,1,0,47500.0,0.0,1,0,0.0,,0,0,0.0003033499,0.0,1,True,0,0.0,0,False,0.1
100000002691583100,terminal,0.693,26,0.448,"Конечный получатель: 285 тыс ₸ от 1 плательщиков, исходящих ≥5 тыс ₸ нет; колено 3 — обход здесь не обрывался",E1,3,False,1,0,285200.0,0.0,1,0,0.0,,0,0,0.0003570896,0.0,1,False,0,0.0,0,False,0.77
100000002691858100,peripheral,0.7,32,0.3119,"Разовое поступление: 52 тыс ₸ от 1 плательщика, дальше не уходило; сумма мала",P-leaf,2,False,1,0,51500.0,0.0,1,0,0.0,,0,1,0.000342382,0.0,1,False,0,0.0,0,False,-0.31
100000002692044100,peripheral,0.7,11,0.3059,"Разовое поступление: 97 тыс ₸ от 1 плательщика, дальше не уходило; сумма мала",P-leaf,1,False,1,0,97000.0,0.0,1,0,0.0,,1,1,0.0003016669,0.0,1,False,0,0.0,0,False,-0.03
100000002692750100,peripheral,0.5,6,0.491,"Получил 113 тыс ₸, отдал 77 тыс ₸ (68%) — удерживает часть средств, признаков роли недостаточно",P-other,2,False,3,1,112830.0,77000.0,3,8,0.682443,0.155844,0,1,0.0020142416,1.98147e-05,1,False,1,10000.0,1,False,0.36
100000002695812100,peripheral,0.4,8,0.2236,"Обрыв выгрузки на 4-м колене: получил 95 тыс ₸ от 1; исходящие не выгружены — роль «конечный» не присваиваем, нужна доп. выгрузка",P-trunc,4,False,1,0,95000.0,0.0,1,0,0.0,,0,0,0.0003211306,0.0,1,True,0,0.0,0,False,0.58
100000002696152100,peripheral,0.5,33,0.3491,"Получил 22 тыс ₸, отдал 69 тыс ₸ (317%) — отдаёт больше полученного: вероятны поступления извне выборки",P-other,3,False,1,2,21800.0,69000.0,3,8,3.165138,0.217391,0,0,0.0012050606,2.13999e-05,1,False,1,21800.0,1,True,0.27
100000002697752100,terminal,0.695,3,0.42,"Конечный получатель: 191 тыс ₸ от 2 плательщиков, исходящих ≥5 тыс ₸ нет; колено 3 — обход здесь не обрывался",E1,3,False,2,0,190785.0,0.0,2,0,0.0,,0,0,0.00032958,0.0,1,False,0,0.0,0,False,0.5
100000002700161100,peripheral,0.4,50,0.2454,"Обрыв выгрузки на 4-м колене: получил 39 тыс ₸ от 1; исходящие не выгружены — роль «конечный» не присваиваем, нужна доп. выгрузка",P-trunc,4,False,1,0,39000.0,0.0,1,0,0.0,,0,0,0.0009026643,0.0,1,True,0,0.0,0,False,-0.03
100000002702968100,peripheral,0.4,8,0.1318,"Обрыв выгрузки на 4-м колене: получил 32 тыс ₸ от 1; исходящие не выгружены — роль «конечный» не присваиваем, нужна доп. выгрузка",P-trunc,4,False,1,0,31600.0,0.0,1,0,0.0,,0,0,0.0002973981,0.0,1,True,0,0.0,0,False,-0.14
100000002703376100,peripheral,0.7,0,0.2408,"Разовое поступление: 47 тыс ₸ от 1 плательщика, дальше не уходило; сумма мала",P-leaf,2,False,1,0,46501.0,0.0,1,0,0.0,,0,1,0.000292803,0.0,1,False,0,0.0,0,False,-0.31
100000002704875100,terminal,0.772,3,0.5275,"Конечный получатель: 245 тыс ₸ от 3 плательщиков, исходящих ≥5 тыс ₸ нет; колено 1 — обход здесь не обрывался",E1,1,False,3,0,244891.0,0.0,4,0,0.0,,1,1,0.0003150738,0.0,1,False,0,0.0,0,False,0.6
100000002705460100,peripheral,0.7,5,0.2772,"Разовое поступление: 95 тыс ₸ от 1 плательщика, дальше не уходило; сумма мала",P-leaf,3,False,1,0,95000.0,0.0,1,0,0.0,,0,0,0.0005577272,0.0,1,False,0,0.0,0,False,0.03
100000002706810100,peripheral,0.4,19,0.1703,"Обрыв выгрузки на 4-м колене: получил 45 тыс ₸ от 1; исходящие не выгружены — роль «конечный» не присваиваем, нужна доп. выгрузка",P-trunc,4,False,1,0,45000.0,0.0,1,0,0.0,,0,0,0.000309651,0.0,1,True,0,0.0,0,False,0.06
100000002707106100,peripheral,0.4,14,0.0358,"Обрыв выгрузки на 4-м колене: получил 15 тыс ₸ от 1; исходящие не выгружены — роль «конечный» не присваиваем, нужна доп. выгрузка",P-trunc,4,False,1,0,15000.0,0.0,2,0,0.0,,0,0,0.0002866063,0.0,1,True,0,0.0,0,False,-0.14
100000002708624100,peripheral,0.7,25,0.1567,"Разовое поступление: 25 тыс ₸ от 1 плательщика, дальше не уходило; сумма мала",P-leaf,3,False,1,0,25000.0,0.0,1,0,0.0,,0,0,0.0003287361,0.0,1,False,0,0.0,0,False,-0.4
100000002710570100,terminal,0.663,31,0.5777,"Конечный получатель: 225 тыс ₸ от 1 плательщиков, исходящих ≥5 тыс ₸ нет; колено 2 — обход здесь не обрывался",E1,2,False,1,0,225015.0,0.0,1,0,0.0,,0,1,0.0005391306,0.0,1,False,0,0.0,0,False,0.46
100000002712416100,terminal,0.658,12,0.3721,"Конечный получатель: 117 тыс ₸ от 2 плательщиков, исходящих ≥5 тыс ₸ нет; колено 3 — обход здесь не обрывался",E1,3,False,2,0,116800.0,0.0,2,0,0.0,,0,0,0.0003026575,0.0,1,False,0,0.0,0,False,0.17
100000002713074100,peripheral,0.5,16,0.392,"Получил 700 тыс ₸, отдал 430 тыс ₸ (61%) — удерживает часть средств, признаков роли недостаточно",P-other,3,False,2,1,700000.0,430000.0,2,2,0.614286,0.0,0,0,0.0004336098,1.92202e-05,2,False,0,0.0,0,False,1.69
100000002713974100,peripheral,0.4,3,0.1961,"Обрыв выгрузки на 4-м колене: получил 50 тыс ₸ от 1; исходящие не выгружены — роль «конечный» не присваиваем, нужна доп. выгрузка",P-trunc,4,False,1,0,50000.0,0.0,1,0,0.0,,0,0,0.0003299502,0.0,1,True,0,0.0,0,False,0.14
100000002718366100,consolidator,0.8,7,0.8108,"Сбор средств: 2,5 млн ₸ от 6 плательщиков (из них seed: 0), дальше ушло 0% полученного; до 3 плательщиков в один день",K1,2,False,6,0,2525000.0,0.0,10,0,0.0,,0,1,0.0006811995,0.0,3,False,0,0.0,0,False,1.91
100000002720627100,terminal,0.65,9,0.5665,"Конечный получатель: 199 тыс ₸ от 1 плательщиков, исходящих ≥5 тыс ₸ нет; колено 1 — обход здесь не обрывался",E1,1,False,1,0,199300.0,0.0,1,0,0.0,,1,2,0.0003157972,0.0,1,False,0,0.0,0,False,0.46
100000002721825100,peripheral,0.7,0,0.2663,"Разовое поступление: 11 тыс ₸ от 1 плательщика, дальше не уходило; сумма мала",P-leaf,2,False,1,0,11000.0,0.0,1,0,0.0,,0,1,0.0005314144,0.0,1,False,0,0.0,0,False,-0.31
100000002722108100,terminal,0.95,12,0.4655,"Конечный получатель: 800 тыс ₸ от 1 плательщиков, исходящих ≥5 тыс ₸ нет; колено 3 — обход здесь не обрывался",E1,3,False,1,0,800000.0,0.0,2,0,0.0,,0,0,0.0003236748,0.0,1,False,0,0.0,0,False,1.46
100000002723439100,peripheral,0.4,33,0.1876,"Обрыв выгрузки на 4-м колене: получил 18 тыс ₸ от 1; исходящие не выгружены — роль «конечный» не присваиваем, нужна доп. выгрузка",P-trunc,4,False,1,0,18000.0,0.0,2,0,0.0,,0,0,0.0005526234,0.0,1,True,0,0.0,0,False,-0.14
100000002723538100,distributor,0.65,3,0.7568,"Веерная рассылка: 560 тыс ₸ на 12 получателей (14 переводов), плательщиков в выборке: 3",D1,2,False,3,12,105647.0,560499.0,3,14,5.305394,0.569849,0,1,0.0003203132,0.0002908864,1,False,61,1177497.0,10,False,1.11
100000002723674100,peripheral,0.4,21,0.1668,"Обрыв выгрузки на 4-м колене: получил 30 тыс ₸ от 1; исходящие не выгружены — роль «конечный» не присваиваем, нужна доп. выгрузка",P-trunc,4,False,1,0,30000.0,0.0,1,0,0.0,,0,0,0.0003271745,0.0,1,True,0,0.0,0,False,-0.14
100000002726055100,peripheral,0.4,21,0.1204,"Обрыв выгрузки на 4-м колене: получил 10 тыс ₸ от 1; исходящие не выгружены — роль «конечный» не присваиваем, нужна доп. выгрузка",P-trunc,4,False,1,0,10000.0,0.0,1,0,0.0,,0,0,0.0003400149,0.0,1,True,0,0.0,0,False,-0.14
100000002727288100,peripheral,0.7,15,0.1479,"Разовое поступление: 16 тыс ₸ от 1 плательщика, дальше не уходило; сумма мала",P-leaf,3,False,1,0,16000.0,0.0,1,0,0.0,,0,0,0.0003661692,0.0,1,False,0,0.0,0,False,-0.4
100000002728246100,peripheral,0.4,4,0.159,"Обрыв выгрузки на 4-м колене: получил 10 тыс ₸ от 1; исходящие не выгружены — роль «конечный» не присваиваем, нужна доп. выгрузка",P-trunc,4,False,1,0,10000.0,0.0,1,0,0.0,,0,0,0.0005386393,0.0,1,True,0,0.0,0,False,-0.14
100000002729875100,peripheral,0.4,8,0.2038,"Обрыв выгрузки на 4-м колене: получил 76 тыс ₸ от 1; исходящие не выгружены — роль «конечный» не присваиваем, нужна доп. выгрузка",P-trunc,4,False,1,0,76000.0,0.0,1,0,0.0,,0,0,0.0003140183,0.0,1,True,0,0.0,0,False,0.43
100000002731501100,peripheral,0.5,24,0.504,"Получил 570 тыс ₸, отдал 834 тыс ₸ (146%) — удерживает часть средств, признаков роли недостаточно",P-other,1,False,3,7,570370.0,833960.0,7,20,1.462139,0.329752,1,1,0.000485584,4.4583e-06,3,False,14,175000.0,5,False,1.79
100000002733083100,peripheral,0.4,8,0.0677,"Обрыв выгрузки на 4-м колене: получил 15 тыс ₸ от 1; исходящие не выгружены — роль «конечный» не присваиваем, нужна доп. выгрузка",P-trunc,4,False,1,0,15200.0,0.0,1,0,0.0,,0,0,0.0002912591,0.0,1,True,0,0.0,0,False,-0.14
100000002733905100,peripheral,0.5,1,0.5339,"Получил 100 тыс ₸, отдал 718 тыс ₸ (718%) — отдаёт больше полученного: вероятны поступления извне выборки",P-other,2,False,3,2,100000.0,717839.0,5,3,7.17839,0.327371,0,1,0.0029169603,1.7833e-06,2,False,2,55000.0,1,False,1.23
100000002734815100,peripheral,0.4,7,0.2205,"Обрыв выгрузки на 4-м колене: получил 110 тыс ₸ от 1; исходящие не выгружены — роль «конечный» не присваиваем, нужна доп. выгрузка",P-trunc,4,False,1,0,110000.0,0.0,1,0,0.0,,0,0,0.0003121959,0.0,1,True,0,0.0,0,False,0.69
100000002736033100,peripheral,0.5,16,0.1936,"Получил 35 тыс ₸, отдал 11 тыс ₸ (32%) — удерживает часть средств, признаков роли недостаточно",P-other,3,False,1,1,34530.0,11000.0,1,1,0.318564,0.0,0,0,0.0002951802,1.92202e-05,1,False,0,0.0,0,False,-0.06
100000002736316100,terminal,0.783,0,0.4531,"Конечный получатель: 267 тыс ₸ от 3 плательщиков, исходящих ≥5 тыс ₸ нет; колено 3 — обход здесь не обрывался",E1,3,False,3,0,266921.0,0.0,3,0,0.0,,0,0,0.0003838233,0.0,2,False,0,0.0,0,False,0.73
100000002737980100,peripheral,0.7,5,0.1274,"Разовое поступление: 33 тыс ₸ от 1 плательщика, дальше не уходило; сумма мала",P-leaf,3,False,1,0,32900.0,0.0,1,0,0.0,,0,0,0.0002954239,0.0,1,False,0,0.0,0,False,-0.4
100000002738256100,transit,0.835,52,0.6243,"Транзит: получил 150 тыс ₸, отдал 175 тыс ₸ (117%); 100% суммы ушло в течение 2 дн. после поступления",T1,2,False,1,1,150200.0,175000.0,1,1,1.165113,1.0,0,1,0.0005073103,0.0,1,False,1,150200.0,0,False,0.68
100000002741024100,consolidator,0.75,0,0.8839,"Сбор средств: 818 тыс ₸ от 5 плательщиков (из них seed: 0), дальше ушло 53% полученного",K1,2,False,5,6,817980.85,434989.0,9,7,0.531784,0.064836,0,1,0.0028551865,0.00011869,1,False,3,375990.85,5,False,1.49
100000002742067100,peripheral,0.7,15,0.1568,"Разовое поступление: 13 тыс ₸ от 1 плательщика, дальше не уходило; сумма мала",P-leaf,2,False,1,0,12730.0,0.0,1,0,0.0,,0,1,0.0002896192,0.0,1,False,0,0.0,0,False,-0.31
100000002744581100,peripheral,0.7,6,0.2254,"Разовое поступление: 12 тыс ₸ от 1 плательщика, дальше не уходило; сумма мала",P-leaf,2,False,1,0,12000.0,0.0,1,0,0.0,,0,1,0.0003249577,0.0,1,False,0,0.0,0,False,-0.31
100000002748040100,peripheral,0.4,8,0.0814,"Обрыв выгрузки на 4-м колене: получил 18 тыс ₸ от 1; исходящие не выгружены — роль «конечный» не присваиваем, нужна доп. выгрузка",P-trunc,4,False,1,0,18000.0,0.0,1,0,0.0,,0,0,0.0002923072,0.0,1,True,0,0.0,0,False,-0.14
100000002748180100,peripheral,0.5,12,0.3691,"Получил 10 тыс ₸, отдал 680 тыс ₸ (6866%) — отдаёт больше полученного: вероятны поступления извне выборки",P-other,1,False,1,8,9900.0,679743.0,1,9,68.660909,0.264806,1,1,0.0002872122,8.5203e-06,1,False,0,0.0,1,False,1.41
100000002748511100,peripheral,0.4,5,0.1948,"Обрыв выгрузки на 4-м колене: получил 20 тыс ₸ от 1; исходящие не выгружены — роль «конечный» не присваиваем, нужна доп. выгрузка",P-trunc,4,False,1,0,20000.0,0.0,1,0,0.0,,0,0,0.0005674893,0.0,1,True,0,0.0,0,False,-0.14
100000002748532100,peripheral,0.5,17,0.4813,"Получил 356 тыс ₸, отдал 647 тыс ₸ (182%) — отдаёт больше полученного: вероятны поступления извне выборки",P-other,2,False,3,2,355575.0,646685.0,3,7,1.818702,0.0,0,1,0.0003391055,3.11091e-05,1,False,0,0.0,0,False,1.35
100000002748581100,peripheral,0.7,14,0.1434,"Разовое поступление: 41 тыс ₸ от 1 плательщика, дальше не уходило; сумма мала",P-leaf,3,False,1,0,41180.0,0.0,1,0,0.0,,0,0,0.0002972089,0.0,1,False,0,0.0,0,False,-0.4
100000002748761100,terminal,0.948,12,0.4652,"Конечный получатель: 797 тыс ₸ от 1 плательщиков, исходящих ≥5 тыс ₸ нет; колено 3 — обход здесь не обрывался",E1,3,False,1,0,796800.0,0.0,3,0,0.0,,0,0,0.0003235224,0.0,1,False,0,0.0,0,False,1.46
100000002750332100,peripheral,0.7,7,0.1345,"Разовое поступление: 11 тыс ₸ от 1 плательщика, дальше не уходило; сумма мала",P-leaf,1,False,1,0,11360.0,0.0,1,0,0.0,,1,1,0.0002867893,0.0,1,False,0,0.0,0,False,-0.48
100000002750956100,peripheral,0.7,0,0.2495,"Разовое поступление: 47 тыс ₸ от 1 плательщика, дальше не уходило; сумма мала",P-leaf,1,False,1,0,47416.0,0.0,1,0,0.0,,1,1,0.000294467,0.0,1,False,0,0.0,0,False,-0.48
100000002752565100,peripheral,0.4,3,0.2085,"Обрыв выгрузки на 4-м колене: получил 57 тыс ₸ от 1; исходящие не выгружены — роль «конечный» не присваиваем, нужна доп. выгрузка",P-trunc,4,False,1,0,57000.0,0.0,1,0,0.0,,0,0,0.000338236,0.0,1,True,0,0.0,0,False,0.23
100000002753146100,terminal,0.952,12,0.4659,"Конечный получатель: 804 тыс ₸ от 1 плательщиков, исходящих ≥5 тыс ₸ нет; колено 3 — обход здесь не обрывался",E1,3,False,1,0,803540.0,0.0,3,0,0.0,,0,0,0.0003238434,0.0,1,False,0,0.0,0,False,1.46
100000002755292100,terminal,0.652,4,0.3657,"Конечный получатель: 203 тыс ₸ от 1 плательщиков, исходящих ≥5 тыс ₸ нет; колено 3 — обход здесь не обрывался",E1,3,False,1,0,203400.0,0.0,1,0,0.0,,0,0,0.0002921613,0.0,1,False,0,0.0,0,False,0.54
100000002757240100,peripheral,0.7,2,0.2963,"Разовое поступление: 51 тыс ₸ от 1 плательщика, дальше не уходило; сумма мала",P-leaf,2,False,1,0,51183.0,0.0,1,0,0.0,,0,1,0.0003168465,0.0,1,False,0,0.0,0,False,-0.31
100000002757791100,peripheral,0.7,27,0.1979,"Разовое поступление: 73 тыс ₸ от 1 плательщика, дальше не уходило; сумма мала",P-leaf,3,False,1,0,73050.0,0.0,1,0,0.0,,0,0,0.0003110386,0.0,1,False,0,0.0,0,False,-0.14
100000002757797100,peripheral,0.7,11,0.3087,"Разовое поступление: 100 тыс ₸ от 1 плательщика, дальше не уходило; сумма мала",P-leaf,1,False,1,0,100000.0,0.0,1,0,0.0,,1,1,0.0003021648,0.0,1,False,0,0.0,0,False,-0.01
100000002760175100,terminal,0.644,9,0.5614,"Конечный получатель: 187 тыс ₸ от 1 плательщиков, исходящих ≥5 тыс ₸ нет; колено 1 — обход здесь не обрывался",E1,1,False,1,0,187410.0,0.0,1,0,0.0,,1,2,0.0003139938,0.0,1,False,0,0.0,0,False,0.42
100000002762076100,peripheral,0.5,6,0.416,"Получил 140 тыс ₸, отдал 30 тыс ₸ (21%) — удерживает часть средств, признаков роли недостаточно",P-other,1,False,2,1,140350.0,30000.0,2,1,0.213751,0.0,2,2,0.0002991457,3.963e-07,1,False,0,0.0,0,False,0.35
100000002769809100,peripheral,0.7,18,0.2547,"Разовое поступление: 113 тыс ₸ от 1 плательщика, дальше не уходило; сумма мала",P-leaf,3,False,1,0,113422.0,0.0,1,0,0.0,,0,0,0.0003777443,0.0,1,False,0,0.0,0,False,0.15
100000002773323100,peripheral,0.5,10,0.3708,"Получил 285 тыс ₸, отдал 1,2 млн ₸ (411%) — отдаёт больше полученного: вероятны поступления извне выборки",P-other,3,False,2,1,285000.0,1171644.0,2,2,4.111032,0.0,0,0,0.0003254978,2.13999e-05,2,False,0,0.0,0,False,1.86
100000002774456100,peripheral,0.7,9,0.2981,"Разовое поступление: 50 тыс ₸ от 1 плательщика, дальше не уходило; сумма мала",P-leaf,1,False,1,0,50363.0,0.0,1,0,0.0,,1,2,0.0002932079,0.0,1,False,0,0.0,0,False,-0.48
100000002778085100,peripheral,0.7,5,0.2611,"Разовое поступление: 66 тыс ₸ от 1 плательщика, дальше не уходило; сумма мала",P-leaf,1,False,1,0,66208.0,0.0,1,0,0.0,,1,1,0.0002926878,0.0,1,False,0,0.0,0,False,-0.29
100000002779485100,peripheral,0.7,3,0.3783,"Разовое поступление: 91 тыс ₸ от 1 плательщика, дальше не уходило; сумма мала",P-leaf,2,False,1,0,91000.0,0.0,2,0,0.0,,0,1,0.0005469133,0.0,1,False,0,0.0,0,False,-0.08
100000002781227100,transit,0.795,63,0.7358,"Транзит: получил 191 тыс ₸, отдал 212 тыс ₸ (111%); 81% суммы ушло в течение 2 дн. после поступления",T1,1,False,2,3,191167.62,212420.0,8,10,1.111171,0.811694,1,1,0.0023265922,0.0001329565,1,False,1,46167.62,3,False,0.94
100000002784085100,terminal,0.65,7,0.5081,"Конечный получатель: 200 тыс ₸ от 1 плательщиков, исходящих ≥5 тыс ₸ нет; колено 1 — обход здесь не обрывался",E1,1,False,1,0,200000.0,0.0,1,0,0.0,,1,1,0.000307048,0.0,1,False,0,0.0,0,False,0.46
100000002791494100,peripheral,0.4,8,0.2139,"Обрыв выгрузки на 4-м колене: получил 86 тыс ₸ от 1; исходящие не выгружены — роль «конечный» не присваиваем, нужна доп. выгрузка",P-trunc,4,False,1,0,85860.0,0.0,1,0,0.0,,0,0,0.0003177092,0.0,1,True,0,0.0,0,False,0.51
100000002793851100,peripheral,0.7,5,0.1339,"Разовое поступление: 11 тыс ₸ от 1 плательщика, дальше не уходило; сумма мала",P-leaf,1,False,1,0,11052.0,0.0,1,0,0.0,,1,1,0.0002867576,0.0,1,False,0,0.0,0,False,-0.48
100000002793881100,terminal,1.0,7,0.485,"Конечный получатель: 786 тыс ₸ от 3 плательщиков, исходящих ≥5 тыс ₸ нет; колено 3 — обход здесь не обрывался",E1,3,False,3,0,785600.0,0.0,3,0,0.0,,0,0,0.0003750831,0.0,3,False,0,0.0,0,False,1.45
100000002794197100,peripheral,0.7,6,0.1869,"Разовое поступление: 30 тыс ₸ от 1 плательщика, дальше не уходило; сумма мала",P-leaf,1,False,1,0,30100.0,0.0,1,0,0.0,,1,1,0.0002872953,0.0,1,False,0,0.0,0,False,-0.48
100000002794374100,peripheral,0.4,47,0.2499,"Обрыв выгрузки на 4-м колене: получил 111 тыс ₸ от 1; исходящие не выгружены — роль «конечный» не присваиваем, нужна доп. выгрузка",P-trunc,4,False,1,0,111000.0,0.0,1,0,0.0,,0,0,0.0003637625,0.0,1,True,0,0.0,0,False,0.69
100000002796853100,peripheral,0.5,63,0.4482,"Получил 199 тыс ₸, отдал 46 тыс ₸ (23%) — удерживает часть средств, признаков роли недостаточно",P-other,2,False,1,1,199000.0,46167.62,8,5,0.231998,0.891699,0,1,0.0021135984,0.0,1,False,1,46167.62,0,False,0.51
100000002799941100,terminal,0.85,18,0.4828,"Конечный получатель: 600 тыс ₸ от 1 плательщиков, исходящих ≥5 тыс ₸ нет; колено 3 — обход здесь не обрывался",E1,3,False,1,0,600000.0,0.0,1,0,0.0,,0,0,0.0003881785,0.0,1,False,0,0.0,0,False,1.27
100000002807334100,peripheral,0.7,4,0.1132,"Разовое поступление: 55 тыс ₸ от 1 плательщика, дальше не уходило; сумма мала",P-leaf,3,False,1,0,54715.0,0.0,1,0,0.0,,0,0,0.0002873426,0.0,1,False,0,0.0,0,False,-0.34
100000002809568100,peripheral,0.7,0,0.1327,"Разовое поступление: 10 тыс ₸ от 1 плательщика, дальше не уходило; сумма мала",P-leaf,1,False,1,0,10000.0,0.0,1,0,0.0,,1,1,0.0002874458,0.0,1,False,0,0.0,0,False,-0.48
100000002809896100,peripheral,0.7,8,0.146,"Разовое поступление: 38 тыс ₸ от 1 плательщика, дальше не уходило; сумма мала",P-leaf,3,False,1,0,38000.0,0.0,1,0,0.0,,0,0,0.0002997274,0.0,1,False,0,0.0,0,False,-0.4
100000002810870100,peripheral,0.7,1,0.2244,"Разовое поступление: 34 тыс ₸ от 1 плательщика, дальше не уходило; сумма мала",P-leaf,1,False,1,0,33677.0,0.0,1,0,0.0,,1,1,0.0002926377,0.0,1,False,0,0.0,0,False,-0.48
100000002812641100,transit,0.702,7,0.5639,"Транзит: получил 10 тыс ₸, отдал 7 тыс ₸ (70%); 100% суммы ушло в течение 2 дн. после поступления",T2,2,False,1,1,10000.0,7023.95,1,1,0.702395,1.0,0,2,0.0020638539,0.0,1,False,1,7023.95,0,False,-0.22
100000002815005100,terminal,0.788,7,0.4493,"Конечный получатель: 476 тыс ₸ от 1 плательщиков, исходящих ≥5 тыс ₸ нет; колено 3 — обход здесь не обрывался",E1,3,False,1,0,476500.0,0.0,1,0,0.0,,0,0,0.0003190127,0.0,1,False,0,0.0,0,False,1.11
100000002818726100,peripheral,0.7,13,0.0463,"Разовое поступление: 11 тыс ₸ от 1 плательщика, дальше не уходило; сумма мала",P-leaf,3,False,1,0,10879.0,0.0,1,0,0.0,,0,0,0.0002895965,0.0,1,False,0,0.0,0,False,-0.4
100000002820010100,peripheral,0.7,6,0.2119,"Разовое поступление: 30 тыс ₸ от 1 плательщика, дальше не уходило; сумма мала",P-leaf,2,False,1,0,30000.0,0.0,1,0,0.0,,0,1,0.0002912552,0.0,1,False,0,0.0,0,False,-0.31
100000002821425100,terminal,0.688,12,0.3973,"Конечный получатель: 275 тыс ₸ от 1 плательщиков, исходящих ≥5 тыс ₸ нет; колено 3 — обход здесь не обрывался",E1,3,False,1,0,275000.0,0.0,1,0,0.0,,0,0,0.0002986681,0.0,1,False,0,0.0,0,False,0.75
100000002822472100,terminal,0.733,12,0.4195,"Конечный получатель: 267 тыс ₸ от 2 плательщиков, исходящих ≥5 тыс ₸ нет; колено 3 — обход здесь не обрывался",E1,3,False,2,0,266722.0,0.0,2,0,0.0,,0,0,0.0003122356,0.0,1,False,0,0.0,0,False,0.73
100000002824176100,peripheral,0.7,6,0.4038,"Разовое поступление: 144 тыс ₸ от 1 плательщика, дальше не уходило; сумма мала",P-leaf,1,False,1,0,144000.0,0.0,1,0,0.0,,1,2,0.0003385982,0.0,1,False,0,0.0,0,False,0.24
100000002826669100,peripheral,0.7,0,0.3895,"Разовое поступление: 160 тыс ₸ от 1 плательщика, дальше не уходило; сумма мала",P-leaf,2,False,1,0,159900.0,0.0,4,0,0.0,,0,1,0.0004762395,0.0,1,False,0,0.0,0,False,0.25
100000002830055100,peripheral,0.7,1,0.1507,"Разовое поступление: 14 тыс ₸ от 1 плательщика, дальше не уходило; сумма мала",P-leaf,1,False,1,0,14000.0,0.0,1,0,0.0,,1,1,0.0002885077,0.0,1,False,0,0.0,0,False,-0.48
100000002831727100,peripheral,0.5,18,0.3113,"Получил 6 тыс ₸, отдал 77 тыс ₸ (1283%) — отдаёт больше полученного: вероятны поступления извне выборки",P-other,2,False,1,1,6000.0,77000.0,1,3,12.833333,0.12987,0,1,0.0002907462,1.92202e-05,1,False,0,0.0,1,False,-0.14
100000002832753100,peripheral,0.4,15,0.1829,"Обрыв выгрузки на 4-м колене: получил 12 тыс ₸ от 1; исходящие не выгружены — роль «конечный» не присваиваем, нужна доп. выгрузка",P-trunc,4,False,1,0,12500.0,0.0,1,0,0.0,,0,0,0.0007555331,0.0,1,True,0,0.0,0,False,-0.14
100000002835874100,peripheral,0.4,7,0.1515,"Обрыв выгрузки на 4-м колене: получил 59 тыс ₸ от 1; исходящие не выгружены — роль «конечный» не присваиваем, нужна доп. выгрузка",P-trunc,4,False,1,0,58700.0,0.0,1,0,0.0,,0,0,0.0002932917,0.0,1,True,0,0.0,0,False,0.25
100000002836052100,peripheral,0.7,2,0.26,"Разовое поступление: 15 тыс ₸ от 1 плательщика, дальше не уходило; сумма мала",P-leaf,2,False,1,0,15000.0,0.0,1,0,0.0,,0,2,0.0003056661,0.0,1,False,0,0.0,0,False,-0.31
100000002836736100,terminal,0.854,6,0.6431,"Конечный получатель: 509 тыс ₸ от 2 плательщиков, исходящих ≥5 тыс ₸ нет; колено 1 — обход здесь не обрывался",E1,1,False,2,0,509000.0,0.0,2,0,0.0,,1,2,0.0004517901,0.0,2,False,0,0.0,0,False,1.1
100000002838519100,peripheral,0.7,14,0.1529,"Разовое поступление: 47 тыс ₸ от 1 плательщика, дальше не уходило; сумма мала",P-leaf,3,False,1,0,46900.0,0.0,1,0,0.0,,0,0,0.0002988257,0.0,1,False,0,0.0,0,False,-0.4
100000002838861100,consolidator,0.95,7,0.9034,"Сбор средств: 555 тыс ₸ от 5 плательщиков (из них seed: 2), дальше ушло 2% полученного; до 2 плательщиков в один день",K1,1,False,5,1,554523.95,10000.0,5,1,0.018033,0.0,2,2,0.0021199186,1.94184e-05,2,False,1,7023.95,0,False,1.17
100000002842321100,peripheral,0.7,4,0.1852,"Разовое поступление: 160 тыс ₸ от 1 плательщика, дальше не уходило; сумма мала",P-leaf,3,False,1,0,160000.0,0.0,1,0,0.0,,0,0,0.0002907548,0.0,1,False,0,0.0,0,False,0.38
100000002842337100,peripheral,0.7,6,0.3173,"Разовое поступление: 50 тыс ₸ от 1 плательщика, дальше не уходило; сумма мала",P-leaf,2,False,1,0,50000.0,0.0,1,0,0.0,,0,1,0.0003666617,0.0,1,False,0,0.0,0,False,-0.31
100000002844652100,peripheral,0.7,6,0.2376,"Разовое поступление: 61 тыс ₸ от 1 плательщика, дальше не уходило; сумма мала",P-leaf,1,False,1,0,61360.0,0.0,1,0,0.0,,1,1,0.0002890878,0.0,1,False,0,0.0,0,False,-0.34
100000002844897100,peripheral,0.7,7,0.133,"Разовое поступление: 11 тыс ₸ от 1 плательщика, дальше не уходило; сумма мала",P-leaf,1,False,1,0,10800.0,0.0,1,0,0.0,,1,1,0.0002867291,0.0,1,False,0,0.0,0,False,-0.48
100000002845605100,peripheral,0.7,0,0.2684,"Разовое поступление: 58 тыс ₸ от 1 плательщика, дальше не уходило; сумма мала",P-leaf,1,False,1,0,57567.0,0.0,1,0,0.0,,1,1,0.0002963719,0.0,1,False,0,0.0,0,False,-0.39
100000002847207100,peripheral,0.7,2,0.2962,"Разовое поступление: 46 тыс ₸ от 1 плательщика, дальше не уходило; сумма мала",P-leaf,1,False,1,0,46243.0,0.0,1,0,0.0,,1,2,0.0002948288,0.0,1,False,0,0.0,0,False,-0.48
100000002849158100,peripheral,0.5,7,0.3819,"Получил 723 тыс ₸, отдал 1,3 млн ₸ (182%) — отдаёт больше полученного: вероятны поступления извне выборки",P-other,3,False,3,1,723000.0,1313000.0,3,3,1.816044,0.550647,0,0,0.0003362456,2.27869e-05,3,False,0,0.0,3,False,2.09
100000002852402100,peripheral,0.7,15,0.3083,"Разовое поступление: 55 тыс ₸ от 1 плательщика, дальше не уходило; сумма мала",P-leaf,2,False,1,0,55000.0,0.0,1,0,0.0,,0,1,0.0003270174,0.0,1,False,0,0.0,0,False,-0.31
100000002858835100,peripheral,0.7,1,0.1956,"Разовое поступление: 24 тыс ₸ от 1 плательщика, дальше не уходило; сумма мала",P-leaf,1,False,1,0,24400.0,0.0,1,0,0.0,,1,1,0.0002906906,0.0,1,False,0,0.0,0,False,-0.48
100000002860934100,peripheral,0.4,28,0.3256,"Обрыв выгрузки на 4-м колене: получил 280 тыс ₸ от 1; исходящие не выгружены — роль «конечный» не присваиваем, нужна доп. выгрузка",P-trunc,4,False,1,0,279500.0,0.0,4,0,0.0,,0,0,0.000581442,0.0,1,True,0,0.0,0,False,1.33
100000002861485100,peripheral,0.7,5,0.193,"Разовое поступление: 29 тыс ₸ от 1 плательщика, дальше не уходило; сумма мала",P-leaf,1,False,1,0,29323.0,0.0,1,0,0.0,,1,1,0.000288722,0.0,1,False,0,0.0,0,False,-0.48
100000002862113100,peripheral,0.7,14,0.155,"Разовое поступление: 47 тыс ₸ от 1 плательщика, дальше не уходило; сумма мала",P-leaf,3,False,1,0,47405.0,0.0,2,0,0.0,,0,0,0.0002989684,0.0,1,False,0,0.0,0,False,-0.4
100000002863356100,peripheral,0.5,1,0.3307,"Получил 45 тыс ₸, отдал 20 тыс ₸ (44%) — удерживает часть средств, признаков роли недостаточно",P-other,2,False,1,1,45000.0,20000.0,1,1,0.444444,0.0,0,1,0.000300853,1.387e-06,1,False,0,0.0,0,False,-0.22
100000002864256100,peripheral,0.7,2,0.3831,"Разовое поступление: 136 тыс ₸ от 1 плательщика, дальше не уходило; сумма мала",P-leaf,1,False,1,0,135780.0,0.0,1,0,0.0,,1,2,0.0003127574,0.0,1,False,0,0.0,0,False,0.2
100000002864680100,peripheral,0.7,11,0.2628,"Разовое поступление: 56 тыс ₸ от 1 плательщика, дальше не уходило; сумма мала",P-leaf,1,False,1,0,55932.0,0.0,1,0,0.0,,1,1,0.0002948515,0.0,1,False,0,0.0,0,False,-0.41
100000002870463100,peripheral,0.5,6,0.4955,"Получил 207 тыс ₸, отдал 10 тыс ₸ (5%) — удерживает часть средств, признаков роли недостаточно",P-other,2,False,3,1,207000.0,10000.0,4,1,0.048309,1.0,0,1,0.0019299756,1.94184e-05,1,False,1,10000.0,0,False,0.44
100000002870937100,peripheral,0.7,6,0.2582,"Разовое поступление: 84 тыс ₸ от 1 плательщика, дальше не уходило; сумма мала",P-leaf,1,False,1,0,83700.0,0.0,1,0,0.0,,1,1,0.0002903688,0.0,1,False,0,0.0,0,False,-0.13
100000002871199100,peripheral,0.7,14,0.0929,"Разовое поступление: 23 тыс ₸ от 1 плательщика, дальше не уходило; сумма мала",P-leaf,3,False,1,0,23186.0,0.0,1,0,0.0,,0,0,0.0002921229,0.0,1,False,0,0.0,0,False,-0.4
100000002872399100,terminal,1.0,6,0.5331,"Конечный получатель: 1,1 млн ₸ от 1 плательщиков, исходящих ≥5 тыс ₸ нет; колено 3 — обход здесь не обрывался",E1,3,False,1,0,1090000.0,0.0,9,0,0.0,,0,0,0.0007057669,0.0,1,False,0,0.0,0,False,1.67
100000002876914100,peripheral,0.4,19,0.0613,"Обрыв выгрузки на 4-м колене: получил 12 тыс ₸ от 1; исходящие не выгружены — роль «конечный» не присваиваем, нужна доп. выгрузка",P-trunc,4,False,1,0,12000.0,0.0,1,0,0.0,,0,0,0.0002919911,0.0,1,True,0,0.0,0,False,-0.14
100000002877262100,peripheral,0.7,10,0.1971,"Разовое поступление: 100 тыс ₸ от 1 плательщика, дальше не уходило; сумма мала",P-leaf,3,False,1,0,100000.0,0.0,1,0,0.0,,0,0,0.0002999178,0.0,1,False,0,0.0,0,False,0.07
100000002878467100,terminal,0.7,10,0.4115,"Конечный получатель: 200 тыс ₸ от 2 плательщиков, исходящих ≥5 тыс ₸ нет; колено 3 — обход здесь не обрывался",E1,3,False,2,0,200000.0,0.0,2,0,0.0,,0,0,0.0003144036,0.0,1,False,0,0.0,0,False,0.53
100000002878483100,peripheral,0.4,19,0.0259,"Обрыв выгрузки на 4-м колене: получил 6 тыс ₸ от 1; исходящие не выгружены — роль «конечный» не присваиваем, нужна доп. выгрузка",P-trunc,4,False,1,0,6000.0,0.0,1,0,0.0,,0,0,0.0002887802,0.0,1,True,0,0.0,0,False,-0.14
100000002881669100,peripheral,0.7,11,0.1669,"Разовое поступление: 19 тыс ₸ от 1 плательщика, дальше не уходило; сумма мала",P-leaf,1,False,1,0,18600.0,0.0,1,0,0.0,,1,1,0.0002886561,0.0,1,False,0,0.0,0,False,-0.48
100000002883402100,terminal,0.8,7,0.4067,"Конечный получатель: 300 тыс ₸ от 3 плательщиков, исходящих ≥5 тыс ₸ нет; колено 3 — обход здесь не обрывался",E1,3,False,3,0,300000.0,0.0,3,0,0.0,,0,0,0.0003006571,0.0,1,False,0,0.0,0,False,0.8
100000002884708100,peripheral,0.4,10,0.3639,"Обрыв выгрузки на 4-м колене: получил 1,2 млн ₸ от 1; исходящие не выгружены — роль «конечный» не присваиваем, нужна доп. выгрузка",P-trunc,4,False,1,0,1171644.0,0.0,2,0,0.0,,0,0,0.0005625755,0.0,1,True,0,0.0,0,False,2.33
100000002886166100,terminal,0.643,24,0.4163,"Конечный получатель: 185 тыс ₸ от 1 плательщиков, исходящих ≥5 тыс ₸ нет; колено 3 — обход здесь не обрывался",E1,3,False,1,0,185000.0,0.0,3,0,0.0,,0,0,0.0003245912,0.0,1,False,0,0.0,0,False,0.48
100000002890167100,peripheral,0.7,5,0.3064,"Разовое поступление: 118 тыс ₸ от 1 плательщика, дальше не уходило; сумма мала",P-leaf,1,False,1,0,118150.0,0.0,1,0,0.0,,1,1,0.0002982726,0.0,1,False,0,0.0,0,False,0.1
100000002891765100,peripheral,0.7,14,0.1733,"Разовое поступление: 56 тыс ₸ от 1 плательщика, дальше не уходило; сумма мала",P-leaf,3,False,1,0,55576.0,0.0,1,0,0.0,,0,0,0.0003012779,0.0,1,False,0,0.0,0,False,-0.32
100000002893020100,peripheral,0.7,8,0.0829,"Разовое поступление: 18 тыс ₸ от 1 плательщика, дальше не уходило; сумма мала",P-leaf,3,False,1,0,18340.0,0.0,1,0,0.0,,0,0,0.0002924025,0.0,1,False,0,0.0,0,False,-0.4
100000002894076100,consolidator,0.9,6,0.8176,"Сбор средств: 1,1 млн ₸ от 4 плательщиков (из них seed: 2), дальше ушло 0% полученного; до 3 плательщиков в один день",K2,1,False,4,0,1122782.0,0.0,6,0,0.0,,2,3,0.0003826799,0.0,3,False,0,0.0,0,False,1.64
100000002896506100,peripheral,0.4,4,0.1758,"Обрыв выгрузки на 4-м колене: получил 45 тыс ₸ от 1; исходящие не выгружены — роль «конечный» не присваиваем, нужна доп. выгрузка",P-trunc,4,False,1,0,45000.0,0.0,1,0,0.0,,0,0,0.0003136296,0.0,1,True,0,0.0,0,False,0.06
100000002901457100,peripheral,0.5,0,0.3735,"Получил 340 тыс ₸, отдал 119 тыс ₸ (35%) — удерживает часть средств, признаков роли недостаточно",P-other,3,False,1,3,340000.0,119000.0,1,3,0.35,0.0,0,0,0.0003742656,7.56921e-05,1,False,0,0.0,0,False,1.09
100000002904919100,peripheral,0.5,0,0.1964,"Получил 60 тыс ₸, отдал 6 тыс ₸ (9%) — удерживает часть средств, признаков роли недостаточно",P-other,3,False,1,1,60325.0,5500.0,1,1,0.091173,0.0,0,0,0.0002909191,1.92202e-05,1,False,0,0.0,0,False,-0.06
100000002906470100,peripheral,0.7,18,0.2214,"Разовое поступление: 130 тыс ₸ от 1 плательщика, дальше не уходило; сумма мала",P-leaf,3,False,1,0,130000.0,0.0,1,0,0.0,,0,0,0.0003078013,0.0,1,False,0,0.0,0,False,0.24
100000002908521100,peripheral,0.7,1,0.13,"Разовое поступление: 44 тыс ₸ от 1 плательщика, дальше не уходило; сумма мала",P-leaf,3,False,1,0,44500.0,0.0,1,0,0.0,,0,0,0.0002925148,0.0,1,False,0,0.0,0,False,-0.4
100000002911170100,terminal,0.7,30,0.5416,"Конечный получатель: 300 тыс ₸ от 1 плательщиков, исходящих ≥5 тыс ₸ нет; колено 2 — обход здесь не обрывался",E1,2,False,1,0,300000.0,0.0,2,0,0.0,,0,1,0.0003230494,0.0,1,False,0,0.0,0,False,0.63
100000002913340100,peripheral,0.7,1,0.0773,"Разовое поступление: 24 тыс ₸ от 1 плательщика, дальше не уходило; сумма мала",P-leaf,3,False,1,0,23600.0,0.0,1,0,0.0,,0,0,0.0002892527,0.0,1,False,0,0.0,0,False,-0.4
100000002914245100,peripheral,0.7,3,0.1987,"Разовое поступление: 141 тыс ₸ от 1 плательщика, дальше не уходило; сумма мала",P-leaf,3,False,1,0,140611.0,0.0,1,0,0.0,,0,0,0.000295584,0.0,1,False,0,0.0,0,False,0.3
100000002916006100,peripheral,0.6,20,0.0748,Seed-клиент: отправил 32 тыс ₸ на 1 получателей; признаков сбора или веера нет,P-seed,0,True,0,1,0.0,32000.0,0,1,,,0,0,0.0002855693,0.0,0,False,0,0.0,0,False,0.15
100000002921047100,peripheral,0.5,6,0.4514,"Получил 338 тыс ₸, отдал 163 тыс ₸ (48%) — удерживает часть средств, признаков роли недостаточно",P-other,1,False,2,1,338000.0,163000.02,2,1,0.482249,1.0,1,1,0.0003170481,2.1598e-05,1,False,0,0.0,1,False,1.09
100000002922000100,peripheral,0.4,44,0.3215,"Обрыв выгрузки на 4-м колене: получил 448 тыс ₸ от 1; исходящие не выгружены — роль «конечный» не присваиваем, нужна доп. выгрузка",P-trunc,4,False,1,0,448000.0,0.0,1,0,0.0,,0,0,0.0004597225,0.0,1,True,0,0.0,0,False,1.66
100000002926970100,peripheral,0.7,8,0.2123,"Разовое поступление: 85 тыс ₸ от 1 плательщика, дальше не уходило; сумма мала",P-leaf,3,False,1,0,85000.0,0.0,1,0,0.0,,0,0,0.0003172388,0.0,1,False,0,0.0,0,False,-0.04
100000002933386100,peripheral,0.5,2,0.3258,"Получил 15 тыс ₸, отдал 58 тыс ₸ (387%) — отдаёт больше полученного: вероятны поступления извне выборки",P-other,3,False,1,1,15000.0,58000.0,1,1,3.866667,0.0,0,0,0.0006527823,2.00128e-05,1,False,0,0.0,0,False,-0.06
100000002934441100,terminal,0.63,0,0.448,"Конечный получатель: 61 тыс ₸ от 2 плательщиков, исходящих ≥5 тыс ₸ нет; колено 1 — обход здесь не обрывался",E1,1,False,2,0,60845.6,0.0,2,0,0.0,,1,1,0.0003024813,0.0,2,False,0,0.0,0,False,-0.24
100000002936322100,terminal,0.994,3,0.483,"Конечный получатель: 787 тыс ₸ от 2 плательщиков, исходящих ≥5 тыс ₸ нет; колено 3 — обход здесь не обрывался",E1,3,False,2,0,787133.0,0.0,2,0,0.0,,0,0,0.0003663813,0.0,1,False,0,0.0,0,False,1.45
100000002938501100,peripheral,0.5,5,0.1863,"Получил 8 тыс ₸, отдал 5 тыс ₸ (60%) — удерживает часть средств, признаков роли недостаточно",P-other,1,False,1,1,8395.0,5000.0,1,1,0.595593,0.0,1,1,0.0002864719,1.79439e-05,1,False,0,0.0,0,False,-0.24
100000002939838100,terminal,0.936,5,0.649,"Конечный получатель: 571 тыс ₸ от 3 плательщиков, исходящих ≥5 тыс ₸ нет; колено 1 — обход здесь не обрывался",E1,1,False,3,0,571233.0,0.0,3,0,0.0,,1,4,0.0004000334,0.0,1,False,0,0.0,0,False,1.18
100000002941114100,peripheral,0.5,9,0.5253,"Получил 129 тыс ₸, отдал 15 тыс ₸ (12%) — удерживает часть средств, признаков роли недостаточно",P-other,1,False,2,1,128510.0,15000.0,15,1,0.116722,1.0,1,2,0.0018146321,2.06073e-05,2,False,1,15000.0,1,False,0.24
100000002943472100,terminal,0.635,10,0.3987,"Конечный получатель: 170 тыс ₸ от 1 плательщиков, исходящих ≥5 тыс ₸ нет; колено 3 — обход здесь не обрывался",E1,3,False,1,0,170000.0,0.0,1,0,0.0,,0,0,0.0003099617,0.0,1,False,0,0.0,0,False,0.42
100000002945031100,peripheral,0.7,13,0.065,"Разовое поступление: 15 тыс ₸ от 1 плательщика, дальше не уходило; сумма мала",P-leaf,3,False,1,0,15000.0,0.0,1,0,0.0,,0,0,0.000291122,0.0,1,False,0,0.0,0,False,-0.4
100000002945626100,terminal,0.942,7,0.4663,"Конечный получатель: 584 тыс ₸ от 3 плательщиков, исходящих ≥5 тыс ₸ нет; колено 3 — обход здесь не обрывался",E1,3,False,3,0,584000.0,0.0,3,0,0.0,,0,0,0.0003377644,0.0,2,False,0,0.0,0,False,1.25
100000002947299100,peripheral,0.7,2,0.3315,"Разовое поступление: 85 тыс ₸ от 1 плательщика, дальше не уходило; сумма мала",P-leaf,2,False,1,0,85000.0,0.0,1,0,0.0,,0,1,0.0003375116,0.0,1,False,0,0.0,0,False,-0.13
100000002948492100,peripheral,0.7,14,0.0947,"Разовое поступление: 24 тыс ₸ от 1 плательщика, дальше не уходило; сумма мала",P-leaf,3,False,1,0,23660.0,0.0,1,0,0.0,,0,0,0.0002922568,0.0,1,False,0,0.0,0,False,-0.4
100000002951898100,peripheral,0.7,14,0.1403,"Разовое поступление: 40 тыс ₸ от 1 плательщика, дальше не уходило; сумма мала",P-leaf,3,False,1,0,39990.0,0.0,1,0,0.0,,0,0,0.0002968725,0.0,1,False,0,0.0,0,False,-0.4
100000002952631100,peripheral,0.7,5,0.2332,"Разовое поступление: 48 тыс ₸ от 1 плательщика, дальше не уходило; сумма мала",P-leaf,1,False,1,0,48050.0,0.0,1,0,0.0,,1,1,0.0002907355,0.0,1,False,0,0.0,0,False,-0.48
100000002952756100,peripheral,0.7,9,0.2061,"Разовое поступление: 47 тыс ₸ от 1 плательщика, дальше не уходило; сумма мала",P-leaf,3,False,1,0,47000.0,0.0,1,0,0.0,,0,0,0.000367709,0.0,1,False,0,0.0,0,False,-0.4
100000002954780100,peripheral,0.7,7,0.1849,"Разовое поступление: 133 тыс ₸ от 1 плательщика, дальше не уходило; сумма мала",P-leaf,3,False,1,0,133400.0,0.0,1,0,0.0,,0,0,0.000292442,0.0,1,False,0,0.0,0,False,0.26
100000002956769100,terminal,1.0,12,0.4887,"Конечный получатель: 840 тыс ₸ от 3 плательщиков, исходящих ≥5 тыс ₸ нет; колено 3 — обход здесь не обрывался",E1,3,False,3,0,840000.0,0.0,3,0,0.0,,0,0,0.0003847828,0.0,3,False,0,0.0,0,False,1.49
100000002956779100,terminal,0.756,2,0.4735,"Конечный получатель: 411 тыс ₸ от 1 плательщиков, исходящих ≥5 тыс ₸ нет; колено 3 — обход здесь не обрывался",E1,3,False,1,0,411000.0,0.0,1,0,0.0,,0,0,0.0004031072,0.0,1,False,0,0.0,0,False,1.02
100000002956898100,terminal,0.745,15,0.5614,"Конечный получатель: 290 тыс ₸ от 2 плательщиков, исходящих ≥5 тыс ₸ нет; колено 2 — обход здесь не обрывался",E1,2,False,2,0,290240.0,0.0,2,0,0.0,,0,1,0.0003768413,0.0,1,False,0,0.0,0,False,0.61
100000002957306100,terminal,0.799,9,0.6239,"Конечный получатель: 398 тыс ₸ от 2 плательщиков, исходящих ≥5 тыс ₸ нет; колено 1 — обход здесь не обрывался",E1,1,False,2,0,398490.0,0.0,2,0,0.0,,2,4,0.0003551869,0.0,1,False,0,0.0,0,False,0.93
100000002957787100,distributor,0.833,0,0.8324,"Веерная рассылка: 1,3 млн ₸ на 34 получателей (41 переводов), плательщиков в выборке: 4",D1,2,False,4,34,84956.0,1276153.96,7,41,15.021352,0.755124,0,1,0.0006138324,0.0042766454,2,False,84,591448.77,84,False,3.18
100000002958139100,terminal,0.655,7,0.3917,"Конечный получатель: 210 тыс ₸ от 1 плательщиков, исходящих ≥5 тыс ₸ нет; колено 3 — обход здесь не обрывался",E1,3,False,1,0,209500.0,0.0,2,0,0.0,,0,0,0.0003002732,0.0,1,False,0,0.0,0,False,0.56
100000002958286100,terminal,0.679,7,0.5264,"Конечный получатель: 257 тыс ₸ от 1 плательщиков, исходящих ≥5 тыс ₸ нет; колено 1 — обход здесь не обрывался",E1,1,False,1,0,257000.0,0.0,1,0,0.0,,1,1,0.0003131694,0.0,1,False,0,0.0,0,False,0.63
100000002958343100,peripheral,0.5,6,0.5312,"Получил 2,9 млн ₸, отдал 1,4 млн ₸ (48%) — удерживает часть средств, признаков роли недостаточно",P-other,2,False,1,2,2900000.0,1390000.0,4,17,0.47931,0.107914,0,1,0.0006295066,3.963e-07,1,False,1,300000.0,1,False,2.23
100000002958345100,terminal,0.704,12,0.4069,"Конечный получатель: 307 тыс ₸ от 1 плательщиков, исходящих ≥5 тыс ₸ нет; колено 3 — обход здесь не обрывался",E1,3,False,1,0,307000.0,0.0,1,0,0.0,,0,0,0.0003001923,0.0,1,False,0,0.0,0,False,0.82
100000002963189100,peripheral,0.5,14,0.4176,"Получил 490 тыс ₸, отдал 5,2 млн ₸ (1065%) — отдаёт больше полученного: вероятны поступления извне выборки",P-other,3,False,1,7,490000.0,5219000.0,3,15,10.65102,0.0,0,0,0.0004240686,8.54078e-05,1,False,1,490000.0,0,False,2.78
100000002964966100,terminal,0.65,2,0.5515,"Конечный получатель: 200 тыс ₸ от 1 плательщиков, исходящих ≥5 тыс ₸ нет; колено 2 — обход здесь не обрывался",E1,2,False,1,0,200000.0,0.0,1,0,0.0,,0,1,0.0003954159,0.0,1,False,0,0.0,0,False,0.39
100000002968096100,peripheral,0.4,3,0.2064,"Обрыв выгрузки на 4-м колене: получил 70 тыс ₸ от 1; исходящие не выгружены — роль «конечный» не присваиваем, нужна доп. выгрузка",P-trunc,4,False,1,0,70000.0,0.0,1,0,0.0,,0,0,0.0003194824,0.0,1,True,0,0.0,0,False,0.37
100000002969048100,peripheral,0.7,6,0.3186,"Разовое поступление: 108 тыс ₸ от 1 плательщика, дальше не уходило; сумма мала",P-leaf,2,False,1,0,108470.0,0.0,1,0,0.0,,0,1,0.0003061277,0.0,1,False,0,0.0,0,False,0.02
100000002970466100,peripheral,0.5,0,0.2053,"Получил 23 тыс ₸, отдал 93 тыс ₸ (399%) — отдаёт больше полученного: вероятны поступления извне выборки",P-other,3,False,1,2,23317.0,93000.0,1,3,3.988506,0.430108,0,0,0.0002868825,3.84405e-05,1,False,0,0.0,1,False,0.27
100000002971593100,peripheral,0.4,4,0.2325,"Обрыв выгрузки на 4-м колене: получил 49 тыс ₸ от 1; исходящие не выгружены — роль «конечный» не присваиваем, нужна доп. выгрузка",P-trunc,4,False,1,0,49050.0,0.0,1,0,0.0,,0,0,0.0005303802,0.0,1,True,0,0.0,0,False,0.12
100000002973903100,terminal,0.696,11,0.5333,"Конечный получатель: 93 тыс ₸ от 3 плательщиков, исходящих ≥5 тыс ₸ нет; колено 1 — обход здесь не обрывался",E1,1,False,3,0,92880.0,0.0,3,0,0.0,,1,2,0.000316869,0.0,1,False,0,0.0,0,False,-0.01
100000002974256100,peripheral,0.7,11,0.2552,"Разовое поступление: 7 тыс ₸ от 1 плательщика, дальше не уходило; сумма мала",P-leaf,2,False,1,0,7200.0,0.0,1,0,0.0,,0,1,0.0005319059,0.0,1,False,0,0.0,0,False,-0.31
100000002975287100,peripheral,0.7,16,0.0531,"Разовое поступление: 15 тыс ₸ от 1 плательщика, дальше не уходило; сумма мала",P-leaf,3,False,1,0,15000.0,0.0,1,0,0.0,,0,0,0.0002891923,0.0,1,False,0,0.0,0,False,-0.4
100000002975437100,peripheral,0.5,31,0.3358,"Получил 530 тыс ₸, отдал 8 тыс ₸ (2%) — удерживает часть средств, признаков роли недостаточно",P-other,3,False,1,1,530000.0,8500.0,2,1,0.016038,0.0,0,0,0.0005210057,0.0,1,False,1,8500.0,0,False,1.2
100000002981489100,peripheral,0.4,4,0.0325,"Обрыв выгрузки на 4-м колене: получил 10 тыс ₸ от 1; исходящие не выгружены — роль «конечный» не присваиваем, нужна доп. выгрузка",P-trunc,4,False,1,0,10000.0,0.0,1,0,0.0,,0,0,0.0002883313,0.0,1,True,0,0.0,0,False,-0.14
100000002981527100,terminal,0.634,7,0.4961,"Конечный получатель: 168 тыс ₸ от 1 плательщиков, исходящих ≥5 тыс ₸ нет; колено 1 — обход здесь не обрывался",E1,1,False,1,0,168000.0,0.0,1,0,0.0,,1,1,0.0003036114,0.0,1,False,0,0.0,0,False,0.34
100000002982252100,peripheral,0.7,1,0.183,"Разовое поступление: 20 тыс ₸ от 1 плательщика, дальше не уходило; сумма мала",P-leaf,1,False,1,0,20320.0,0.0,1,0,0.0,,1,1,0.0002898342,0.0,1,False,0,0.0,0,False,-0.48
100000002983426100,peripheral,0.7,8,0.2161,"Разовое поступление: 89 тыс ₸ от 1 плательщика, дальше не уходило; сумма мала",P-leaf,3,False,1,0,88945.0,0.0,1,0,0.0,,0,0,0.0003187086,0.0,1,False,0,0.0,0,False,-0.01
100000002983879100,terminal,0.7,2,0.542,"Конечный получатель: 200 тыс ₸ от 2 плательщиков, исходящих ≥5 тыс ₸ нет; колено 2 — обход здесь не обрывался",E1,2,False,2,0,200050.0,0.0,2,0,0.0,,0,1,0.0003580798,0.0,1,False,0,0.0,0,False,0.39
100000002984403100,peripheral,0.5,25,0.238,"Получил 20 тыс ₸, отдал 25 тыс ₸ (125%) — удерживает часть средств, признаков роли недостаточно",P-other,3,False,1,1,20000.0,25000.0,1,1,1.25,0.0,0,0,0.0003201028,2.00128e-05,1,False,0,0.0,0,False,-0.06
100000002986245100,peripheral,0.4,19,0.0241,"Обрыв выгрузки на 4-м колене: получил 6 тыс ₸ от 1; исходящие не выгружены — роль «конечный» не присваиваем, нужна доп. выгрузка",P-trunc,4,False,1,0,5750.0,0.0,1,0,0.0,,0,0,0.0002886464,0.0,1,True,0,0.0,0,False,-0.14
100000002988894100,peripheral,0.5,2,0.5121,"Получил 306 тыс ₸, отдал 78 тыс ₸ (25%) — удерживает часть средств, признаков роли недостаточно",P-other,1,False,1,3,306121.0,77500.0,1,3,0.253168,0.374194,1,2,0.0003468659,7.13329e-05,1,False,0,0.0,1,False,0.9
100000002989353100,transit,0.609,12,0.5387,"Транзит: получил 500 тыс ₸, отдал 321 тыс ₸ (64%); 93% суммы ушло в течение 2 дн. после поступления",T2,3,False,1,2,500000.0,321160.0,2,2,0.64232,0.934114,0,0,0.0003093852,2.7741e-06,1,False,0,0.0,1,False,1.48
100000002990675100,peripheral,0.7,4,0.1087,"Разовое поступление: 51 тыс ₸ от 1 плательщика, дальше не уходило; сумма мала",P-leaf,3,False,1,0,51143.0,0.0,1,0,0.0,,0,0,0.0002872268,0.0,1,False,0,0.0,0,False,-0.38
100000002991079100,peripheral,0.5,5,0.4342,"Получил 149 тыс ₸, отдал 11 тыс ₸ (7%) — удерживает часть средств, признаков роли недостаточно",P-other,1,False,2,1,148900.0,11000.0,3,1,0.073875,1.0,1,1,0.000395174,1.98147e-05,1,False,0,0.0,1,False,0.31
100000002992171100,peripheral,0.7,1,0.1531,"Разовое поступление: 15 тыс ₸ от 1 плательщика, дальше не уходило; сумма мала",P-leaf,1,False,1,0,14627.0,0.0,1,0,0.0,,1,1,0.0002886393,0.0,1,False,0,0.0,0,False,-0.48
100000002994441100,peripheral,0.4,3,0.149,"Обрыв выгрузки на 4-м колене: получил 5 тыс ₸ от 1; исходящие не выгружены — роль «конечный» не присваиваем, нужна доп. выгрузка",P-trunc,4,False,1,0,5000.0,0.0,1,0,0.0,,0,0,0.0005532703,0.0,1,True,0,0.0,0,False,-0.14
100000002999140100,peripheral,0.4,11,0.0416,"Обрыв выгрузки на 4-м колене: получил 10 тыс ₸ от 1; исходящие не выгружены — роль «конечный» не присваиваем, нужна доп. выгрузка",P-trunc,4,False,1,0,10000.0,0.0,2,0,0.0,,0,0,0.0002894826,0.0,1,True,0,0.0,0,False,-0.14
100000003001138100,peripheral,0.4,28,0.1595,"Обрыв выгрузки на 4-м колене: получил 30 тыс ₸ от 1; исходящие не выгружены — роль «конечный» не присваиваем, нужна доп. выгрузка",P-trunc,4,False,1,0,30000.0,0.0,1,0,0.0,,0,0,0.0003173267,0.0,1,True,0,0.0,0,False,-0.14
100000003001564100,peripheral,0.5,5,0.3351,"Получил 24 тыс ₸, отдал 180 тыс ₸ (765%) — отдаёт больше полученного: вероятны поступления извне выборки",P-other,1,False,1,1,23520.0,180000.0,1,1,7.653061,0.0,1,1,0.0002880981,1.92202e-05,1,False,0,0.0,0,False,0.47
100000003001661100,peripheral,0.5,28,0.41,"Получил 110 тыс ₸, отдал 440 тыс ₸ (400%) — отдаёт больше полученного: вероятны поступления извне выборки",P-other,3,False,1,5,110000.0,439500.0,1,8,3.995455,0.0,0,0,0.000546487,8.32217e-05,1,False,1,110000.0,0,False,1.28
100000003003821100,peripheral,0.7,2,0.3175,"Разовое поступление: 40 тыс ₸ от 1 плательщика, дальше не уходило; сумма мала",P-leaf,2,False,1,0,40000.0,0.0,1,0,0.0,,0,1,0.0004379373,0.0,1,False,0,0.0,0,False,-0.31
100000003004487100,transit,0.52,31,0.6776,"Транзит: получил 184 тыс ₸, отдал 265 тыс ₸ (144%); 92% суммы ушло в течение 2 дн. после поступления",T2,1,False,4,2,183702.8,265015.0,9,3,1.442629,0.924533,1,1,0.0003508725,0.0001927969,2,False,1,40000.0,2,False,1.01
100000003005167100,peripheral,0.4,19,0.0328,"Обрыв выгрузки на 4-м колене: получил 7 тыс ₸ от 1; исходящие не выгружены — роль «конечный» не присваиваем, нужна доп. выгрузка",P-trunc,4,False,1,0,7000.0,0.0,1,0,0.0,,0,0,0.0002893153,0.0,1,True,0,0.0,0,False,-0.14
100000003006633100,peripheral,0.7,35,0.0609,"Разовое поступление: 10 тыс ₸ от 1 плательщика, дальше не уходило; сумма мала",P-leaf,3,False,1,0,10000.0,0.0,1,0,0.0,,0,0,0.0002931965,0.0,1,False,0,0.0,0,False,-0.4
100000003009900100,peripheral,0.7,8,0.0714,"Разовое поступление: 16 тыс ₸ от 1 плательщика, дальше не уходило; сумма мала",P-leaf,3,False,1,0,15998.0,0.0,1,0,0.0,,0,0,0.0002915299,0.0,1,False,0,0.0,0,False,-0.4
100000003010908100,peripheral,0.4,8,0.158,"Обрыв выгрузки на 4-м колене: получил 17 тыс ₸ от 1; исходящие не выгружены — роль «конечный» не присваиваем, нужна доп. выгрузка",P-trunc,4,False,1,0,17000.0,0.0,1,0,0.0,,0,0,0.0003994094,0.0,1,True,0,0.0,0,False,-0.14
100000003014659100,terminal,0.69,9,0.5895,"Конечный получатель: 280 тыс ₸ от 1 плательщиков, исходящих ≥5 тыс ₸ нет; колено 1 — обход здесь не обрывался",E1,1,False,1,0,280000.0,0.0,1,0,0.0,,1,2,0.0003280369,0.0,1,False,0,0.0,0,False,0.69
100000003016438100,peripheral,0.5,10,0.3439,"Получил 200 тыс ₸, отдал 300 тыс ₸ (150%) — удерживает часть средств, признаков роли недостаточно",P-other,3,False,1,1,200000.0,300000.0,1,3,1.5,0.666667,0,0,0.0003166847,2.13999e-05,1,False,0,0.0,1,False,1.15
100000003016635100,coordinator,1.0,5,0.9388,"Хаб: собирает и раздаёт: 8 плательщиков → 73 получателей, через узел 9,4 млн ₸; 1 seed в 2 шагах выше; посредничество выше 99% узлов",C1,0,True,8,73,586981.0,9414081.0,36,151,,0.935081,0,1,0.0011896363,0.0072154691,3,False,19,320977.0,184,True,3.62
100000003016773100,peripheral,0.7,10,0.2861,"Разовое поступление: 47 тыс ₸ от 1 плательщика, дальше не уходило; сумма мала",P-leaf,2,False,1,0,46555.0,0.0,1,0,0.0,,0,1,0.0003147957,0.0,1,False,0,0.0,0,False,-0.31
100000003022835100,peripheral,0.7,2,0.378,"Разовое поступление: 125 тыс ₸ от 1 плательщика, дальше не уходило; сумма мала",P-leaf,1,False,1,0,125000.0,0.0,1,0,0.0,,1,2,0.0003105988,0.0,1,False,0,0.0,0,False,0.14
100000003024542100,peripheral,0.7,2,0.2085,"Разовое поступление: 8 тыс ₸ от 1 плательщика, дальше не уходило; сумма мала",P-leaf,2,False,1,0,8500.0,0.0,1,0,0.0,,0,1,0.0003179475,0.0,1,False,0,0.0,0,False,-0.31
100000003025903100,peripheral,0.4,4,0.3235,"Обрыв выгрузки на 4-м колене: получил 386 тыс ₸ от 1; исходящие не выгружены — роль «конечный» не присваиваем, нужна доп. выгрузка",P-trunc,4,False,1,0,386300.0,0.0,6,0,0.0,,0,0,0.0005264518,0.0,1,True,0,0.0,0,False,1.56
100000003031003100,terminal,0.79,12,0.4204,"Конечный получатель: 280 тыс ₸ от 3 плательщиков, исходящих ≥5 тыс ₸ нет; колено 3 — обход здесь не обрывался",E1,3,False,3,0,280090.0,0.0,3,0,0.0,,0,0,0.0003114988,0.0,2,False,0,0.0,0,False,0.76
100000003031633100,terminal,0.757,7,0.4396,"Конечный получатель: 414 тыс ₸ от 1 плательщиков, исходящих ≥5 тыс ₸ нет; колено 3 — обход здесь не обрывался",E1,3,False,1,0,414000.0,0.0,2,0,0.0,,0,0,0.0003146261,0.0,1,False,0,0.0,0,False,1.02
100000003031761100,terminal,0.78,3,0.4474,"Конечный получатель: 460 тыс ₸ от 1 плательщиков, исходящих ≥5 тыс ₸ нет; колено 3 — обход здесь не обрывался",E1,3,False,1,0,460408.0,0.0,1,0,0.0,,0,0,0.0003183608,0.0,1,False,0,0.0,0,False,1.09
100000003031890100,terminal,0.658,24,0.5527,"Конечный получатель: 215 тыс ₸ от 1 плательщиков, исходящих ≥5 тыс ₸ нет; колено 2 — обход здесь не обрывался",E1,2,False,1,0,215000.0,0.0,10,0,0.0,,0,1,0.0003921222,0.0,1,False,0,0.0,0,False,0.43
100000003034546100,terminal,0.793,7,0.5641,"Конечный получатель: 487 тыс ₸ от 1 плательщиков, исходящих ≥5 тыс ₸ нет; колено 2 — обход здесь не обрывался",E1,2,False,1,0,486715.0,0.0,2,0,0.0,,0,1,0.000331369,0.0,1,False,0,0.0,0,False,0.92
100000003035737100,peripheral,0.5,4,0.3763,"Получил 809 тыс ₸, отдал 7 тыс ₸ (1%) — удерживает часть средств, признаков роли недостаточно",P-other,3,False,2,1,809170.0,6544.53,3,1,0.008088,1.0,0,0,0.0003788113,1.92202e-05,1,False,0,0.0,1,False,1.47
100000003036198100,peripheral,0.7,2,0.1491,"Разовое поступление: 15 тыс ₸ от 1 плательщика, дальше не уходило; сумма мала",P-leaf,2,False,1,0,15000.0,0.0,1,0,0.0,,0,1,0.000287934,0.0,1,False,0,0.0,0,False,-0.31
100000003037476100,peripheral,0.4,7,0.3118,"Обрыв выгрузки на 4-м колене: получил 555 тыс ₸ от 3; исходящие не выгружены — роль «конечный» не присваиваем, нужна доп. выгрузка",P-trunc,4,False,3,0,555000.0,0.0,3,0,0.0,,0,0,0.0003593541,0.0,2,True,0,0.0,0,False,9.61
100000003037660100,peripheral,0.7,2,0.3115,"Разовое поступление: 53 тыс ₸ от 1 плательщика, дальше не уходило; сумма мала",P-leaf,1,False,1,0,53000.0,0.0,1,0,0.0,,1,2,0.0002961818,0.0,1,False,0,0.0,0,False,-0.44
100000003039473100,peripheral,0.7,5,0.2429,"Разовое поступление: 23 тыс ₸ от 1 плательщика, дальше не уходило; сумма мала",P-leaf,2,False,1,0,23000.0,0.0,1,0,0.0,,0,1,0.0003122139,0.0,1,False,0,0.0,0,False,-0.31
100000003040087100,peripheral,0.4,8,0.1229,"Обрыв выгрузки на 4-м колене: получил 29 тыс ₸ от 1; исходящие не выгружены — роль «конечный» не присваиваем, нужна доп. выгрузка",P-trunc,4,False,1,0,29000.0,0.0,1,0,0.0,,0,0,0.0002964248,0.0,1,True,0,0.0,0,False,-0.14
100000003042994100,terminal,0.693,5,0.5338,"Конечный получатель: 286 тыс ₸ от 1 плательщиков, исходящих ≥5 тыс ₸ нет; колено 1 — обход здесь не обрывался",E1,1,False,1,0,286086.0,0.0,3,0,0.0,,1,1,0.0003163287,0.0,1,False,0,0.0,0,False,0.7
100000003044431100,terminal,0.63,2,0.4468,"Конечный получатель: 60 тыс ₸ от 2 плательщиков, исходящих ≥5 тыс ₸ нет; колено 2 — обход здесь не обрывался",E1,2,False,2,0,60000.0,0.0,2,0,0.0,,0,1,0.0003024586,0.0,1,False,0,0.0,0,False,-0.22
100000003044518100,peripheral,0.7,6,0.1937,"Разовое поступление: 34 тыс ₸ от 1 плательщика, дальше не уходило; сумма мала",P-leaf,1,False,1,0,34423.0,0.0,1,0,0.0,,1,1,0.0002875432,0.0,1,False,0,0.0,0,False,-0.48
100000003047800100,peripheral,0.4,12,0.1384,"Обрыв выгрузки на 4-м колене: получил 12 тыс ₸ от 1; исходящие не выгружены — роль «конечный» не присваиваем, нужна доп. выгрузка",P-trunc,4,False,1,0,12212.0,0.0,1,0,0.0,,0,0,0.0003745703,0.0,1,True,0,0.0,0,False,-0.14
100000003050771100,terminal,0.665,13,0.4434,"Конечный получатель: 229 тыс ₸ от 1 плательщиков, исходящих ≥5 тыс ₸ нет; колено 3 — обход здесь не обрывался",E1,3,False,1,0,229000.0,0.0,1,0,0.0,,0,0,0.0003703398,0.0,1,False,0,0.0,0,False,0.62
100000003054328100,transit,0.598,12,0.6368,"Транзит: получил 140 тыс ₸, отдал 194 тыс ₸ (138%); 96% суммы ушло в течение 2 дн. после поступления",T2,2,False,1,2,140000.0,193720.0,1,2,1.383714,0.963865,0,1,0.0003359092,7.926e-07,1,False,0,0.0,1,False,0.69
100000003057225100,terminal,0.668,5,0.5195,"Конечный получатель: 236 тыс ₸ от 1 плательщиков, исходящих ≥5 тыс ₸ нет; колено 1 — обход здесь не обрывался",E1,1,False,1,0,236000.0,0.0,1,0,0.0,,1,1,0.0003109436,0.0,1,False,0,0.0,0,False,0.57
100000003060187100,peripheral,0.7,18,0.1964,"Разовое поступление: 93 тыс ₸ от 1 плательщика, дальше не уходило; сумма мала",P-leaf,3,False,1,0,93046.0,0.0,1,0,0.0,,0,0,0.0003014816,0.0,1,False,0,0.0,0,False,0.02
100000003060517100,terminal,0.708,16,0.4539,"Конечный получатель: 316 тыс ₸ от 1 плательщиков, исходящих ≥5 тыс ₸ нет; колено 3 — обход здесь не обрывался",E1,3,False,1,0,315955.0,0.0,1,0,0.0,,0,0,0.0003618835,0.0,1,False,0,0.0,0,False,0.84
100000003061115100,peripheral,0.4,0,0.2303,"Обрыв выгрузки на 4-м колене: получил 45 тыс ₸ от 1; исходящие не выгружены — роль «конечный» не присваиваем, нужна доп. выгрузка",P-trunc,4,False,1,0,45000.0,0.0,1,0,0.0,,0,0,0.000533904,0.0,1,True,0,0.0,0,False,0.06
100000003062895100,terminal,0.764,10,0.5721,"Конечный получатель: 328 тыс ₸ от 2 плательщиков, исходящих ≥5 тыс ₸ нет; колено 2 — обход здесь не обрывался",E1,2,False,2,0,328444.0,0.0,2,0,0.0,,0,1,0.0004076507,0.0,1,False,0,0.0,0,False,0.68
100000003066385100,terminal,0.61,0,0.3513,"Конечный получатель: 20 тыс ₸ от 2 плательщиков, исходящих ≥5 тыс ₸ нет; колено 1 — обход здесь не обрывался",E1,1,False,2,0,20000.0,0.0,2,0,0.0,,1,1,0.0002915397,0.0,1,False,0,0.0,0,False,-0.24
100000003068941100,peripheral,0.5,0,0.395,"Получил 94 тыс ₸, отдал 25 тыс ₸ (27%) — удерживает часть средств, признаков роли недостаточно",P-other,2,False,3,1,94000.0,25000.0,3,2,0.265957,1.0,0,1,0.0003201744,1.98147e-05,1,False,0,0.0,1,False,0.08
100000003069463100,peripheral,0.5,26,0.1383,"Получил 12 тыс ₸, отдал 18 тыс ₸ (156%) — отдаёт больше полученного: вероятны поступления извне выборки",P-other,3,False,1,1,11500.0,17920.0,1,1,1.558261,0.0,0,0,0.0002884532,1.96165e-05,1,False,0,0.0,0,False,-0.06
100000003071649100,terminal,0.645,7,0.3734,"Конечный получатель: 190 тыс ₸ от 1 плательщиков, исходящих ≥5 тыс ₸ нет; колено 3 — обход здесь не обрывался",E1,3,False,1,0,189500.0,0.0,1,0,0.0,,0,0,0.0002953323,0.0,1,False,0,0.0,0,False,0.5
100000003071930100,peripheral,0.5,7,0.4708,"Получил 478 тыс ₸, отдал 5 тыс ₸ (1%) — удерживает часть средств, признаков роли недостаточно",P-other,1,False,3,1,477610.0,5000.0,4,1,0.010469,1.0,1,1,0.0003483675,4.27997e-05,1,False,0,0.0,1,False,1.06
100000003072205100,peripheral,0.4,7,0.2448,"Обрыв выгрузки на 4-м колене: получил 163 тыс ₸ от 2; исходящие не выгружены — роль «конечный» не присваиваем, нужна доп. выгрузка",P-trunc,4,False,2,0,163000.0,0.0,2,0,0.0,,0,0,0.0003189739,0.0,2,True,0,0.0,0,False,4.73
100000003072676100,peripheral,0.7,16,0.1176,"Разовое поступление: 32 тыс ₸ от 1 плательщика, дальше не уходило; сумма мала",P-leaf,3,False,1,0,31545.0,0.0,1,0,0.0,,0,0,0.0002931885,0.0,1,False,0,0.0,0,False,-0.4
100000003073398100,peripheral,0.7,6,0.3061,"Разовое поступление: 93 тыс ₸ от 1 плательщика, дальше не уходило; сумма мала",P-leaf,2,False,1,0,92960.0,0.0,1,0,0.0,,0,1,0.0003031881,0.0,1,False,0,0.0,0,False,-0.07
100000003073635100,peripheral,0.7,3,0.226,"Разовое поступление: 129 тыс ₸ от 1 плательщика, дальше не уходило; сумма мала",P-leaf,3,False,1,0,129231.0,0.0,1,0,0.0,,0,0,0.0003118625,0.0,1,False,0,0.0,0,False,0.24
100000003074515100,peripheral,0.4,7,0.198,"Обрыв выгрузки на 4-м колене: получил 105 тыс ₸ от 1; исходящие не выгружены — роль «конечный» не присваиваем, нужна доп. выгрузка",P-trunc,4,False,1,0,105000.0,0.0,1,0,0.0,,0,0,0.0002993829,0.0,1,True,0,0.0,0,False,0.65
100000003078839100,peripheral,0.4,3,0.1149,"Обрыв выгрузки на 4-м колене: получил 14 тыс ₸ от 1; исходящие не выгружены — роль «конечный» не присваиваем, нужна доп. выгрузка",P-trunc,4,False,1,0,14000.0,0.0,2,0,0.0,,0,0,0.0003147927,0.0,1,True,0,0.0,0,False,-0.14
100000003083865100,peripheral,0.4,8,0.0654,"Обрыв выгрузки на 4-м колене: получил 15 тыс ₸ от 1; исходящие не выгружены — роль «конечный» не присваиваем, нужна доп. выгрузка",P-trunc,4,False,1,0,15000.0,0.0,1,0,0.0,,0,0,0.0002911842,0.0,1,True,0,0.0,0,False,-0.14
100000003084870100,peripheral,0.4,12,0.1135,"Обрыв выгрузки на 4-м колене: получил 6 тыс ₸ от 1; исходящие не выгружены — роль «конечный» не присваиваем, нужна доп. выгрузка",P-trunc,4,False,1,0,6500.0,0.0,1,0,0.0,,0,0,0.0003451787,0.0,1,True,0,0.0,0,False,-0.14
100000003086040100,peripheral,0.7,0,0.272,"Разовое поступление: 10 тыс ₸ от 1 плательщика, дальше не уходило; сумма мала",P-leaf,2,False,1,0,10500.0,0.0,1,0,0.0,,0,1,0.0005480623,0.0,1,False,0,0.0,0,False,-0.31
100000003087877100,peripheral,0.7,3,0.1667,"Разовое поступление: 91 тыс ₸ от 1 плательщика, дальше не уходило; сумма мала",P-leaf,3,False,1,0,91486.0,0.0,1,0,0.0,,0,0,0.0002920852,0.0,1,False,0,0.0,0,False,0.01
100000003089018100,terminal,0.665,7,0.5133,"Конечный получатель: 230 тыс ₸ от 1 плательщиков, исходящих ≥5 тыс ₸ нет; колено 2 — обход здесь не обрывался",E1,2,False,1,0,230000.0,0.0,1,0,0.0,,0,1,0.0003072122,0.0,1,False,0,0.0,0,False,0.47
100000003089553100,peripheral,0.7,10,0.2259,"Разовое поступление: 150 тыс ₸ от 1 плательщика, дальше не уходило; сумма мала",P-leaf,3,False,1,0,150000.0,0.0,1,0,0.0,,0,0,0.000307092,0.0,1,False,0,0.0,0,False,0.34
100000003091142100,peripheral,0.4,0,0.2068,"Обрыв выгрузки на 4-м колене: получил 40 тыс ₸ от 1; исходящие не выгружены — роль «конечный» не присваиваем, нужна доп. выгрузка",P-trunc,4,False,1,0,40000.0,0.0,1,0,0.0,,0,0,0.0004098644,0.0,1,True,0,0.0,0,False,-0.02
100000003093299100,peripheral,0.7,0,0.0348,"Разовое поступление: 15 тыс ₸ от 1 плательщика, дальше не уходило; сумма мала",P-leaf,3,False,1,0,15000.0,0.0,1,0,0.0,,0,0,0.0002864141,0.0,1,False,0,0.0,0,False,-0.4
100000003095610100,peripheral,0.7,8,0.1035,"Разовое поступление: 24 тыс ₸ от 1 плательщика, дальше не уходило; сумма мала",P-leaf,3,False,1,0,23665.0,0.0,1,0,0.0,,0,0,0.0002943865,0.0,1,False,0,0.0,0,False,-0.4
100000003096787100,peripheral,0.4,8,0.0736,"Обрыв выгрузки на 4-м колене: получил 16 тыс ₸ от 1; исходящие не выгружены — роль «конечный» не присваиваем, нужна доп. выгрузка",P-trunc,4,False,1,0,16400.0,0.0,1,0,0.0,,0,0,0.0002917083,0.0,1,True,0,0.0,0,False,-0.14
100000003097324100,terminal,0.747,17,0.4358,"Конечный получатель: 294 тыс ₸ от 2 плательщиков, исходящих ≥5 тыс ₸ нет; колено 3 — обход здесь не обрывался",E1,3,False,2,0,294000.0,0.0,2,0,0.0,,0,0,0.0003260131,0.0,2,False,0,0.0,0,False,0.79
100000003097947100,peripheral,0.4,3,0.1947,"Обрыв выгрузки на 4-м колене: получил 53 тыс ₸ от 1; исходящие не выгружены — роль «конечный» не присваиваем, нужна доп. выгрузка",P-trunc,4,False,1,0,52980.0,0.0,1,0,0.0,,0,0,0.0003200784,0.0,1,True,0,0.0,0,False,0.18
100000003102157100,peripheral,0.7,0,0.3096,"Разовое поступление: 97 тыс ₸ от 1 плательщика, дальше не уходило; сумма мала",P-leaf,1,False,1,0,96746.0,0.0,2,0,0.0,,1,1,0.0003037239,0.0,1,False,0,0.0,0,False,-0.03
100000003104347100,peripheral,0.5,22,0.4639,"Получил 418 тыс ₸, отдал 32 тыс ₸ (8%) — удерживает часть средств, признаков роли недостаточно",P-other,2,False,1,1,418000.0,32000.0,1,1,0.076555,0.0,0,1,0.0003643171,1.92202e-05,1,False,0,0.0,0,False,0.87
100000003105089100,peripheral,0.4,21,0.0798,"Обрыв выгрузки на 4-м колене: получил 10 тыс ₸ от 1; исходящие не выгружены — роль «конечный» не присваиваем, нужна доп. выгрузка",P-trunc,4,False,1,0,10000.0,0.0,1,0,0.0,,0,0,0.0002994377,0.0,1,True,0,0.0,0,False,-0.14
100000003105929100,peripheral,0.5,4,0.3168,"Получил 430 тыс ₸, отдал 156 тыс ₸ (36%) — удерживает часть средств, признаков роли недостаточно",P-other,3,False,1,1,429567.0,156354.0,2,1,0.36398,0.0,0,0,0.0002994912,1.92202e-05,1,False,0,0.0,0,False,1.25
100000003109805100,peripheral,0.7,16,0.1165,"Разовое поступление: 37 тыс ₸ от 1 плательщика, дальше не уходило; сумма мала",P-leaf,3,False,1,0,36929.0,0.0,1,0,0.0,,0,0,0.0002913819,0.0,1,False,0,0.0,0,False,-0.4
100000003111305100,terminal,0.955,27,0.4824,"Конечный получатель: 509 тыс ₸ от 4 плательщиков, исходящих ≥5 тыс ₸ нет; колено 3 — обход здесь не обрывался",E1,3,False,4,0,509338.0,0.0,4,0,0.0,,0,0,0.0004036018,0.0,2,False,0,0.0,0,False,1.16
100000003112436100,peripheral,0.7,5,0.3564,"Разовое поступление: 100 тыс ₸ от 1 плательщика, дальше не уходило; сумма мала",P-leaf,2,False,1,0,100000.0,0.0,1,0,0.0,,0,2,0.0003021326,0.0,1,False,0,0.0,0,False,-0.03
100000003112578100,peripheral,0.7,12,0.1643,"Разовое поступление: 101 тыс ₸ от 1 плательщика, дальше не уходило; сумма мала",P-leaf,3,False,1,0,101080.0,0.0,1,0,0.0,,0,0,0.0002903839,0.0,1,False,0,0.0,0,False,0.08
100000003115284100,consolidator,1.0,9,0.9474,"Сбор средств: 2,2 млн ₸ от 8 плательщиков (из них seed: 2), дальше ушло 24% полученного; до 7 плательщиков в один день",K1,1,False,8,2,2160500.0,517000.0,15,4,0.239296,0.98646,2,4,0.0015286376,0.0001278047,7,False,2,40500.0,15,False,2.23
100000003116106100,terminal,0.797,4,0.4277,"Конечный получатель: 494 тыс ₸ от 1 плательщиков, исходящих ≥5 тыс ₸ нет; колено 3 — обход здесь не обрывался",E1,3,False,1,0,494050.0,0.0,2,0,0.0,,0,0,0.000301581,0.0,1,False,0,0.0,0,False,1.14
100000003119550100,peripheral,0.7,1,0.1845,"Разовое поступление: 21 тыс ₸ от 1 плательщика, дальше не уходило; сумма мала",P-leaf,1,False,1,0,21000.0,0.0,1,0,0.0,,1,1,0.0002899769,0.0,1,False,0,0.0,0,False,-0.48
100000003122817100,terminal,0.772,26,0.4751,"Конечный получатель: 445 тыс ₸ от 1 плательщиков, исходящих ≥5 тыс ₸ нет; колено 3 — обход здесь не обрывался",E1,3,False,1,0,444680.0,0.0,1,0,0.0,,0,0,0.0003970827,0.0,1,False,0,0.0,0,False,1.07
100000003123296100,peripheral,0.7,11,0.2947,"Разовое поступление: 86 тыс ₸ от 1 плательщика, дальше не уходило; сумма мала",P-leaf,1,False,1,0,86200.0,0.0,2,0,0.0,,1,1,0.0002998746,0.0,1,False,0,0.0,0,False,-0.11
100000003125997100,peripheral,0.4,10,0.2695,"Обрыв выгрузки на 4-м колене: получил 88 тыс ₸ от 1; исходящие не выгружены — роль «конечный» не присваиваем, нужна доп. выгрузка",P-trunc,4,False,1,0,87750.0,0.0,1,0,0.0,,0,0,0.000548372,0.0,1,True,0,0.0,0,False,0.53
100000003128638100,peripheral,0.4,7,0.2887,"Обрыв выгрузки на 4-м колене: получил 300 тыс ₸ от 1; исходящие не выгружены — роль «конечный» не присваиваем, нужна доп. выгрузка",P-trunc,4,False,1,0,300000.0,0.0,1,0,0.0,,0,0,0.0003581872,0.0,1,True,0,0.0,0,False,1.38
100000003131016100,peripheral,0.5,0,0.4751,"Получил 406 тыс ₸, отдал 126 тыс ₸ (31%) — удерживает часть средств, признаков роли недостаточно",P-other,2,False,1,1,405700.0,126000.0,7,4,0.310574,0.325397,0,1,0.0016774572,0.0,1,False,1,126000.0,0,False,0.97
100000003131693100,terminal,0.727,2,0.61,"Конечный получатель: 353 тыс ₸ от 1 плательщиков, исходящих ≥5 тыс ₸ нет; колено 1 — обход здесь не обрывался",E1,1,False,1,0,353277.0,0.0,1,0,0.0,,1,2,0.0003563082,0.0,1,False,0,0.0,0,False,0.85
100000003132484100,peripheral,0.7,7,0.2684,"Разовое поступление: 90 тыс ₸ от 1 плательщика, дальше не уходило; сумма мала",P-leaf,3,False,1,0,90000.0,0.0,1,0,0.0,,0,0,0.0005388233,0.0,1,False,0,0.0,0,False,-0.0
100000003133045100,peripheral,0.4,51,0.2134,"Обрыв выгрузки на 4-м колене: получил 68 тыс ₸ от 1; исходящие не выгружены — роль «конечный» не присваиваем, нужна доп. выгрузка",P-trunc,4,False,1,0,68000.0,0.0,1,0,0.0,,0,0,0.0003330496,0.0,1,True,0,0.0,0,False,0.35
100000003134474100,peripheral,0.7,4,0.1632,"Разовое поступление: 116 тыс ₸ от 1 плательщика, дальше не уходило; сумма мала",P-leaf,3,False,1,0,116000.0,0.0,1,0,0.0,,0,0,0.0002893288,0.0,1,False,0,0.0,0,False,0.17
100000003134550100,peripheral,0.4,10,0.1936,"Обрыв выгрузки на 4-м колене: получил 100 тыс ₸ от 1; исходящие не выгружены — роль «конечный» не присваиваем, нужна доп. выгрузка",P-trunc,4,False,1,0,100000.0,0.0,1,0,0.0,,0,0,0.0002988459,0.0,1,True,0,0.0,0,False,0.62
100000003134934100,terminal,0.89,0,0.5797,"Конечный получатель: 379 тыс ₸ от 4 плательщиков, исходящих ≥5 тыс ₸ нет; колено 2 — обход здесь не обрывался",E1,2,False,4,0,379354.0,0.0,4,0,0.0,,0,1,0.0004244791,0.0,2,False,0,0.0,0,False,0.77
100000003134937100,peripheral,0.7,5,0.1324,"Разовое поступление: 10 тыс ₸ от 1 плательщика, дальше не уходило; сумма мала",P-leaf,1,False,1,0,10286.0,0.0,1,0,0.0,,1,1,0.0002866752,0.0,1,False,0,0.0,0,False,-0.48
100000003146511100,peripheral,0.4,13,0.0999,"Обрыв выгрузки на 4-м колене: получил 10 тыс ₸ от 1; исходящие не выгружены — роль «конечный» не присваиваем, нужна доп. выгрузка",P-trunc,4,False,1,0,10000.0,0.0,1,0,0.0,,0,0,0.0003118137,0.0,1,True,0,0.0,0,False,-0.14
100000003147719100,peripheral,0.7,7,0.1647,"Разовое поступление: 100 тыс ₸ от 1 плательщика, дальше не уходило; сумма мала",P-leaf,3,False,1,0,100000.0,0.0,1,0,0.0,,0,0,0.0002907213,0.0,1,False,0,0.0,0,False,0.07
100000003148220100,peripheral,0.5,59,0.4081,"Получил 6 тыс ₸, отдал 43 тыс ₸ (768%) — отдаёт больше полученного: вероятны поступления извне выборки",P-other,1,False,1,2,5650.0,43400.0,1,4,7.681416,0.221198,1,1,0.0009182428,3.963e-07,1,False,1,5650.0,0,False,-0.01
100000003149149100,terminal,0.673,4,0.3784,"Конечный получатель: 245 тыс ₸ от 1 плательщиков, исходящих ≥5 тыс ₸ нет; колено 3 — обход здесь не обрывался",E1,3,False,1,0,245000.0,0.0,1,0,0.0,,0,0,0.0002935095,0.0,1,False,0,0.0,0,False,0.67
100000003152964100,peripheral,0.5,3,0.2862,"Получил 142 тыс ₸, отдал 6 тыс ₸ (4%) — удерживает часть средств, признаков роли недостаточно",P-other,3,False,1,1,141847.0,5500.0,1,1,0.038774,0.0,0,0,0.0003144293,1.92202e-05,1,False,0,0.0,0,False,0.33
100000003154105100,peripheral,0.5,21,0.4017,"Получил 60 тыс ₸, отдал 338 тыс ₸ (563%) — отдаёт больше полученного: вероятны поступления извне выборки",P-other,3,False,1,7,60000.0,338000.0,1,9,5.633333,0.162722,0,0,0.0005506808,0.0001400898,1,False,0,0.0,3,False,1.96
100000003157333100,peripheral,0.7,6,0.2119,"Разовое поступление: 30 тыс ₸ от 1 плательщика, дальше не уходило; сумма мала",P-leaf,2,False,1,0,30000.0,0.0,1,0,0.0,,0,1,0.0002912552,0.0,1,False,0,0.0,0,False,-0.31
100000003157679100,terminal,0.97,7,0.4769,"Конечный получатель: 541 тыс ₸ от 4 плательщиков, исходящих ≥5 тыс ₸ нет; колено 3 — обход здесь не обрывался",E1,3,False,4,0,541000.0,0.0,4,0,0.0,,0,0,0.0003728531,0.0,2,False,0,0.0,0,False,1.2
100000003158727100,terminal,0.834,6,0.5406,"Конечный получатель: 368 тыс ₸ от 3 плательщиков, исходящих ≥5 тыс ₸ нет; колено 1 — обход здесь не обрывался",E1,1,False,3,0,367940.0,0.0,3,0,0.0,,1,1,0.0003141291,0.0,2,False,0,0.0,0,False,0.88
100000003159641100,peripheral,0.5,58,0.4173,"Получил 64 тыс ₸, отдал 198 тыс ₸ (309%) — отдаёт больше полученного: вероятны поступления извне выборки",P-other,2,False,4,1,64000.0,197800.0,7,1,3.090625,1.0,0,1,0.0003052154,5.88496e-05,1,False,0,0.0,1,False,0.55
100000003163256100,transit,0.388,5,0.4337,"Транзит: получил 13 тыс ₸, отдал 15 тыс ₸ (111%); 0% суммы ушло в течение 2 дн. после поступления",T1,1,False,1,1,13485.0,15000.0,1,1,1.112347,0.0,1,1,0.0002870192,1.92202e-05,1,False,0,0.0,0,False,-0.24
100000003163886100,terminal,0.8,55,0.5181,"Конечный получатель: 500 тыс ₸ от 1 плательщиков, исходящих ≥5 тыс ₸ нет; колено 3 — обход здесь не обрывался",E1,3,False,1,0,500000.0,0.0,1,0,0.0,,0,0,0.0007338351,0.0,1,False,0,0.0,0,False,1.15
100000003164661100,terminal,0.848,29,0.5163,"Конечный получатель: 596 тыс ₸ от 1 плательщиков, исходящих ≥5 тыс ₸ нет; колено 3 — обход здесь не обрывался",E1,3,False,1,0,596200.0,0.0,3,0,0.0,,0,0,0.0006007385,0.0,1,False,0,0.0,0,False,1.26
100000003166017100,peripheral,0.4,8,0.0654,"Обрыв выгрузки на 4-м колене: получил 15 тыс ₸ от 1; исходящие не выгружены — роль «конечный» не присваиваем, нужна доп. выгрузка",P-trunc,4,False,1,0,15000.0,0.0,1,0,0.0,,0,0,0.0002911842,0.0,1,True,0,0.0,0,False,-0.14
100000003166755100,peripheral,0.7,2,0.1872,"Разовое поступление: 24 тыс ₸ от 1 плательщика, дальше не уходило; сумма мала",P-leaf,2,False,1,0,24010.0,0.0,1,0,0.0,,0,1,0.0002893544,0.0,1,False,0,0.0,0,False,-0.31
100000003171006100,terminal,0.842,7,0.4593,"Конечный получатель: 485 тыс ₸ от 2 плательщиков, исходящих ≥5 тыс ₸ нет; колено 3 — обход здесь не обрывался",E1,3,False,2,0,485000.0,0.0,2,0,0.0,,0,0,0.0003349679,0.0,2,False,0,0.0,0,False,1.13
100000003171587100,peripheral,0.5,4,0.3636,"Получил 700 тыс ₸, отдал 431 тыс ₸ (62%) — удерживает часть средств, признаков роли недостаточно",P-other,3,False,2,2,700000.0,431300.0,2,7,0.616143,0.0,0,0,0.0003160184,3.88368e-05,2,False,0,0.0,0,False,1.69
100000003173783100,peripheral,0.4,30,0.1602,"Обрыв выгрузки на 4-м колене: получил 24 тыс ₸ от 1; исходящие не выгружены — роль «конечный» не присваиваем, нужна доп. выгрузка",P-trunc,4,False,1,0,23500.0,0.0,2,0,0.0,,0,0,0.0003468224,0.0,1,True,0,0.0,0,False,-0.14
100000003177533100,peripheral,0.4,3,0.1484,"Обрыв выгрузки на 4-м колене: получил 20 тыс ₸ от 1; исходящие не выгружены — роль «конечный» не присваиваем, нужна доп. выгрузка",P-trunc,4,False,1,0,20000.0,0.0,3,0,0.0,,0,0,0.0003381974,0.0,1,True,0,0.0,0,False,-0.14
100000003178549100,peripheral,0.5,16,0.3594,"Получил 250 тыс ₸, отдал 89 тыс ₸ (36%) — удерживает часть средств, признаков роли недостаточно",P-other,3,False,2,4,250000.0,89080.0,2,4,0.35632,0.0,0,0,0.0003521578,0.000272122,1,False,11,219254.0,0,False,1.28
100000003180305100,peripheral,0.4,0,0.2823,"Обрыв выгрузки на 4-м колене: получил 144 тыс ₸ от 1; исходящие не выгружены — роль «конечный» не присваиваем, нужна доп. выгрузка",P-trunc,4,False,1,0,144000.0,0.0,1,0,0.0,,0,0,0.0005280566,0.0,1,True,0,0.0,0,False,0.87
100000003180820100,peripheral,0.4,7,0.1952,"Обрыв выгрузки на 4-м колене: получил 101 тыс ₸ от 1; исходящие не выгружены — роль «конечный» не присваиваем, нужна доп. выгрузка",P-trunc,4,False,1,0,101000.0,0.0,1,0,0.0,,0,0,0.0002988566,0.0,1,True,0,0.0,0,False,0.63
100000003186579100,peripheral,0.4,3,0.2719,"Обрыв выгрузки на 4-м колене: получил 110 тыс ₸ от 1; исходящие не выгружены — роль «конечный» не присваиваем, нужна доп. выгрузка",P-trunc,4,False,1,0,110000.0,0.0,2,0,0.0,,0,0,0.0005151816,0.0,1,True,0,0.0,0,False,0.69
100000003187359100,peripheral,0.7,1,0.1747,"Разовое поступление: 19 тыс ₸ от 1 плательщика, дальше не уходило; сумма мала",P-leaf,1,False,1,0,19072.0,0.0,1,0,0.0,,1,1,0.0002895723,0.0,1,False,0,0.0,0,False,-0.48
100000003188607100,peripheral,0.5,6,0.2909,"Получил 18 тыс ₸, отдал 5 тыс ₸ (28%) — удерживает часть средств, признаков роли недостаточно",P-other,2,False,1,1,18000.0,5000.0,1,1,0.277778,0.0,0,1,0.0003147626,5.944e-07,1,False,0,0.0,0,False,-0.22
100000003190207100,peripheral,0.5,20,0.3054,"Получил 5 тыс ₸, отдал 377 тыс ₸ (7540%) — отдаёт больше полученного: вероятны поступления извне выборки",P-other,3,False,1,1,5000.0,377000.0,1,8,75.4,0.106101,0,0,0.0002991259,2.10036e-05,1,False,0,0.0,1,True,0.97
100000003191430100,terminal,0.64,5,0.5637,"Конечный получатель: 180 тыс ₸ от 1 плательщиков, исходящих ≥5 тыс ₸ нет; колено 2 — обход здесь не обрывался",E1,2,False,1,0,180000.0,0.0,1,0,0.0,,0,1,0.0005307376,0.0,1,False,0,0.0,0,False,0.32
100000003192220100,peripheral,0.7,54,0.3486,"Разовое поступление: 60 тыс ₸ от 1 плательщика, дальше не уходило; сумма мала",P-leaf,2,False,1,0,60000.0,0.0,2,0,0.0,,0,1,0.0005031716,0.0,1,False,0,0.0,0,False,-0.31
100000003192309100,peripheral,0.5,1,0.2284,"Получил 17 тыс ₸, отдал 213 тыс ₸ (1238%) — отдаёт больше полученного: вероятны поступления извне выборки",P-other,3,False,1,1,17200.0,213000.0,1,1,12.383721,0.0,0,0,0.0002882538,1.387e-06,1,False,0,0.0,0,False,0.63
100000003194831100,peripheral,0.4,9,0.0403,"Обрыв выгрузки на 4-м колене: получил 6 тыс ₸ от 1; исходящие не выгружены — роль «конечный» не присваиваем, нужна доп. выгрузка",P-trunc,4,False,1,0,6265.0,0.0,1,0,0.0,,0,0,0.0002908267,0.0,1,True,0,0.0,0,False,-0.14
100000003199390100,peripheral,0.4,4,0.2889,"Обрыв выгрузки на 4-м колене: получил 260 тыс ₸ от 1; исходящие не выгружены — роль «конечный» не присваиваем, нужна доп. выгрузка",P-trunc,4,False,1,0,260000.0,0.0,1,0,0.0,,0,0,0.0003766332,0.0,1,True,0,0.0,0,False,1.28
100000003200071100,peripheral,0.6,68,0.0702,Seed-клиент: отправил 30 тыс ₸ на 1 получателей; признаков сбора или веера нет,P-seed,0,True,0,1,0.0,30000.0,0,1,,,0,0,0.0002855693,0.0,0,False,0,0.0,0,False,0.13
100000003204491100,transit,0.714,0,0.4832,"Транзит: получил 140 тыс ₸, отдал 100 тыс ₸ (71%); 100% суммы ушло в течение 2 дн. после поступления",T2,3,False,1,1,140000.0,100000.0,1,2,0.714286,1.0,0,0,0.0002979848,1.92202e-05,1,False,0,0.0,1,False,0.65
100000003205210100,peripheral,0.7,2,0.384,"Разовое поступление: 138 тыс ₸ от 1 плательщика, дальше не уходило; сумма мала",P-leaf,1,False,1,0,137563.0,0.0,1,0,0.0,,1,2,0.0003131144,0.0,1,False,0,0.0,0,False,0.21
100000003207060100,peripheral,0.4,0,0.2269,"Обрыв выгрузки на 4-м колене: получил 53 тыс ₸ от 1; исходящие не выгружены — роль «конечный» не присваиваем, нужна доп. выгрузка",P-trunc,4,False,1,0,53000.0,0.0,1,0,0.0,,0,0,0.0004274431,0.0,1,True,0,0.0,0,False,0.18
100000003213473100,distributor,0.642,0,0.546,"Веерная рассылка: 240 тыс ₸ на 11 получателей (12 переводов), плательщиков в выборке: 1",D1,3,False,1,11,57500.0,240000.0,2,12,4.173913,0.1875,0,0,0.0002888077,0.0001097267,1,False,34,333000.0,2,False,3.31
100000003214786100,peripheral,0.4,0,0.1258,"Обрыв выгрузки на 4-м колене: получил 5 тыс ₸ от 1; исходящие не выгружены — роль «конечный» не присваиваем, нужна доп. выгрузка",P-trunc,4,False,1,0,5000.0,0.0,1,0,0.0,,0,0,0.000420282,0.0,1,True,0,0.0,0,False,-0.14
100000003215448100,peripheral,0.5,3,0.2979,"Получил 91 тыс ₸, отдал 124 тыс ₸ (136%) — удерживает часть средств, признаков роли недостаточно",P-other,3,False,1,2,91309.0,124000.0,1,4,1.358026,0.064516,0,0,0.0003041469,3.84405e-05,1,False,0,0.0,1,False,0.58
100000003216073100,peripheral,0.5,3,0.1942,"Получил 37 тыс ₸, отдал 70 тыс ₸ (189%) — отдаёт больше полученного: вероятны поступления извне выборки",P-other,3,False,1,1,37001.0,70000.0,1,1,1.891841,0.0,0,0,0.0002882046,7.926e-07,1,False,0,0.0,0,False,0.11
100000003218308100,peripheral,0.7,0,0.0249,"Разовое поступление: 11 тыс ₸ от 1 плательщика, дальше не уходило; сумма мала",P-leaf,3,False,1,0,11165.0,0.0,1,0,0.0,,0,0,0.0002861981,0.0,1,False,0,0.0,0,False,-0.4
100000003219438100,peripheral,0.7,34,0.3085,"Разовое поступление: 32 тыс ₸ от 1 плательщика, дальше не уходило; сумма мала",P-leaf,2,False,1,0,32000.0,0.0,1,0,0.0,,0,1,0.0004471556,0.0,1,False,0,0.0,0,False,-0.31
100000003220685100,peripheral,0.4,4,0.3581,"Обрыв выгрузки на 4-м колене: получил 1,3 млн ₸ от 1; исходящие не выгружены — роль «конечный» не присваиваем, нужна доп. выгрузка",P-trunc,4,False,1,0,1306000.0,0.0,2,0,0.0,,0,0,0.0005375987,0.0,1,True,0,0.0,0,False,2.4
100000003221384100,terminal,0.806,15,0.5952,"Конечный получатель: 511 тыс ₸ от 1 плательщиков, исходящих ≥5 тыс ₸ нет; колено 2 — обход здесь не обрывался",E1,2,False,1,0,511200.0,0.0,1,0,0.0,,0,1,0.0004482029,0.0,1,False,0,0.0,0,False,0.95
100000003221510100,peripheral,0.5,0,0.2129,"Получил 24 тыс ₸, отдал 120 тыс ₸ (500%) — отдаёт больше полученного: вероятны поступления извне выборки",P-other,3,False,1,2,24000.0,120000.0,1,3,5.0,0.0,0,0,0.000286921,3.84405e-05,1,False,0,0.0,0,False,0.31
100000003230328100,peripheral,0.4,0,0.1715,"Обрыв выгрузки на 4-м колене: получил 27 тыс ₸ от 3; исходящие не выгружены — роль «конечный» не присваиваем, нужна доп. выгрузка",P-trunc,4,False,3,0,26572.0,0.0,3,0,0.0,,0,0,0.0003516801,0.0,1,True,0,0.0,0,False,9.61
100000003230329100,peripheral,0.4,7,0.2018,"Обрыв выгрузки на 4-м колене: получил 110 тыс ₸ от 1; исходящие не выгружены — роль «конечный» не присваиваем, нужна доп. выгрузка",P-trunc,4,False,1,0,110000.0,0.0,1,0,0.0,,0,0,0.0003000406,0.0,1,True,0,0.0,0,False,0.69
100000003232675100,peripheral,0.4,13,0.2093,"Обрыв выгрузки на 4-м колене: получил 44 тыс ₸ от 1; исходящие не выгружены — роль «конечный» не присваиваем, нужна доп. выгрузка",P-trunc,4,False,1,0,44000.0,0.0,2,0,0.0,,0,0,0.0004010445,0.0,1,True,0,0.0,0,False,0.05
100000003235780100,terminal,0.632,0,0.4146,"Конечный получатель: 65 тыс ₸ от 2 плательщиков, исходящих ≥5 тыс ₸ нет; колено 1 — обход здесь не обрывался",E1,1,False,2,0,65000.0,0.0,2,0,0.0,,1,1,0.0002912001,0.0,1,False,0,0.0,0,False,-0.24
100000003237045100,peripheral,0.5,5,0.4234,"Получил 340 тыс ₸, отдал 150 тыс ₸ (44%) — удерживает часть средств, признаков роли недостаточно",P-other,2,False,1,1,340200.0,150000.0,2,1,0.440917,0.0,0,1,0.0003941344,0.0,1,False,1,150000.0,0,False,0.92
100000003239379100,peripheral,0.7,11,0.3013,"Разовое поступление: 92 тыс ₸ от 1 плательщика, дальше не уходило; сумма мала",P-leaf,1,False,1,0,92500.0,0.0,1,0,0.0,,1,1,0.0003009201,0.0,1,False,0,0.0,0,False,-0.06
100000003239859100,peripheral,0.7,11,0.1669,"Разовое поступление: 19 тыс ₸ от 1 плательщика, дальше не уходило; сумма мала",P-leaf,1,False,1,0,18600.0,0.0,1,0,0.0,,1,1,0.0002886561,0.0,1,False,0,0.0,0,False,-0.48
100000003241965100,peripheral,0.7,8,0.0652,"Разовое поступление: 15 тыс ₸ от 1 плательщика, дальше не уходило; сумма мала",P-leaf,3,False,1,0,15000.0,0.0,1,0,0.0,,0,0,0.000291158,0.0,1,False,0,0.0,0,False,-0.4
100000003242289100,distributor,0.742,16,0.8137,"Веерная рассылка: 2,4 млн ₸ на 23 получателей (26 переводов), плательщиков в выборке: 3",D1,2,False,3,23,550791.0,2377741.0,8,26,4.316957,0.33093,0,1,0.0004397217,0.0010013456,2,False,104,2308734.0,22,True,2.05
100000003242795100,peripheral,0.7,4,0.1596,"Разовое поступление: 111 тыс ₸ от 1 плательщика, дальше не уходило; сумма мала",P-leaf,3,False,1,0,111000.0,0.0,1,0,0.0,,0,0,0.0002891667,0.0,1,False,0,0.0,0,False,0.14
100000003246024100,peripheral,0.5,0,0.3624,"Получил 25 тыс ₸, отдал 5 тыс ₸ (20%) — удерживает часть средств, признаков роли недостаточно",P-other,2,False,1,1,25000.0,5000.0,1,1,0.2,1.0,0,1,0.0003713401,0.0016116906,1,False,0,0.0,1,False,-0.22
100000003247600100,peripheral,0.4,2,0.2673,"Обрыв выгрузки на 4-м колене: получил 58 тыс ₸ от 1; исходящие не выгружены — роль «конечный» не присваиваем, нужна доп. выгрузка",P-trunc,4,False,1,0,58000.0,0.0,1,0,0.0,,0,0,0.0008412091,0.0,1,True,0,0.0,0,False,0.24
100000003249054100,consolidator,0.85,2,0.7553,"Сбор средств: 100 тыс ₸ от 7 плательщиков (из них seed: 0), дальше ушло 15% полученного; до 2 плательщиков в один день",K1,2,False,7,1,99700.0,15000.0,11,1,0.150451,0.0,0,1,0.0004314632,3.96294e-05,2,False,0,0.0,0,False,0.35
100000003252446100,peripheral,0.4,10,0.2011,"Обрыв выгрузки на 4-м колене: получил 109 тыс ₸ от 1; исходящие не выгружены — роль «конечный» не присваиваем, нужна доп. выгрузка",P-trunc,4,False,1,0,108600.0,0.0,1,0,0.0,,0,0,0.0002999877,0.0,1,True,0,0.0,0,False,0.68
100000003254277100,transit,0.915,0,0.3977,"Транзит: получил 49 тыс ₸, отдал 45 тыс ₸ (91%); 100% суммы ушло в течение 2 дн. после поступления",T1,3,False,1,1,49200.0,44997.0,1,1,0.914573,1.0,0,0,0.0002883402,1.92202e-05,1,False,0,0.0,1,False,0.03
100000003254723100,terminal,0.685,2,0.5799,"Конечный получатель: 270 тыс ₸ от 1 плательщиков, исходящих ≥5 тыс ₸ нет; колено 2 — обход здесь не обрывался",E1,2,False,1,0,269850.0,0.0,6,0,0.0,,0,1,0.0005300437,0.0,1,False,0,0.0,0,False,0.57
100000003265158100,consolidator,0.85,11,0.8419,"Сбор средств: 146 тыс ₸ от 3 плательщиков (из них seed: 2), дальше ушло 106% полученного",K2,1,False,3,2,146100.4,154200.0,3,4,1.055439,1.0,2,2,0.000384671,0.0001765488,1,False,0,0.0,2,False,0.74
100000003265658100,peripheral,0.9,73,0.0,Seed-клиент без переводов ≥5 тыс ₸ внутри банка за июль,P-orphan,0,True,0,0,0.0,0.0,0,0,,,0,0,0.0002855693,0.0,0,False,0,0.0,0,False,-0.39
100000003270419100,peripheral,0.7,13,0.3094,"Разовое поступление: 150 тыс ₸ от 1 плательщика, дальше не уходило; сумма мала",P-leaf,3,False,1,0,150000.0,0.0,1,0,0.0,,0,0,0.0008334814,0.0,1,False,0,0.0,0,False,0.34
100000003271151100,peripheral,0.7,3,0.2251,"Разовое поступление: 127 тыс ₸ от 1 плательщика, дальше не уходило; сумма мала",P-leaf,3,False,1,0,127294.0,0.0,1,0,0.0,,0,0,0.0003114684,0.0,1,False,0,0.0,0,False,0.23
100000003275398100,peripheral,0.5,24,0.4138,"Получил 300 тыс ₸, отдал 20 тыс ₸ (7%) — удерживает часть средств, признаков роли недостаточно",P-other,2,False,1,1,300000.0,20000.0,1,1,0.066667,0.0,0,1,0.0004342478,0.0,1,False,0,0.0,0,False,0.67
100000003278020100,terminal,0.645,0,0.524,"Конечный получатель: 190 тыс ₸ от 1 плательщиков, исходящих ≥5 тыс ₸ нет; колено 2 — обход здесь не обрывался",E1,2,False,1,0,190000.0,0.0,1,0,0.0,,0,1,0.0003245513,0.0,1,False,0,0.0,0,False,0.36
100000003284932100,peripheral,0.7,2,0.3313,"Разовое поступление: 70 тыс ₸ от 1 плательщика, дальше не уходило; сумма мала",P-leaf,1,False,1,0,69925.0,0.0,1,0,0.0,,1,2,0.0002995708,0.0,1,False,0,0.0,0,False,-0.25
100000003286537100,terminal,0.676,7,0.38,"Конечный получатель: 153 тыс ₸ от 2 плательщиков, исходящих ≥5 тыс ₸ нет; колено 3 — обход здесь не обрывался",E1,3,False,2,0,153000.0,0.0,2,0,0.0,,0,0,0.0003010947,0.0,2,False,0,0.0,0,False,0.35
100000003289281100,peripheral,0.4,0,0.2356,"Обрыв выгрузки на 4-м колене: получил 40 тыс ₸ от 1; исходящие не выгружены — роль «конечный» не присваиваем, нужна доп. выгрузка",P-trunc,4,False,1,0,40000.0,0.0,1,0,0.0,,0,0,0.0005967179,0.0,1,True,0,0.0,0,False,-0.02
100000003289405100,terminal,0.728,2,0.5564,"Конечный получатель: 355 тыс ₸ от 1 плательщиков, исходящих ≥5 тыс ₸ нет; колено 2 — обход здесь не обрывался",E1,2,False,1,0,355000.0,0.0,1,0,0.0,,0,1,0.0003390047,0.0,1,False,0,0.0,0,False,0.73
100000003292191100,peripheral,0.7,17,0.2017,"Разовое поступление: 112 тыс ₸ от 1 плательщика, дальше не уходило; сумма мала",P-leaf,3,False,1,0,112000.0,0.0,1,0,0.0,,0,0,0.0002996285,0.0,1,False,0,0.0,0,False,0.14
100000003292979100,peripheral,0.7,2,0.3003,"Разовое поступление: 49 тыс ₸ от 1 плательщика, дальше не уходило; сумма мала",P-leaf,2,False,1,0,48950.0,0.0,1,0,0.0,,0,1,0.0003303145,0.0,1,False,0,0.0,0,False,-0.31
100000003293377100,peripheral,0.7,4,0.1054,"Разовое поступление: 50 тыс ₸ от 1 плательщика, дальше не уходило; сумма мала",P-leaf,3,False,1,0,50000.0,0.0,1,0,0.0,,0,0,0.0002871898,0.0,1,False,0,0.0,0,False,-0.4
100000003299365100,transit,1.0,2,0.6423,"Транзит: получил 200 тыс ₸, отдал 200 тыс ₸ (100%); 100% суммы ушло в течение 2 дн. после поступления",T1,1,False,1,1,200000.0,200000.0,1,1,1.0,1.0,1,2,0.0003256166,0.0,1,False,1,200000.0,0,False,0.93
100000003321423100,peripheral,0.7,33,0.3948,"Разовое поступление: 100 тыс ₸ от 1 плательщика, дальше не уходило; сумма мала",P-leaf,2,False,1,0,100000.0,0.0,2,0,0.0,,0,1,0.000671103,0.0,1,False,0,0.0,0,False,-0.03
100000003321895100,peripheral,0.5,62,0.3446,"Получил 24 тыс ₸, отдал 554 тыс ₸ (2308%) — отдаёт больше полученного: вероятны поступления извне выборки",P-other,3,False,1,2,24000.0,553830.0,1,3,23.07625,0.0,0,0,0.0003112597,3.96294e-05,1,False,0,0.0,0,False,1.24
100000003336565100,peripheral,0.7,1,0.1781,"Разовое поступление: 17 тыс ₸ от 1 плательщика, дальше не уходило; сумма мала",P-leaf,2,False,1,0,16550.0,0.0,1,0,0.0,,0,1,0.0002911903,0.0,1,False,0,0.0,0,False,-0.31
100000003338583100,peripheral,0.7,24,0.0802,"Разовое поступление: 22 тыс ₸ от 1 плательщика, дальше не уходило; сумма мала",P-leaf,3,False,1,0,21765.0,0.0,1,0,0.0,,0,0,0.0002901602,0.0,1,False,0,0.0,0,False,-0.4
100000003345947100,peripheral,0.4,3,0.2514,"Обрыв выгрузки на 4-м колене: получил 80 тыс ₸ от 1; исходящие не выгружены — роль «конечный» не присваиваем, нужна доп. выгрузка",P-trunc,4,False,1,0,79500.0,0.0,6,0,0.0,,0,0,0.0004947659,0.0,1,True,0,0.0,0,False,0.46
100000003349739100,peripheral,0.9,74,0.0,Seed-клиент без переводов ≥5 тыс ₸ внутри банка за июль,P-orphan,0,True,0,0,0.0,0.0,0,0,,,0,0,0.0002855693,0.0,0,False,0,0.0,0,False,-0.39
100000003360542100,peripheral,0.5,9,0.5528,"Получил 317 тыс ₸, отдал 52 тыс ₸ (16%) — удерживает часть средств, признаков роли недостаточно",P-other,2,False,2,2,317000.0,51800.0,3,5,0.163407,0.299228,0,2,0.0014564325,9.907e-07,1,False,3,50500.0,1,False,0.75
100000003366154100,peripheral,0.5,2,0.4899,"Получил 125 тыс ₸, отдал 289 тыс ₸ (231%) — отдаёт больше полученного: вероятны поступления извне выборки",P-other,1,False,1,3,125000.0,289170.0,1,3,2.31336,1.0,1,2,0.0003105988,6.14671e-05,1,False,0,0.0,3,False,0.96
100000003366471100,peripheral,0.5,3,0.3459,"Получил 330 тыс ₸, отдал 20 тыс ₸ (6%) — удерживает часть средств, признаков роли недостаточно",P-other,3,False,2,1,329789.0,20000.0,5,1,0.060645,1.0,0,0,0.0003604912,1.92202e-05,2,False,0,0.0,1,False,0.91
100000003370425100,peripheral,0.4,13,0.2002,"Обрыв выгрузки на 4-м колене: получил 20 тыс ₸ от 1; исходящие не выгружены — роль «конечный» не присваиваем, нужна доп. выгрузка",P-trunc,4,False,1,0,20000.0,0.0,1,0,0.0,,0,0,0.0006479505,0.0,1,True,0,0.0,0,False,-0.14
100000003377795100,peripheral,0.7,6,0.1178,"Разовое поступление: 7 тыс ₸ от 1 плательщика, дальше не уходило; сумма мала",P-leaf,1,False,1,0,7000.0,0.0,1,0,0.0,,1,1,0.0002859707,0.0,1,False,0,0.0,0,False,-0.48
100000003390036100,peripheral,0.5,9,0.5629,"Получил 231 тыс ₸, отдал 62 тыс ₸ (27%) — удерживает часть средств, признаков роли недостаточно",P-other,2,False,2,2,231300.0,62000.0,4,2,0.26805,0.16129,0,2,0.0013242239,7.8268e-05,1,False,2,20000.0,1,False,0.62
100000003404627100,terminal,1.0,10,0.7032,"Конечный получатель: 878 тыс ₸ от 4 плательщиков, исходящих ≥5 тыс ₸ нет; колено 1 — обход здесь не обрывался",E1,1,False,4,0,877700.0,0.0,5,0,0.0,,1,4,0.0013785777,0.0,3,False,0,0.0,0,False,1.47
100000003406094100,peripheral,0.5,5,0.3587,"Получил 70 тыс ₸, отдал 47 тыс ₸ (67%) — удерживает часть средств, признаков роли недостаточно",P-other,3,False,1,3,70000.0,47000.0,4,3,0.671429,0.148936,0,0,0.0007781508,3.88368e-05,1,False,1,20000.0,1,False,0.61
100000003447411100,peripheral,0.4,3,0.2547,"Обрыв выгрузки на 4-м колене: получил 302 тыс ₸ от 1; исходящие не выгружены — роль «конечный» не присваиваем, нужна доп. выгрузка",P-trunc,4,False,1,0,302000.0,0.0,3,0,0.0,,0,0,0.0003058184,0.0,1,True,0,0.0,0,False,1.39
100000003448713100,peripheral,0.4,3,0.2465,"Обрыв выгрузки на 4-м колене: получил 267 тыс ₸ от 1; исходящие не выгружены — роль «конечный» не присваиваем, нужна доп. выгрузка",P-trunc,4,False,1,0,266750.0,0.0,1,0,0.0,,0,0,0.0003034549,0.0,1,True,0,0.0,0,False,1.3
100000003449074100,peripheral,0.7,0,0.1327,"Разовое поступление: 10 тыс ₸ от 1 плательщика, дальше не уходило; сумма мала",P-leaf,1,False,1,0,10000.0,0.0,1,0,0.0,,1,1,0.0002874458,0.0,1,False,0,0.0,0,False,-0.48
100000003457710100,peripheral,0.5,4,0.3259,"Получил 327 тыс ₸, отдал 1,3 млн ₸ (400%) — отдаёт больше полученного: вероятны поступления извне выборки",P-other,3,False,1,1,326555.0,1306000.0,1,2,3.999326,1.0,0,0,0.0002961527,1.92202e-05,1,False,0,0.0,1,False,1.94
100000003470579100,peripheral,0.4,26,0.3341,"Обрыв выгрузки на 4-м колене: получил 357 тыс ₸ от 1; исходящие не выгружены — роль «конечный» не присваиваем, нужна доп. выгрузка",P-trunc,4,False,1,0,357000.0,0.0,2,0,0.0,,0,0,0.0005685326,0.0,1,True,0,0.0,0,False,1.5
100000003476560100,peripheral,0.7,2,0.3049,"Разовое поступление: 50 тыс ₸ от 1 плательщика, дальше не уходило; сумма мала",P-leaf,1,False,1,0,50000.0,0.0,1,0,0.0,,1,2,0.0002955811,0.0,1,False,0,0.0,0,False,-0.48
100000003481025100,peripheral,0.4,0,0.1505,"Обрыв выгрузки на 4-м колене: получил 9 тыс ₸ от 1; исходящие не выгружены — роль «конечный» не присваиваем, нужна доп. выгрузка",P-trunc,4,False,1,0,9000.0,0.0,1,0,0.0,,0,0,0.0005310261,0.0,1,True,0,0.0,0,False,-0.14
100000003484058100,peripheral,0.5,14,0.2797,"Получил 110 тыс ₸, отдал 6 тыс ₸ (5%) — удерживает часть средств, признаков роли недостаточно",P-other,3,False,1,1,110000.0,6000.0,1,1,0.054545,0.0,0,0,0.000316661,1.92202e-05,1,False,0,0.0,0,False,0.17
100000003486846100,peripheral,0.4,5,0.2028,"Обрыв выгрузки на 4-м колене: получил 27 тыс ₸ от 1; исходящие не выгружены — роль «конечный» не присваиваем, нужна доп. выгрузка",P-trunc,4,False,1,0,27000.0,0.0,2,0,0.0,,0,0,0.000531136,0.0,1,True,0,0.0,0,False,-0.14
100000003486970100,peripheral,0.7,4,0.1796,"Разовое поступление: 150 тыс ₸ от 1 плательщика, дальше не уходило; сумма мала",P-leaf,3,False,1,0,150000.0,0.0,1,0,0.0,,0,0,0.0002904307,0.0,1,False,0,0.0,0,False,0.34
100000003497735100,peripheral,0.7,18,0.2187,"Разовое поступление: 125 тыс ₸ от 1 плательщика, дальше не уходило; сумма мала",P-leaf,3,False,1,0,125000.0,0.0,1,0,0.0,,0,0,0.0003069462,0.0,1,False,0,0.0,0,False,0.22
100000003500764100,peripheral,0.4,16,0.187,"Обрыв выгрузки на 4-м колене: получил 21 тыс ₸ от 1; исходящие не выгружены — роль «конечный» не присваиваем, нужна доп. выгрузка",P-trunc,4,False,1,0,21000.0,0.0,1,0,0.0,,0,0,0.0005301918,0.0,1,True,0,0.0,0,False,-0.14
100000003509750100,transit,0.825,6,0.6771,"Транзит: получил 82 тыс ₸, отдал 78 тыс ₸ (95%); 74% суммы ушло в течение 2 дн. после поступления",T1,2,False,3,3,82290.0,78400.0,4,5,0.952728,0.744898,0,1,0.001687048,1.9815e-06,1,False,2,47700.0,2,False,0.26
100000003528285100,peripheral,0.5,2,0.3926,"Получил 119 тыс ₸, отдал 548 тыс ₸ (461%) — отдаёт больше полученного: вероятны поступления извне выборки",P-other,3,False,4,4,118870.0,548000.0,5,6,4.610078,0.620438,0,0,0.0004042756,0.0001150463,1,False,0,0.0,4,False,1.96
100000003557488100,peripheral,0.5,31,0.4135,"Получил 665 тыс ₸, отдал 138 тыс ₸ (21%) — удерживает часть средств, признаков роли недостаточно",P-other,3,False,1,2,664992.0,138000.0,3,4,0.207521,0.855072,0,0,0.0005809718,1.98147e-05,1,False,1,20000.0,1,False,1.46
100000003561031100,peripheral,0.5,3,0.1079,"Получил 13 тыс ₸, отдал 5 тыс ₸ (38%) — удерживает часть средств, признаков роли недостаточно",P-other,3,False,1,1,13300.0,5000.0,1,1,0.37594,0.0,0,0,0.0002882753,1.92202e-05,1,False,0,0.0,0,False,-0.06
100000003567087100,peripheral,0.7,1,0.2769,"Разовое поступление: 62 тыс ₸ от 1 плательщика, дальше не уходило; сумма мала",P-leaf,1,False,1,0,62115.0,0.0,1,0,0.0,,1,1,0.0002986065,0.0,1,False,0,0.0,0,False,-0.33
100000003568904100,peripheral,0.4,13,0.2336,"Обрыв выгрузки на 4-м колене: получил 49 тыс ₸ от 1; исходящие не выгружены — роль «конечный» не присваиваем, нужна доп. выгрузка",P-trunc,4,False,1,0,49000.0,0.0,1,0,0.0,,0,0,0.000531731,0.0,1,True,0,0.0,0,False,0.12
100000003574895100,transit,0.715,0,0.3553,"Транзит: получил 28 тыс ₸, отдал 20 тыс ₸ (72%); 100% суммы ушло в течение 2 дн. после поступления",T2,3,False,1,1,27968.0,20000.0,1,1,0.715103,1.0,0,0,0.0002871445,1.92202e-05,1,False,0,0.0,1,False,-0.06
100000003581109100,peripheral,0.7,0,0.0991,"Разовое поступление: 43 тыс ₸ от 1 плательщика, дальше не уходило; сумма мала",P-leaf,3,False,1,0,42750.0,0.0,1,0,0.0,,0,0,0.000287977,0.0,1,False,0,0.0,0,False,-0.4
100000003582677100,peripheral,0.5,2,0.2358,"Получил 30 тыс ₸, отдал 56 тыс ₸ (188%) — отдаёт больше полученного: вероятны поступления извне выборки",P-other,3,False,2,4,29756.989999999998,56000.0,2,5,1.881911,0.0,0,0,0.0002932927,0.0001788815,1,False,31,285514.97,0,False,1.28
100000003589877100,peripheral,0.5,10,0.4509,"Получил 176 тыс ₸, отдал 416 тыс ₸ (236%) — отдаёт больше полученного: вероятны поступления извне выборки",P-other,1,False,2,6,176000.0,416129.0,2,6,2.364369,0.879845,1,1,0.0003069752,9.54572e-05,1,False,0,0.0,5,False,1.2
100000003594472100,peripheral,0.7,31,0.0949,"Разовое поступление: 20 тыс ₸ от 1 плательщика, дальше не уходило; сумма мала",P-leaf,3,False,1,0,20000.0,0.0,1,0,0.0,,0,0,0.0002944537,0.0,1,False,0,0.0,0,False,-0.4
100000003603979100,peripheral,0.7,24,0.4115,"Разовое поступление: 165 тыс ₸ от 1 плательщика, дальше не уходило; сумма мала",P-leaf,2,False,1,0,165000.0,0.0,3,0,0.0,,0,1,0.0005856463,0.0,1,False,0,0.0,0,False,0.27
100000003610172100,peripheral,0.7,4,0.1258,"Разовое поступление: 70 тыс ₸ от 1 плательщика, дальше не уходило; сумма мала",P-leaf,3,False,1,0,70000.0,0.0,1,0,0.0,,0,0,0.0002878379,0.0,1,False,0,0.0,0,False,-0.17
100000003616818100,peripheral,0.5,24,0.4688,"Получил 78 тыс ₸, отдал 240 тыс ₸ (308%) — отдаёт больше полученного: вероятны поступления извне выборки",P-other,1,False,3,3,78000.0,240100.0,4,8,3.078205,0.0,1,1,0.0005130034,1.9815e-06,1,False,14,228000.0,0,False,0.78
100000003617552100,peripheral,0.7,29,0.3111,"Разовое поступление: 25 тыс ₸ от 1 плательщика, дальше не уходило; сумма мала",P-leaf,2,False,1,0,25000.0,0.0,1,0,0.0,,0,1,0.0005510453,0.0,1,False,0,0.0,0,False,-0.31
100000003622955100,peripheral,0.4,9,0.1973,"Обрыв выгрузки на 4-м колене: получил 15 тыс ₸ от 1; исходящие не выгружены — роль «конечный» не присваиваем, нужна доп. выгрузка",P-trunc,4,False,1,0,15000.0,0.0,1,0,0.0,,0,0,0.0013342638,0.0,1,True,0,0.0,0,False,-0.14
100000003626268100,peripheral,0.4,3,0.1402,"Обрыв выгрузки на 4-м колене: получил 5 тыс ₸ от 1; исходящие не выгружены — роль «конечный» не присваиваем, нужна доп. выгрузка",P-trunc,4,False,1,0,5000.0,0.0,1,0,0.0,,0,0,0.0005308904,0.0,1,True,0,0.0,0,False,-0.14
100000003631015100,peripheral,0.4,40,0.2685,"Обрыв выгрузки на 4-м колене: получил 266 тыс ₸ от 1; исходящие не выгружены — роль «конечный» не присваиваем, нужна доп. выгрузка",P-trunc,4,False,1,0,266000.0,0.0,1,0,0.0,,0,0,0.0003222509,0.0,1,True,0,0.0,0,False,1.3
100000003632533100,peripheral,0.4,4,0.1421,"Обрыв выгрузки на 4-м колене: получил 10 тыс ₸ от 1; исходящие не выгружены — роль «конечный» не присваиваем, нужна доп. выгрузка",P-trunc,4,False,1,0,10000.0,0.0,1,0,0.0,,0,0,0.0004289491,0.0,1,True,0,0.0,0,False,-0.14
100000003635170100,transit,0.944,33,0.7895,"Транзит: получил 268 тыс ₸, отдал 254 тыс ₸ (94%); 100% суммы ушло в течение 2 дн. после поступления",T1,1,False,3,4,268500.0,253500.0,13,10,0.944134,1.0,1,2,0.0011481911,0.0001880414,2,False,2,143500.0,4,True,1.11
100000003635660100,peripheral,0.7,0,0.0737,"Разовое поступление: 19 тыс ₸ от 1 плательщика, дальше не уходило; сумма мала",P-leaf,3,False,1,0,18985.0,0.0,1,0,0.0,,0,0,0.0002905219,0.0,1,False,0,0.0,0,False,-0.4
100000003636627100,peripheral,0.5,6,0.2938,"Получил 77 тыс ₸, отдал 10 тыс ₸ (13%) — удерживает часть средств, признаков роли недостаточно",P-other,3,False,1,1,77000.0,10000.0,8,1,0.12987,0.0,0,0,0.0019763124,0.0,1,False,1,10000.0,0,False,-0.02
100000003646145100,peripheral,0.4,32,0.1572,"Обрыв выгрузки на 4-м колене: получил 5 тыс ₸ от 1; исходящие не выгружены — роль «конечный» не присваиваем, нужна доп. выгрузка",P-trunc,4,False,1,0,5000.0,0.0,1,0,0.0,,0,0,0.0006536813,0.0,1,True,0,0.0,0,False,-0.14
100000003647799100,peripheral,0.7,4,0.152,"Разовое поступление: 100 тыс ₸ от 1 плательщика, дальше не уходило; сумма мала",P-leaf,3,False,1,0,100000.0,0.0,1,0,0.0,,0,0,0.0002888102,0.0,1,False,0,0.0,0,False,0.07
100000003650146100,peripheral,0.7,5,0.0934,"Разовое поступление: 14 тыс ₸ от 1 плательщика, дальше не уходило; сумма мала",P-leaf,3,False,1,0,14400.0,0.0,1,0,0.0,,0,0,0.0003001274,0.0,1,False,0,0.0,0,False,-0.4
100000003664994100,peripheral,0.4,41,0.301,"Обрыв выгрузки на 4-м колене: получил 338 тыс ₸ от 1; исходящие не выгружены — роль «конечный» не присваиваем, нужна доп. выгрузка",P-trunc,4,False,1,0,338271.0,0.0,2,0,0.0,,0,0,0.0003911208,0.0,1,True,0,0.0,0,False,1.47
100000003671721100,peripheral,0.7,8,0.1502,"Разовое поступление: 5 тыс ₸ от 1 плательщика, дальше не уходило; сумма мала",P-leaf,3,False,1,0,5000.0,0.0,1,0,0.0,,0,0,0.0005587422,0.0,1,False,0,0.0,0,False,-0.4
100000003677936100,peripheral,0.5,6,0.2521,"Получил 71 тыс ₸, отдал 13 тыс ₸ (18%) — удерживает часть средств, признаков роли недостаточно",P-other,3,False,1,1,71000.0,13000.0,1,2,0.183099,0.461538,0,0,0.0003088836,1.92202e-05,1,False,0,0.0,1,False,-0.05
100000003684369100,coordinator,0.999,2,1.0,"Хаб: собирает и раздаёт: 24 плательщиков → 62 получателей, через узел 8,6 млн ₸; 4 seed в 2 шагах выше; посредничество выше 99% узлов",C1,0,True,24,62,3848436.0,8588655.0,58,67,,1.0,1,4,0.0020202912,0.0023030748,6,False,1,200000.0,414,False,3.87
100000003692843100,peripheral,0.4,62,0.3355,"Обрыв выгрузки на 4-м колене: получил 510 тыс ₸ от 1; исходящие не выгружены — роль «конечный» не присваиваем, нужна доп. выгрузка",P-trunc,4,False,1,0,510000.0,0.0,2,0,0.0,,0,0,0.0005294957,0.0,1,True,0,0.0,0,False,1.75
100000003696422100,peripheral,0.4,31,0.297,"Обрыв выгрузки на 4-м колене: получил 118 тыс ₸ от 1; исходящие не выгружены — роль «конечный» не присваиваем, нужна доп. выгрузка",P-trunc,4,False,1,0,118000.0,0.0,2,0,0.0,,0,0,0.0007085171,0.0,1,True,0,0.0,0,False,0.73
100000003701161100,peripheral,0.5,22,0.6128,"Получил 1,5 млн ₸, отдал 349 тыс ₸ (23%) — удерживает часть средств, признаков роли недостаточно",P-other,1,False,4,3,1527103.0,349000.0,13,7,0.228537,1.0,1,2,0.0016488162,0.0002130079,2,False,4,580000.0,4,False,1.99
100000003711830100,peripheral,0.7,3,0.151,"Разовое поступление: 50 тыс ₸ от 1 плательщика, дальше не уходило; сумма мала",P-leaf,3,False,1,0,50000.0,0.0,1,0,0.0,,0,0,0.0002957422,0.0,1,False,0,0.0,0,False,-0.4
100000003713616100,peripheral,0.7,5,0.1494,"Разовое поступление: 16 тыс ₸ от 1 плательщика, дальше не уходило; сумма мала",P-leaf,1,False,1,0,15893.0,0.0,1,0,0.0,,1,1,0.0002872781,0.0,1,False,0,0.0,0,False,-0.48
100000003718221100,transit,0.691,22,0.7408,"Транзит: получил 350 тыс ₸, отдал 424 тыс ₸ (121%); 80% суммы ушло в течение 2 дн. после поступления",T2,2,False,2,4,350000.0,423500.0,6,8,1.21,0.802834,0,1,0.0010434683,3.92331e-05,1,False,4,560000.0,4,False,1.2
100000003718715100,peripheral,0.4,13,0.3613,"Обрыв выгрузки на 4-м колене: получил 915 тыс ₸ от 1; исходящие не выгружены — роль «конечный» не присваиваем, нужна доп. выгрузка",P-trunc,4,False,1,0,915000.0,0.0,3,0,0.0,,0,0,0.0005755765,0.0,1,True,0,0.0,0,False,2.16
100000003724440100,terminal,0.625,2,0.4444,"Конечный получатель: 50 тыс ₸ от 2 плательщиков, исходящих ≥5 тыс ₸ нет; колено 2 — обход здесь не обрывался",E1,2,False,2,0,50000.0,0.0,2,0,0.0,,0,1,0.0003080879,0.0,1,False,0,0.0,0,False,-0.22
100000003736419100,peripheral,0.5,0,0.1641,"Получил 23 тыс ₸, отдал 10 тыс ₸ (43%) — удерживает часть средств, признаков роли недостаточно",P-other,3,False,1,1,23300.0,10000.0,1,1,0.429185,1.0,0,0,0.0002916476,1.92202e-05,1,False,0,0.0,1,False,-0.06
100000003739818100,peripheral,0.7,2,0.318,"Разовое поступление: 57 тыс ₸ от 1 плательщика, дальше не уходило; сумма мала",P-leaf,1,False,1,0,57293.0,0.0,1,0,0.0,,1,2,0.0002970414,0.0,1,False,0,0.0,0,False,-0.39
100000003741418100,consolidator,0.95,4,0.8062,"Сбор средств: 152 тыс ₸ от 9 плательщиков (из них seed: 0), дальше ушло 26% полученного; до 2 плательщиков в один день",K1,2,False,9,3,151900.0,39920.0,13,3,0.262804,0.0,0,1,0.0006325014,5.27549e-05,2,False,1,5000.0,0,False,0.73
100000003747133100,consolidator,0.75,46,0.8081,"Сбор средств: 237 тыс ₸ от 5 плательщиков (из них seed: 0), дальше ушло 105% полученного; до 2 плательщиков в один день",K1,2,False,5,2,237068.0,250000.0,8,2,1.05455,0.92,0,1,0.0003780707,9.61012e-05,2,False,0,0.0,2,False,0.92
100000003760160100,peripheral,0.7,4,0.1562,"Разовое поступление: 104 тыс ₸ от 1 плательщика, дальше не уходило; сумма мала",P-leaf,3,False,1,0,104470.0,0.0,1,0,0.0,,0,0,0.0002889551,0.0,1,False,0,0.0,0,False,0.1
100000003770083100,peripheral,0.9,75,0.0,Seed-клиент без переводов ≥5 тыс ₸ внутри банка за июль,P-orphan,0,True,0,0,0.0,0.0,0,0,,,0,0,0.0002855693,0.0,0,False,0,0.0,0,False,-0.39
100000003781406100,peripheral,0.7,11,0.2475,"Разовое поступление: 45 тыс ₸ от 1 плательщика, дальше не уходило; сумма мала",P-leaf,3,False,1,0,45000.0,0.0,2,0,0.0,,0,0,0.0007228807,0.0,1,False,0,0.0,0,False,-0.4
100000003782913100,peripheral,0.4,14,0.2256,"Обрыв выгрузки на 4-м колене: получил 200 тыс ₸ от 1; исходящие не выгружены — роль «конечный» не присваиваем, нужна доп. выгрузка",P-trunc,4,False,1,0,200000.0,0.0,1,0,0.0,,0,0,0.0002993966,0.0,1,True,0,0.0,0,False,1.1
100000003786516100,peripheral,0.4,0,0.0461,"Обрыв выгрузки на 4-м колене: получил 5 тыс ₸ от 1; исходящие не выгружены — роль «конечный» не присваиваем, нужна доп. выгрузка",P-trunc,4,False,1,0,5000.0,0.0,1,0,0.0,,0,0,0.0002931596,0.0,1,True,0,0.0,0,False,-0.14
100000003792647100,peripheral,0.4,4,0.132,"Обрыв выгрузки на 4-м колене: получил 8 тыс ₸ от 1; исходящие не выгружены — роль «конечный» не присваиваем, нужна доп. выгрузка",P-trunc,4,False,1,0,8000.0,0.0,1,0,0.0,,0,0,0.0004002731,0.0,1,True,0,0.0,0,False,-0.14
100000003795588100,terminal,0.75,0,0.4451,"Конечный получатель: 400 тыс ₸ от 1 плательщиков, исходящих ≥5 тыс ₸ нет; колено 3 — обход здесь не обрывался",E1,3,False,1,0,400000.0,0.0,2,0,0.0,,0,0,0.0003210422,0.0,1,False,0,0.0,0,False,1.0
100000003796063100,distributor,0.675,4,0.7232,"Веерная рассылка: 959 тыс ₸ на 15 получателей (23 переводов), плательщиков в выборке: 1",D1,3,False,1,15,35000.0,959150.0,1,23,27.404286,0.073503,0,0,0.0006852649,0.0011789272,1,False,104,1284081.97,1,False,4.66
100000003798151100,terminal,0.725,5,0.6018,"Конечный получатель: 350 тыс ₸ от 1 плательщиков, исходящих ≥5 тыс ₸ нет; колено 2 — обход здесь не обрывался",E1,2,False,1,0,350000.0,0.0,3,0,0.0,,0,1,0.0005753929,0.0,1,False,0,0.0,0,False,0.72
100000003809101100,peripheral,0.5,9,0.4992,"Получил 166 тыс ₸, отдал 55 тыс ₸ (33%) — удерживает часть средств, признаков роли недостаточно",P-other,1,False,2,2,166050.0,55200.0,3,4,0.33243,0.184783,1,2,0.0003619471,0.0001333396,1,False,1,10200.0,0,True,0.53
100000003814002100,peripheral,0.7,4,0.075,"Разовое поступление: 30 тыс ₸ от 1 плательщика, дальше не уходило; сумма мала",P-leaf,3,False,1,0,30000.0,0.0,1,0,0.0,,0,0,0.0002865416,0.0,1,False,0,0.0,0,False,-0.4
100000003819173100,peripheral,0.4,3,0.198,"Обрыв выгрузки на 4-м колене: получил 144 тыс ₸ от 1; исходящие не выгружены — роль «конечный» не присваиваем, нужна доп. выгрузка",P-trunc,4,False,1,0,143777.0,0.0,1,0,0.0,,0,0,0.0002952096,0.0,1,True,0,0.0,0,False,0.87
100000003823811100,peripheral,0.5,20,0.4606,"Получил 30 тыс ₸, отдал 66 тыс ₸ (220%) — отдаёт больше полученного: вероятны поступления извне выборки",P-other,2,False,1,3,30000.0,66130.0,1,3,2.204333,0.0,0,2,0.0003569753,0.0001245234,1,False,0,0.0,0,False,-0.03
100000003824464100,terminal,0.65,22,0.5262,"Конечный получатель: 200 тыс ₸ от 1 плательщиков, исходящих ≥5 тыс ₸ нет; колено 2 — обход здесь не обрывался",E1,2,False,1,0,200000.0,0.0,1,0,0.0,,0,1,0.0003232477,0.0,1,False,0,0.0,0,False,0.39
100000003831201100,peripheral,0.7,0,0.3325,"Разовое поступление: 40 тыс ₸ от 1 плательщика, дальше не уходило; сумма мала",P-leaf,2,False,1,0,40500.0,0.0,3,0,0.0,,0,1,0.0005343335,0.0,1,False,0,0.0,0,False,-0.31
100000003831324100,terminal,0.75,6,0.5349,"Конечный получатель: 300 тыс ₸ от 2 плательщиков, исходящих ≥5 тыс ₸ нет; колено 1 — обход здесь не обрывался",E1,1,False,2,0,300000.0,0.0,2,0,0.0,,1,1,0.0003151926,0.0,1,False,0,0.0,0,False,0.74
100000003832231100,peripheral,0.7,2,0.2739,"Разовое поступление: 35 тыс ₸ от 1 плательщика, дальше не уходило; сумма мала",P-leaf,1,False,1,0,35000.0,0.0,1,0,0.0,,1,2,0.0002925776,0.0,1,False,0,0.0,0,False,-0.48
100000003834495100,peripheral,0.5,0,0.4044,"Получил 602 тыс ₸, отдал 20 тыс ₸ (3%) — удерживает часть средств, признаков роли недостаточно",P-other,3,False,3,1,602441.0,20000.0,5,1,0.033198,1.0,0,0,0.0006208602,2.8717e-06,2,False,0,0.0,2,False,1.29
100000003835149100,peripheral,0.5,23,0.5136,"Получил 248 тыс ₸, отдал 4,6 млн ₸ (1851%) — отдаёт больше полученного: вероятны поступления извне выборки",P-other,1,False,1,2,248500.0,4600440.0,1,13,18.512837,0.0,1,1,0.0004889017,1.7833e-06,1,False,0,0.0,0,False,2.63
100000003838587100,peripheral,0.4,14,0.1538,"Обрыв выгрузки на 4-м колене: получил 6 тыс ₸ от 1; исходящие не выгружены — роль «конечный» не присваиваем, нужна доп. выгрузка",P-trunc,4,False,1,0,6000.0,0.0,1,0,0.0,,0,0,0.0005550324,0.0,1,True,0,0.0,0,False,-0.14
100000003843844100,peripheral,0.5,13,0.2616,"Получил 17 тыс ₸, отдал 238 тыс ₸ (1427%) — отдаёт больше полученного: вероятны поступления извне выборки",P-other,3,False,1,1,16680.0,238000.0,1,1,14.268585,0.0,0,0,0.0002917438,1.92202e-05,1,False,0,0.0,0,False,0.69
100000003854444100,distributor,0.667,18,0.8147,"Веерная рассылка: 2,3 млн ₸ на 14 получателей (14 переводов), плательщиков в выборке: 1",D1,2,False,1,14,210000.0,2322909.0,4,14,11.061471,0.744831,0,1,0.0004667616,0.0010752598,1,False,0,0.0,8,False,1.91
100000003865939100,peripheral,0.7,69,0.3625,"Разовое поступление: 81 тыс ₸ от 1 плательщика, дальше не уходило; сумма мала",P-leaf,1,False,1,0,81465.0,0.0,1,0,0.0,,1,1,0.0005285862,0.0,1,False,0,0.0,0,False,-0.15
100000003873332100,peripheral,0.5,18,0.3857,"Получил 23 тыс ₸, отдал 286 тыс ₸ (1219%) — отдаёт больше полученного: вероятны поступления извне выборки",P-other,1,False,1,4,23468.0,286000.0,1,8,12.186808,0.0,1,1,0.0002899731,0.0008935591,1,False,0,0.0,0,False,0.76
100000003877908100,peripheral,0.7,2,0.2843,"Разовое поступление: 40 тыс ₸ от 1 плательщика, дальше не уходило; сумма мала",P-leaf,1,False,1,0,40000.0,0.0,1,0,0.0,,1,2,0.0002935788,0.0,1,False,0,0.0,0,False,-0.48
100000003880331100,distributor,0.683,3,0.6587,"Веерная рассылка: 3,9 млн ₸ на 16 получателей (31 переводов), плательщиков в выборке: 1",D1,3,False,1,16,100000.0,3904908.0,1,31,39.04908,0.446715,0,0,0.0003076581,0.0006596541,1,False,21,612637.0,9,False,4.99
100000003886323100,peripheral,0.5,5,0.45,"Получил 78 тыс ₸, отдал 8 тыс ₸ (10%) — удерживает часть средств, признаков роли недостаточно",P-other,1,False,2,1,78168.0,7650.0,6,1,0.097866,0.0,1,1,0.0018048415,1.92202e-05,1,False,1,7650.0,0,False,-0.01
100000003888197100,peripheral,0.7,4,0.1361,"Разовое поступление: 83 тыс ₸ от 1 плательщика, дальше не уходило; сумма мала",P-leaf,3,False,1,0,83167.0,0.0,1,0,0.0,,0,0,0.0002882647,0.0,1,False,0,0.0,0,False,-0.05
100000003888271100,peripheral,0.5,43,0.2681,"Получил 12 тыс ₸, отдал 26 тыс ₸ (210%) — отдаёт больше полученного: вероятны поступления извне выборки",P-other,1,False,1,2,12177.0,25590.0,2,3,2.101503,0.270027,1,1,0.0002913863,3.963e-07,1,False,1,12177.0,1,False,-0.01
100000003888527100,peripheral,0.7,41,0.1831,"Разовое поступление: 30 тыс ₸ от 1 плательщика, дальше не уходило; сумма мала",P-leaf,3,False,1,0,30000.0,0.0,1,0,0.0,,0,0,0.0003666748,0.0,1,False,0,0.0,0,False,-0.4
100000003896956100,peripheral,0.5,5,0.1488,"Получил 10 тыс ₸, отдал 27 тыс ₸ (270%) — отдаёт больше полученного: вероятны поступления извне выборки",P-other,3,False,1,1,10000.0,27000.0,1,2,2.7,0.666667,0,0,0.0002885646,1.92202e-05,1,False,0,0.0,1,False,-0.06
100000003899325100,peripheral,0.7,3,0.1552,"Разовое поступление: 50 тыс ₸ от 1 плательщика, дальше не уходило; сумма мала",P-leaf,3,False,1,0,50120.0,0.0,1,0,0.0,,0,0,0.0002966402,0.0,1,False,0,0.0,0,False,-0.39
100000003899899100,peripheral,0.5,5,0.3759,"Получил 218 тыс ₸, отдал 10 тыс ₸ (5%) — удерживает часть средств, признаков роли недостаточно",P-other,3,False,2,1,218500.0,10000.0,5,1,0.045767,1.0,0,0,0.0006539846,1.94184e-05,1,False,0,0.0,1,False,0.62
100000003900547100,peripheral,0.7,5,0.1752,"Разовое поступление: 24 тыс ₸ от 1 плательщика, дальше не уходило; сумма мала",P-leaf,1,False,1,0,23700.0,0.0,1,0,0.0,,1,1,0.0002881175,0.0,1,False,0,0.0,0,False,-0.48
100000003904497100,peripheral,0.4,7,0.121,"Обрыв выгрузки на 4-м колене: получил 10 тыс ₸ от 1; исходящие не выгружены — роль «конечный» не присваиваем, нужна доп. выгрузка",P-trunc,4,False,1,0,10000.0,0.0,1,0,0.0,,0,0,0.0003412568,0.0,1,True,0,0.0,0,False,-0.14
100000003917461100,peripheral,0.5,11,0.3254,"Получил 10 тыс ₸, отдал 140 тыс ₸ (1400%) — отдаёт больше полученного: вероятны поступления извне выборки",P-other,3,False,1,2,10000.0,140000.0,1,5,14.0,0.071429,0,0,0.0003991317,2.0211e-05,1,False,1,10000.0,0,False,0.34
100000003920950100,terminal,0.712,6,0.462,"Конечный получатель: 323 тыс ₸ от 1 плательщиков, исходящих ≥5 тыс ₸ нет; колено 3 — обход здесь не обрывался",E1,3,False,1,0,323290.0,0.0,1,0,0.0,,0,0,0.0003917284,0.0,1,False,0,0.0,0,False,0.85
100000003922499100,peripheral,0.7,11,0.3451,"Разовое поступление: 50 тыс ₸ от 1 плательщика, дальше не уходило; сумма мала",P-leaf,2,False,1,0,50000.0,0.0,1,0,0.0,,0,1,0.0005352399,0.0,1,False,0,0.0,0,False,-0.31
100000003923946100,peripheral,0.5,6,0.5317,"Получил 282 тыс ₸, отдал 675 тыс ₸ (239%) — отдаёт больше полученного: вероятны поступления извне выборки",P-other,1,False,1,4,282000.0,675000.0,3,4,2.393617,1.0,1,2,0.0003894175,1.9815e-06,1,False,1,82000.0,3,False,1.53
100000003927792100,peripheral,0.7,15,0.1588,"Разовое поступление: 13 тыс ₸ от 1 плательщика, дальше не уходило; сумма мала",P-leaf,2,False,1,0,13067.0,0.0,1,0,0.0,,0,1,0.0002897264,0.0,1,False,0,0.0,0,False,-0.31
100000003934614100,transit,0.676,34,0.3966,"Транзит: получил 17 тыс ₸, отдал 12 тыс ₸ (68%); 100% суммы ушло в течение 2 дн. после поступления",T2,3,False,2,1,17000.0,11500.0,2,2,0.676471,1.0,0,0,0.0003134907,6.6e-08,1,False,4,34000.0,1,False,0.27
100000003942602100,transit,1.0,1,0.4551,"Транзит: получил 30 тыс ₸, отдал 30 тыс ₸ (100%); 100% суммы ушло в течение 2 дн. после поступления",T1,1,False,1,1,30000.0,30000.0,1,1,1.0,1.0,1,1,0.0002918659,0.0,1,False,1,30000.0,0,False,-0.24
100000003943247100,peripheral,0.7,0,0.0958,"Разовое поступление: 40 тыс ₸ от 1 плательщика, дальше не уходило; сумма мала",P-leaf,3,False,1,0,40000.0,0.0,1,0,0.0,,0,0,0.0002878221,0.0,1,False,0,0.0,0,False,-0.4
100000003943483100,peripheral,0.7,11,0.2213,"Разовое поступление: 10 тыс ₸ от 1 плательщика, дальше не уходило; сумма мала",P-leaf,2,False,1,0,10000.0,0.0,1,0,0.0,,0,1,0.000328965,0.0,1,False,0,0.0,0,False,-0.31
100000003946524100,transit,0.418,2,0.6946,"Транзит: получил 134 тыс ₸, отдал 145 тыс ₸ (108%); 0% суммы ушло в течение 2 дн. после поступления",T1,1,False,2,2,133757.0,144750.0,2,2,1.082186,0.0,1,2,0.0003260606,0.0001194826,1,False,1,20000.0,0,False,0.69
100000003950749100,peripheral,0.4,5,0.1261,"Обрыв выгрузки на 4-м колене: получил 7 тыс ₸ от 1; исходящие не выгружены — роль «конечный» не присваиваем, нужна доп. выгрузка",P-trunc,4,False,1,0,7000.0,0.0,1,0,0.0,,0,0,0.0003842413,0.0,1,True,0,0.0,0,False,-0.14
100000003951827100,peripheral,0.5,0,0.1091,"Получил 9 тыс ₸, отдал 17 тыс ₸ (189%) — отдаёт больше полученного: вероятны поступления извне выборки",P-other,3,False,1,2,9000.0,17000.0,1,2,1.888889,0.0,0,0,0.0002860762,1.3265e-06,1,False,0,0.0,0,False,0.27
100000003962994100,peripheral,0.7,38,0.1478,"Разовое поступление: 10 тыс ₸ от 1 плательщика, дальше не уходило; сумма мала",P-leaf,3,False,1,0,10000.0,0.0,1,0,0.0,,0,0,0.0004812298,0.0,1,False,0,0.0,0,False,-0.4
100000003964910100,terminal,1.0,16,0.509,"Конечный получатель: 1,0 млн ₸ от 2 плательщиков, исходящих ≥5 тыс ₸ нет; колено 3 — обход здесь не обрывался",E1,3,False,2,0,1000000.0,0.0,2,0,0.0,,0,0,0.0005093617,0.0,2,False,0,0.0,0,False,1.61
100000003968044100,peripheral,0.5,3,0.3022,"Получил 40 тыс ₸, отдал 311 тыс ₸ (778%) — отдаёт больше полученного: вероятны поступления извне выборки",P-other,3,False,1,3,40000.0,311000.0,1,4,7.775,0.0,0,0,0.0002960042,6.5615e-05,1,False,43,732132.0,0,False,0.91
100000003970394100,peripheral,0.7,11,0.2932,"Разовое поступление: 85 тыс ₸ от 1 плательщика, дальше не уходило; сумма мала",P-leaf,1,False,1,0,85000.0,0.0,1,0,0.0,,1,1,0.0002996755,0.0,1,False,0,0.0,0,False,-0.12
100000003971049100,peripheral,0.7,0,0.2604,"Разовое поступление: 56 тыс ₸ от 1 плательщика, дальше не уходило; сумма мала",P-leaf,2,False,1,0,55900.0,0.0,7,0,0.0,,0,1,0.0002942651,0.0,1,False,0,0.0,0,False,-0.31
100000003975102100,peripheral,0.6,5,0.3997,Seed-клиент: отправил 88 тыс ₸ на 2 получателей; признаков сбора или веера нет,P-seed,0,True,1,2,25650.0,88500.0,1,2,,0.361582,0,1,0.0003454652,5.9147e-06,1,False,0,0.0,1,False,0.37
100000003977183100,peripheral,0.6,6,0.5107,Seed-клиент: отправил 766 тыс ₸ на 4 получателей; признаков сбора или веера нет,P-seed,0,True,2,4,123800.0,766000.0,2,6,,0.211488,1,2,0.0003314604,1.5852e-06,1,False,1,82000.0,0,False,0.74
100000003980083100,peripheral,0.7,68,0.3123,"Разовое поступление: 30 тыс ₸ от 1 плательщика, дальше не уходило; сумма мала",P-leaf,1,False,1,0,30000.0,0.0,1,0,0.0,,1,1,0.0005285862,0.0,1,False,0,0.0,0,False,-0.48
100000003985389100,peripheral,0.4,3,0.3233,"Обрыв выгрузки на 4-м колене: получил 423 тыс ₸ от 1; исходящие не выгружены — роль «конечный» не присваиваем, нужна доп. выгрузка",P-trunc,4,False,1,0,422698.0,0.0,16,0,0.0,,0,0,0.0004903551,0.0,1,True,0,0.0,0,False,1.62
100000003986141100,peripheral,0.7,16,0.011,"Разовое поступление: 5 тыс ₸ от 1 плательщика, дальше не уходило; сумма мала",P-leaf,3,False,1,0,5286.32,0.0,1,0,0.0,,0,0,0.0002868461,0.0,1,False,0,0.0,0,False,-0.4
100000003988112100,peripheral,0.5,20,0.4401,"Получил 92 тыс ₸, отдал 64 тыс ₸ (70%) — удерживает часть средств, признаков роли недостаточно",P-other,2,False,1,1,92000.0,64000.0,2,5,0.695652,0.6875,0,2,0.0005045477,0.0,1,False,1,64000.0,0,True,0.24
100000003989033100,peripheral,0.4,9,0.3381,"Обрыв выгрузки на 4-м колене: получил 373 тыс ₸ от 1; исходящие не выгружены — роль «конечный» не присваиваем, нужна доп. выгрузка",P-trunc,4,False,1,0,373400.0,0.0,13,0,0.0,,0,0,0.0005989171,0.0,1,True,0,0.0,0,False,1.53
100000003996562100,peripheral,0.7,0,0.1078,"Разовое поступление: 8 тыс ₸ от 1 плательщика, дальше не уходило; сумма мала",P-leaf,3,False,1,0,7700.0,0.0,1,0,0.0,,0,0,0.0003281737,0.0,1,False,0,0.0,0,False,-0.4
100000004004621100,terminal,0.688,13,0.5002,"Конечный получатель: 75 тыс ₸ от 3 плательщиков, исходящих ≥5 тыс ₸ нет; колено 1 — обход здесь не обрывался",E1,1,False,3,0,75389.0,0.0,3,0,0.0,,1,2,0.0003007744,0.0,2,False,0,0.0,0,False,-0.01
100000004005964100,peripheral,0.5,24,0.428,"Получил 98 тыс ₸, отдал 72 тыс ₸ (74%) — удерживает часть средств, признаков роли недостаточно",P-other,1,False,3,3,97900.0,72000.0,9,5,0.735444,0.625,1,1,0.0004045247,4.954e-07,1,False,16,220000.0,2,False,0.7
100000004006327100,peripheral,0.4,10,0.3255,"Обрыв выгрузки на 4-м колене: получил 300 тыс ₸ от 1; исходящие не выгружены — роль «конечный» не присваиваем, нужна доп. выгрузка",P-trunc,4,False,1,0,300000.0,0.0,3,0,0.0,,0,0,0.0005549673,0.0,1,True,0,0.0,0,False,1.38
100000004007116100,peripheral,0.6,24,0.5146,Seed-клиент: отправил 148 тыс ₸ на 4 получателей; признаков сбора или веера нет,P-seed,0,True,3,4,764704.0,148000.0,24,6,,0.932432,0,1,0.000627777,3.963e-07,1,False,16,180000.0,4,False,0.75
100000004007197100,peripheral,0.7,24,0.031,"Разовое поступление: 10 тыс ₸ от 1 плательщика, дальше не уходило; сумма мала",P-leaf,3,False,1,0,10048.0,0.0,1,0,0.0,,0,0,0.0002876887,0.0,1,False,0,0.0,0,False,-0.4
100000004013952100,peripheral,0.4,0,0.1452,"Обрыв выгрузки на 4-м колене: получил 6 тыс ₸ от 1; исходящие не выгружены — роль «конечный» не присваиваем, нужна доп. выгрузка",P-trunc,4,False,1,0,5500.0,0.0,1,0,0.0,,0,0,0.0005331412,0.0,1,True,0,0.0,0,False,-0.14
100000004015047100,consolidator,1.0,6,0.928,"Сбор средств: 919 тыс ₸ от 9 плательщиков (из них seed: 3), дальше ушло 8% полученного; до 2 плательщиков в один день",K1,1,False,9,1,919104.0,69195.0,18,7,0.075285,0.636347,3,4,0.0022785971,2.2886e-05,2,False,1,69195.0,2,True,1.65
100000004017410100,peripheral,0.5,34,0.445,"Получил 194 тыс ₸, отдал 1,3 млн ₸ (687%) — отдаёт больше полученного: вероятны поступления извне выборки",P-other,3,False,2,5,193650.0,1330915.0,6,11,6.872786,0.041325,0,0,0.001131542,4.05871e-05,2,False,7,260650.0,2,False,1.89
100000004019056100,peripheral,0.4,13,0.2409,"Обрыв выгрузки на 4-м колене: получил 50 тыс ₸ от 1; исходящие не выгружены — роль «конечный» не присваиваем, нужна доп. выгрузка",P-trunc,4,False,1,0,50000.0,0.0,1,0,0.0,,0,0,0.0005409214,0.0,1,True,0,0.0,0,False,0.14
100000004019124100,consolidator,0.85,5,0.8145,Сбор средств: 193 тыс ₸ от 3 плательщиков (из них seed: 2),K2,0,True,3,0,193000.0,0.0,3,0,,,2,4,0.0012028681,0.0,1,False,0,0.0,0,False,0.47
100000004021459100,peripheral,0.9,76,0.0,Seed-клиент без переводов ≥5 тыс ₸ внутри банка за июль,P-orphan,0,True,0,0,0.0,0.0,0,0,,,0,0,0.0002855693,0.0,0,False,0,0.0,0,False,-0.39
100000004030553100,peripheral,0.4,3,0.2518,"Обрыв выгрузки на 4-м колене: получил 70 тыс ₸ от 1; исходящие не выгружены — роль «конечный» не присваиваем, нужна доп. выгрузка",P-trunc,4,False,1,0,70000.0,0.0,1,0,0.0,,0,0,0.0005308297,0.0,1,True,0,0.0,0,False,0.37
100000004035925100,peripheral,0.4,64,0.3434,"Обрыв выгрузки на 4-м колене: получил 1,1 млн ₸ от 1; исходящие не выгружены — роль «конечный» не присваиваем, нужна доп. выгрузка",P-trunc,4,False,1,0,1111588.0,0.0,2,0,0.0,,0,0,0.0004624126,0.0,1,True,0,0.0,0,False,2.29
100000004041163100,peripheral,0.6,20,0.6042,Seed-клиент: отправил 866 тыс ₸ на 2 получателей; признаков сбора или веера нет,P-seed,0,True,1,2,50000.0,866000.0,1,6,,0.055427,1,7,0.0020847481,2.33813e-05,1,False,1,50000.0,0,False,0.75
100000004041294100,peripheral,0.4,25,0.1071,"Обрыв выгрузки на 4-м колене: получил 18 тыс ₸ от 1; исходящие не выгружены — роль «конечный» не присваиваем, нужна доп. выгрузка",P-trunc,4,False,1,0,17800.0,0.0,2,0,0.0,,0,0,0.0003008543,0.0,1,True,0,0.0,0,False,-0.14
100000004047887100,peripheral,0.4,39,0.0823,"Обрыв выгрузки на 4-м колене: получил 30 тыс ₸ от 1; исходящие не выгружены — роль «конечный» не присваиваем, нужна доп. выгрузка",P-trunc,4,False,1,0,30000.0,0.0,1,0,0.0,,0,0,0.000288014,0.0,1,True,0,0.0,0,False,-0.14
100000004049912100,peripheral,0.4,18,0.1126,"Обрыв выгрузки на 4-м колене: получил 10 тыс ₸ от 1; исходящие не выгружены — роль «конечный» не присваиваем, нужна доп. выгрузка",P-trunc,4,False,1,0,10000.0,0.0,1,0,0.0,,0,0,0.0003245564,0.0,1,True,0,0.0,0,False,-0.14
100000004058740100,peripheral,0.7,1,0.2144,"Разовое поступление: 30 тыс ₸ от 1 плательщика, дальше не уходило; сумма мала",P-leaf,1,False,1,0,30000.0,0.0,1,0,0.0,,1,1,0.0002918659,0.0,1,False,0,0.0,0,False,-0.48
100000004064431100,peripheral,0.5,24,0.1583,"Получил 26 тыс ₸, отдал 10 тыс ₸ (38%) — удерживает часть средств, признаков роли недостаточно",P-other,3,False,1,1,26000.0,10000.0,1,1,0.384615,1.0,0,0,0.0002910534,9.907e-07,1,False,0,0.0,1,False,-0.06
100000004066370100,peripheral,0.4,37,0.2621,"Обрыв выгрузки на 4-м колене: получил 65 тыс ₸ от 1; исходящие не выгружены — роль «конечный» не присваиваем, нужна доп. выгрузка",P-trunc,4,False,1,0,65000.0,0.0,2,0,0.0,,0,0,0.0005893462,0.0,1,True,0,0.0,0,False,0.32
100000004066647100,peripheral,0.7,18,0.1486,"Разовое поступление: 51 тыс ₸ от 1 плательщика, дальше не уходило; сумма мала",P-leaf,3,False,1,0,51000.0,0.0,1,0,0.0,,0,0,0.0002942911,0.0,1,False,0,0.0,0,False,-0.38
100000004070318100,distributor,0.708,0,0.7556,"Веерная рассылка: 552 тыс ₸ на 19 получателей (37 переводов), плательщиков в выборке: 4",D1,1,False,4,19,207246.55,551860.0,6,37,2.662819,0.540597,1,1,0.0003141223,0.0020732651,2,False,463,6968394.0,23,False,4.73
100000004070530100,peripheral,0.4,39,0.0538,"Обрыв выгрузки на 4-м колене: получил 20 тыс ₸ от 1; исходящие не выгружены — роль «конечный» не присваиваем, нужна доп. выгрузка",P-trunc,4,False,1,0,20000.0,0.0,1,0,0.0,,0,0,0.0002871991,0.0,1,True,0,0.0,0,False,-0.14
100000004071070100,peripheral,0.5,0,0.3646,"Получил 41 тыс ₸, отдал 6 тыс ₸ (15%) — удерживает часть средств, признаков роли недостаточно",P-other,2,False,2,1,41000.0,6000.0,5,1,0.146341,1.0,0,1,0.0011875923,0.0,1,False,1,6000.0,0,False,-0.12
100000004071080100,consolidator,1.0,0,0.8315,"Сбор средств: 239 тыс ₸ от 9 плательщиков (из них seed: 1), дальше ушло 19% полученного; до 2 плательщиков в один день",K1,1,False,9,2,238600.0,46500.0,16,5,0.194887,0.870968,1,1,0.0013690046,2.81369e-05,2,False,1,6000.0,9,False,1.89
100000004071444100,peripheral,0.5,0,0.3121,"Получил 247 тыс ₸, отдал 100 тыс ₸ (40%) — удерживает часть средств, признаков роли недостаточно",P-other,3,False,1,1,247350.0,100000.0,1,1,0.404285,0.0,0,0,0.0003075048,1.92202e-05,1,False,0,0.0,0,False,0.9
100000004076740100,peripheral,0.5,34,0.5008,"Получил 93 тыс ₸, отдал 125 тыс ₸ (134%) — удерживает часть средств, признаков роли недостаточно",P-other,1,False,3,6,93250.0,125000.0,5,10,1.340483,0.184,1,1,0.0007414547,0.0004351604,1,False,4,67000.0,3,False,1.41
100000004077081100,peripheral,0.5,2,0.302,"Получил 140 тыс ₸, отдал 615 тыс ₸ (439%) — отдаёт больше полученного: вероятны поступления извне выборки",P-other,3,False,1,4,140000.0,615000.0,1,6,4.392857,0.682927,0,0,0.0002901066,0.0001159915,1,False,0,0.0,3,False,1.42
100000004094958100,transit,0.974,48,0.589,"Транзит: получил 39 тыс ₸, отдал 40 тыс ₸ (103%); 100% суммы ушло в течение 2 дн. после поступления",T1,1,False,1,1,39000.0,40000.0,1,1,1.025641,1.0,1,1,0.0003914649,1.981e-07,1,False,0,0.0,1,False,-0.17
100000004096559100,peripheral,0.7,6,0.2548,"Разовое поступление: 46 тыс ₸ от 1 плательщика, дальше не уходило; сумма мала",P-leaf,3,False,1,0,46200.0,0.0,1,0,0.0,,0,0,0.0009765877,0.0,1,False,0,0.0,0,False,-0.4
100000004097972100,peripheral,0.5,0,0.2909,"Получил 119 тыс ₸, отдал 10 тыс ₸ (8%) — удерживает часть средств, признаков роли недостаточно",P-other,3,False,1,2,118878.0,10000.0,1,2,0.08412,0.5,0,0,0.0003165812,3.84405e-05,1,False,0,0.0,1,False,0.27
100000004099450100,peripheral,0.7,0,0.1271,"Разовое поступление: 31 тыс ₸ от 1 плательщика, дальше не уходило; сумма мала",P-leaf,3,False,1,0,31000.0,0.0,1,0,0.0,,0,0,0.0002961659,0.0,1,False,0,0.0,0,False,-0.4
100000004105288100,terminal,0.708,2,0.6183,"Конечный получатель: 215 тыс ₸ от 2 плательщиков, исходящих ≥5 тыс ₸ нет; колено 1 — обход здесь не обрывался",E1,1,False,2,0,215000.0,0.0,2,0,0.0,,1,3,0.0004630401,0.0,1,False,0,0.0,0,False,0.51
100000004107228100,peripheral,0.4,2,0.0209,"Обрыв выгрузки на 4-м колене: получил 5 тыс ₸ от 1; исходящие не выгружены — роль «конечный» не присваиваем, нужна доп. выгрузка",P-trunc,4,False,1,0,5000.0,0.0,1,0,0.0,,0,0,0.0002887086,0.0,1,True,0,0.0,0,False,-0.14
100000004114962100,terminal,0.682,4,0.4731,"Конечный получатель: 165 тыс ₸ от 2 плательщиков, исходящих ≥5 тыс ₸ нет; колено 3 — обход здесь не обрывался",E1,3,False,2,0,165000.0,0.0,2,0,0.0,,0,0,0.0007112909,0.0,1,False,0,0.0,0,False,0.4
100000004130144100,terminal,0.65,6,0.4884,"Конечный получатель: 200 тыс ₸ от 1 плательщиков, исходящих ≥5 тыс ₸ нет; колено 1 — обход здесь не обрывался",E1,1,False,1,0,200000.0,0.0,1,0,0.0,,1,1,0.0002970377,0.0,1,False,0,0.0,0,False,0.46
100000004134060100,peripheral,0.7,17,0.3289,"Разовое поступление: 88 тыс ₸ от 1 плательщика, дальше не уходило; сумма мала",P-leaf,2,False,1,0,88179.0,0.0,1,0,0.0,,0,1,0.0003280106,0.0,1,False,0,0.0,0,False,-0.1
100000004135268100,transit,0.732,52,0.7466,"Транзит: получил 1,2 млн ₸, отдал 1,0 млн ₸ (81%); 85% суммы ушло в течение 2 дн. после поступления",T1,1,False,2,3,1239000.0,1000200.0,3,4,0.807264,0.84983,1,1,0.0017405273,1.1889e-06,1,False,3,500200.0,3,False,2.11
100000004140487100,distributor,0.633,2,0.554,"Веерная рассылка: 263 тыс ₸ на 10 получателей (19 переводов), плательщиков в выборке: 1",D1,3,False,1,10,24510.0,262600.0,1,19,10.713994,0.295887,0,0,0.0002894271,0.0003253704,1,False,35,648727.0,4,False,2.97
100000004140994100,peripheral,0.7,1,0.0588,"Разовое поступление: 19 тыс ₸ от 1 плательщика, дальше не уходило; сумма мала",P-leaf,3,False,1,0,18650.0,0.0,1,0,0.0,,0,0,0.0002884801,0.0,1,False,0,0.0,0,False,-0.4
100000004144536100,terminal,0.784,24,0.5868,"Конечный получатель: 168 тыс ₸ от 4 плательщиков, исходящих ≥5 тыс ₸ нет; колено 1 — обход здесь не обрывался",E1,1,False,4,0,168000.0,0.0,6,0,0.0,,1,1,0.0009685967,0.0,2,False,0,0.0,0,False,0.34
100000004150593100,distributor,0.642,5,0.7464,"Веерная рассылка: 871 тыс ₸ на 11 получателей (16 переводов), плательщиков в выборке: 1",D1,2,False,1,11,57000.0,871165.0,2,16,15.283596,0.815867,0,1,0.0003066266,0.000221641,1,False,4,37864.0,8,False,1.31
100000004156082100,coordinator,0.936,15,0.9856,"Хаб: собирает и раздаёт: 5 плательщиков → 26 получателей, через узел 2,3 млн ₸; 3 seed в 2 шагах выше; посредничество выше 99% узлов",C1,1,False,5,26,377366.11,2319556.0,7,29,6.146699,0.959044,1,3,0.0008669669,0.0020400351,2,False,11,99592.0,68,True,6.62
100000004158362100,peripheral,0.7,0,0.1657,"Разовое поступление: 12 тыс ₸ от 1 плательщика, дальше не уходило; сумма мала",P-leaf,2,False,1,0,12000.0,0.0,1,0,0.0,,0,1,0.0002913822,0.0,1,False,0,0.0,0,False,-0.31
100000004159526100,peripheral,0.5,14,0.5635,"Получил 275 тыс ₸, отдал 68 тыс ₸ (25%) — удерживает часть средств, признаков роли недостаточно",P-other,1,False,4,4,275037.0,68000.0,4,6,0.247239,0.441176,1,2,0.0008532026,9.78845e-05,2,False,1,20000.0,3,False,1.18
100000004160650100,distributor,0.633,24,0.7712,"Веерная рассылка: 1,5 млн ₸ на 10 получателей (40 переводов), плательщиков в выборке: 2",D1,2,False,2,10,75100.0,1489827.0,4,40,19.837909,0.816522,0,1,0.0003692277,5.35e-06,1,False,16,248000.0,9,False,1.62
100000004167082100,peripheral,0.4,13,0.1432,"Обрыв выгрузки на 4-м колене: получил 13 тыс ₸ от 1; исходящие не выгружены — роль «конечный» не присваиваем, нужна доп. выгрузка",P-trunc,4,False,1,0,13300.0,0.0,1,0,0.0,,0,0,0.0003849148,0.0,1,True,0,0.0,0,False,-0.14
100000004174835100,peripheral,0.9,77,0.0,Seed-клиент без переводов ≥5 тыс ₸ внутри банка за июль,P-orphan,0,True,0,0,0.0,0.0,0,0,,,0,0,0.0002855693,0.0,0,False,0,0.0,0,False,-0.39
100000004177936100,peripheral,0.4,3,0.1186,"Обрыв выгрузки на 4-м колене: получил 10 тыс ₸ от 1; исходящие не выгружены — роль «конечный» не присваиваем, нужна доп. выгрузка",P-trunc,4,False,1,0,10000.0,0.0,1,0,0.0,,0,0,0.0003370071,0.0,1,True,0,0.0,0,False,-0.14
100000004180097100,peripheral,0.5,0,0.4874,"Получил 105 тыс ₸, отдал 48 тыс ₸ (46%) — удерживает часть средств, признаков роли недостаточно",P-other,1,False,3,3,104854.0,47800.0,5,7,0.455872,0.857741,1,1,0.0008565319,0.0003136665,1,False,3,32000.0,2,True,0.7
100000004183610100,peripheral,0.5,13,0.3701,"Получил 22 тыс ₸, отдал 915 тыс ₸ (4159%) — отдаёт больше полученного: вероятны поступления извне выборки",P-other,3,False,1,1,22000.0,915000.0,1,3,41.590909,0.016393,0,0,0.0003407627,1.96165e-05,1,False,0,0.0,1,False,1.57
100000004184158100,terminal,0.652,0,0.3986,"Конечный получатель: 204 тыс ₸ от 1 плательщиков, исходящих ≥5 тыс ₸ нет; колено 3 — обход здесь не обрывался",E1,3,False,1,0,203805.0,0.0,1,0,0.0,,0,0,0.0003036432,0.0,1,False,0,0.0,0,False,0.55
100000004185681100,peripheral,0.7,2,0.1578,"Разовое поступление: 10 тыс ₸ от 1 плательщика, дальше не уходило; сумма мала",P-leaf,3,False,1,0,10000.0,0.0,1,0,0.0,,0,0,0.0005352962,0.0,1,False,0,0.0,0,False,-0.4
100000004186824100,peripheral,0.5,5,0.4646,"Получил 452 тыс ₸, отдал 7 тыс ₸ (2%) — удерживает часть средств, признаков роли недостаточно",P-other,1,False,2,1,451700.0,7000.0,7,1,0.015497,0.0,1,1,0.0003819272,2.1796e-06,1,False,0,0.0,0,False,1.03
100000004188160100,peripheral,0.5,5,0.45,"Получил 88 тыс ₸, отдал 134 тыс ₸ (152%) — отдаёт больше полученного: вероятны поступления извне выборки",P-other,1,False,2,5,87862.0,133846.0,5,6,1.523366,0.386534,1,2,0.0002968274,0.0024601048,1,False,6,52214.0,3,False,0.94
100000004192107100,peripheral,0.7,2,0.2276,"Разовое поступление: 25 тыс ₸ от 1 плательщика, дальше не уходило; сумма мала",P-leaf,2,False,1,0,25000.0,0.0,1,0,0.0,,0,1,0.0002993001,0.0,1,False,0,0.0,0,False,-0.31
100000004192865100,peripheral,0.7,29,0.3663,"Разовое поступление: 67 тыс ₸ от 1 плательщика, дальше не уходило; сумма мала",P-leaf,2,False,1,0,66666.0,0.0,1,0,0.0,,0,1,0.0005558093,0.0,1,False,0,0.0,0,False,-0.27
100000004193835100,peripheral,0.6,5,0.3859,Seed-клиент: отправил 5 тыс ₸ на 1 получателей; признаков сбора или веера нет,P-seed,0,True,1,1,47000.0,5000.0,1,1,,1.0,0,1,0.0004699301,6.6775e-06,1,False,0,0.0,1,False,0.23
100000004200745100,peripheral,0.4,11,0.2951,"Обрыв выгрузки на 4-м колене: получил 130 тыс ₸ от 1; исходящие не выгружены — роль «конечный» не присваиваем, нужна доп. выгрузка",P-trunc,4,False,1,0,130000.0,0.0,4,0,0.0,,0,0,0.0006010149,0.0,1,True,0,0.0,0,False,0.8
100000004206046100,peripheral,0.7,5,0.1341,"Разовое поступление: 11 тыс ₸ от 1 плательщика, дальше не уходило; сумма мала",P-leaf,1,False,1,0,11075.0,0.0,1,0,0.0,,1,1,0.0002867601,0.0,1,False,0,0.0,0,False,-0.48
100000004209339100,peripheral,0.5,33,0.5097,"Получил 138 тыс ₸, отдал 238 тыс ₸ (172%) — отдаёт больше полученного: вероятны поступления извне выборки",P-other,2,False,1,2,138500.0,238500.0,6,11,1.722022,0.283019,0,1,0.0008195334,2.10036e-05,1,False,1,138500.0,0,True,0.77
100000004213658100,peripheral,0.7,1,0.2003,"Разовое поступление: 25 тыс ₸ от 1 плательщика, дальше не уходило; сумма мала",P-leaf,1,False,1,0,25347.0,0.0,1,0,0.0,,1,1,0.0002908893,0.0,1,False,0,0.0,0,False,-0.48
100000004217419100,peripheral,0.5,3,0.3463,"Получил 118 тыс ₸, отдал 8 тыс ₸ (7%) — удерживает часть средств, признаков роли недостаточно",P-other,3,False,2,1,118200.0,7700.0,3,1,0.065144,1.0,0,0,0.000584183,1.94184e-05,1,False,0,0.0,2,False,0.27
100000004218576100,peripheral,0.7,1,0.2024,"Разовое поступление: 26 тыс ₸ от 1 плательщика, дальше не уходило; сумма мала",P-leaf,1,False,1,0,26144.0,0.0,1,0,0.0,,1,1,0.0002910566,0.0,1,False,0,0.0,0,False,-0.48
100000004221668100,transit,0.64,27,0.7505,"Транзит: получил 1,1 млн ₸, отдал 731 тыс ₸ (65%); 98% суммы ушло в течение 2 дн. после поступления",T2,2,False,4,3,1128300.0,731440.0,8,10,0.648267,0.984141,0,1,0.0030901749,4.5574e-06,1,False,3,719800.0,2,True,1.72
100000004222274100,peripheral,0.4,0,0.1767,"Обрыв выгрузки на 4-м колене: получил 16 тыс ₸ от 1; исходящие не выгружены — роль «конечный» не присваиваем, нужна доп. выгрузка",P-trunc,4,False,1,0,15500.0,0.0,1,0,0.0,,0,0,0.000545417,0.0,1,True,0,0.0,0,False,-0.14
100000004225615100,peripheral,0.7,7,0.2803,"Разовое поступление: 90 тыс ₸ от 1 плательщика, дальше не уходило; сумма мала",P-leaf,2,False,1,0,90000.0,0.0,2,0,0.0,,0,1,0.0002940383,0.0,1,False,0,0.0,0,False,-0.09
100000004226848100,terminal,0.701,2,0.6017,"Конечный получатель: 302 тыс ₸ от 1 плательщиков, исходящих ≥5 тыс ₸ нет; колено 1 — обход здесь не обрывался",E1,1,False,1,0,301866.0,0.0,1,0,0.0,,1,2,0.0003460139,0.0,1,False,0,0.0,0,False,0.74
100000004232712100,peripheral,0.4,4,0.1606,"Обрыв выгрузки на 4-м колене: получил 12 тыс ₸ от 1; исходящие не выгружены — роль «конечный» не присваиваем, нужна доп. выгрузка",P-trunc,4,False,1,0,12500.0,0.0,1,0,0.0,,0,0,0.0005292762,0.0,1,True,0,0.0,0,False,-0.14
100000004235471100,peripheral,0.4,4,0.2648,"Обрыв выгрузки на 4-м колене: получил 180 тыс ₸ от 1; исходящие не выгружены — роль «конечный» не присваиваем, нужна доп. выгрузка",P-trunc,4,False,1,0,180000.0,0.0,1,0,0.0,,0,0,0.0003486135,0.0,1,True,0,0.0,0,False,1.03
100000004241142100,peripheral,0.4,0,0.202,"Обрыв выгрузки на 4-м колене: получил 27 тыс ₸ от 1; исходящие не выгружены — роль «конечный» не присваиваем, нужна доп. выгрузка",P-trunc,4,False,1,0,27102.0,0.0,1,0,0.0,,0,0,0.000530133,0.0,1,True,0,0.0,0,False,-0.14
100000004254434100,peripheral,0.7,1,0.2458,"Разовое поступление: 44 тыс ₸ от 1 плательщика, дальше не уходило; сумма мала",P-leaf,1,False,1,0,44445.0,0.0,2,0,0.0,,1,1,0.0002948978,0.0,1,False,0,0.0,0,False,-0.48
100000004257714100,peripheral,0.7,1,0.1479,"Разовое поступление: 52 тыс ₸ от 1 плательщика, дальше не уходило; сумма мала",P-leaf,3,False,1,0,52220.0,0.0,1,0,0.0,,0,0,0.0002937197,0.0,1,False,0,0.0,0,False,-0.37
100000004260869100,peripheral,0.4,5,0.1775,"Обрыв выгрузки на 4-м колене: получил 10 тыс ₸ от 1; исходящие не выгружены — роль «конечный» не присваиваем, нужна доп. выгрузка",P-trunc,4,False,1,0,10000.0,0.0,1,0,0.0,,0,0,0.0008422085,0.0,1,True,0,0.0,0,False,-0.14
100000004261340100,peripheral,0.4,0,0.2012,"Обрыв выгрузки на 4-м колене: получил 48 тыс ₸ от 1; исходящие не выгружены — роль «конечный» не присваиваем, нужна доп. выгрузка",P-trunc,4,False,1,0,48500.0,0.0,4,0,0.0,,0,0,0.000347385,0.0,1,True,0,0.0,0,False,0.12
100000004263867100,peripheral,0.4,19,0.0426,"Обрыв выгрузки на 4-м колене: получил 9 тыс ₸ от 1; исходящие не выгружены — роль «конечный» не присваиваем, нужна доп. выгрузка",P-trunc,4,False,1,0,9000.0,0.0,1,0,0.0,,0,0,0.0002903856,0.0,1,True,0,0.0,0,False,-0.14
100000004265639100,peripheral,0.4,3,0.1632,"Обрыв выгрузки на 4-м колене: получил 10 тыс ₸ от 1; исходящие не выгружены — роль «конечный» не присваиваем, нужна доп. выгрузка",P-trunc,4,False,1,0,10000.0,0.0,1,0,0.0,,0,0,0.0005523206,0.0,1,True,0,0.0,0,False,-0.14
100000004268036100,peripheral,0.4,19,0.0224,"Обрыв выгрузки на 4-м колене: получил 6 тыс ₸ от 1; исходящие не выгружены — роль «конечный» не присваиваем, нужна доп. выгрузка",P-trunc,4,False,1,0,5500.0,0.0,1,0,0.0,,0,0,0.0002885126,0.0,1,True,0,0.0,0,False,-0.14
100000004269433100,peripheral,0.6,15,0.2178,"Seed-клиент: отправил 1,4 млн ₸ на 1 получателей; признаков сбора или веера нет",P-seed,0,True,0,1,0.0,1372000.0,0,67,,,0,0,0.0002855693,0.0,0,False,0,0.0,0,True,0.82
100000004272302100,peripheral,0.4,46,0.0279,"Обрыв выгрузки на 4-м колене: получил 10 тыс ₸ от 1; исходящие не выгружены — роль «конечный» не присваиваем, нужна доп. выгрузка",P-trunc,4,False,1,0,10000.0,0.0,1,0,0.0,,0,0,0.0002877361,0.0,1,True,0,0.0,0,False,-0.14
100000004278574100,peripheral,0.5,4,0.1364,"Получил 25 тыс ₸, отдал 12 тыс ₸ (50%) — удерживает часть средств, признаков роли недостаточно",P-other,3,False,1,1,25000.0,12500.0,1,1,0.5,0.0,0,0,0.0002863795,1.92202e-05,1,False,0,0.0,0,False,-0.06
100000004285800100,peripheral,0.5,0,0.2574,"Получил 5 тыс ₸, отдал 15 тыс ₸ (300%) — отдаёт больше полученного: вероятны поступления извне выборки",P-other,2,False,1,1,5000.0,15000.0,1,1,3.0,0.0,0,1,0.0003442181,0.0,1,False,0,0.0,0,False,-0.22
100000004286573100,peripheral,0.7,11,0.1588,"Разовое поступление: 17 тыс ₸ от 1 плательщика, дальше не уходило; сумма мала",P-leaf,1,False,1,0,16590.0,0.0,1,0,0.0,,1,1,0.0002883225,0.0,1,False,0,0.0,0,False,-0.48
100000004291560100,peripheral,0.7,0,0.1073,"Разовое поступление: 47 тыс ₸ от 1 плательщика, дальше не уходило; сумма мала",P-leaf,3,False,1,0,47190.0,0.0,1,0,0.0,,0,0,0.000288227,0.0,1,False,0,0.0,0,False,-0.4
100000004291663100,peripheral,0.4,0,0.1409,"Обрыв выгрузки на 4-м колене: получил 25 тыс ₸ от 1; исходящие не выгружены — роль «конечный» не присваиваем, нужна доп. выгрузка",P-trunc,4,False,1,0,25000.0,0.0,1,0,0.0,,0,0,0.0003111707,0.0,1,True,0,0.0,0,False,-0.14
100000004292885100,peripheral,0.7,1,0.2098,"Разовое поступление: 113 тыс ₸ от 1 плательщика, дальше не уходило; сумма мала",P-leaf,3,False,1,0,112700.0,0.0,1,0,0.0,,0,0,0.0003031593,0.0,1,False,0,0.0,0,False,0.15
100000004299488100,consolidator,0.9,0,0.8772,"Сбор средств: 1,7 млн ₸ от 6 плательщиков (из них seed: 1), дальше ушло 20% полученного; до 3 плательщиков в один день",K1,1,False,6,2,1749000.0,344999.0,22,14,0.197255,0.942029,1,1,0.0014621186,2.08054e-05,3,False,1,204999.0,6,False,2.06
100000004315838100,peripheral,0.5,2,0.3616,"Получил 50 тыс ₸, отдал 18 тыс ₸ (36%) — удерживает часть средств, признаков роли недостаточно",P-other,1,False,2,1,50000.0,18000.0,2,1,0.36,0.0,1,2,0.0002913854,2.37776e-05,1,False,0,0.0,0,False,-0.01
100000004318918100,peripheral,0.7,9,0.3288,"Разовое поступление: 76 тыс ₸ от 1 плательщика, дальше не уходило; сумма мала",P-leaf,1,False,1,0,75600.0,0.0,1,0,0.0,,1,2,0.0002970356,0.0,1,False,0,0.0,0,False,-0.2
100000004321983100,peripheral,0.5,27,0.2342,"Получил 11 тыс ₸, отдал 36 тыс ₸ (334%) — отдаёт больше полученного: вероятны поступления извне выборки",P-other,3,False,1,2,10840.0,36200.0,1,3,3.339483,0.0,0,0,0.0003237814,1.387e-06,1,False,1,6200.0,0,False,0.27
100000004325327100,transit,0.988,0,0.5674,"Транзит: получил 71 тыс ₸, отдал 70 тыс ₸ (99%); 100% суммы ушло в течение 2 дн. после поступления",T1,1,False,2,1,70817.0,70000.0,3,1,0.988463,1.0,1,1,0.0002957923,3.84405e-05,1,False,0,0.0,1,False,0.22
100000004326224100,peripheral,0.4,4,0.2491,"Обрыв выгрузки на 4-м колене: получил 60 тыс ₸ от 1; исходящие не выгружены — роль «конечный» не присваиваем, нужна доп. выгрузка",P-trunc,4,False,1,0,60000.0,0.0,1,0,0.0,,0,0,0.0005348779,0.0,1,True,0,0.0,0,False,0.26
100000004330371100,peripheral,0.5,5,0.5273,"Получил 264 тыс ₸, отдал 91 тыс ₸ (34%) — удерживает часть средств, признаков роли недостаточно",P-other,1,False,2,2,264171.0,90681.0,12,6,0.343266,0.64953,1,1,0.0012542719,0.00033467,2,False,2,90681.0,1,False,0.85
100000004331458100,terminal,0.725,48,0.6069,"Конечный получатель: 250 тыс ₸ от 2 плательщиков, исходящих ≥5 тыс ₸ нет; колено 2 — обход здесь не обрывался",E1,2,False,2,0,250000.0,0.0,2,0,0.0,,0,1,0.0013234381,0.0,1,False,0,0.0,0,False,0.52
100000004336228100,peripheral,0.7,3,0.1549,"Разовое поступление: 51 тыс ₸ от 1 плательщика, дальше не уходило; сумма мала",P-leaf,3,False,1,0,51407.0,0.0,2,0,0.0,,0,0,0.0002960285,0.0,1,False,0,0.0,0,False,-0.38
100000004336312100,transit,0.563,34,0.6775,"Транзит: получил 90 тыс ₸, отдал 73 тыс ₸ (80%); 52% суммы ушло в течение 2 дн. после поступления",T1,2,False,3,2,90415.0,72650.0,7,3,0.803517,0.518238,0,1,0.000696007,3.3784e-05,3,False,8,146650.0,1,False,0.26
100000004340038100,peripheral,0.5,13,0.1817,"Получил 10 тыс ₸, отдал 49 тыс ₸ (491%) — отдаёт больше полученного: вероятны поступления извне выборки",P-other,3,False,1,1,9978.0,49000.0,1,1,4.910804,0.0,0,0,0.0002892629,1.92202e-05,1,False,0,0.0,0,False,-0.06
100000004350094100,peripheral,0.4,18,0.2084,"Обрыв выгрузки на 4-м колене: получил 20 тыс ₸ от 1; исходящие не выгружены — роль «конечный» не присваиваем, нужна доп. выгрузка",P-trunc,4,False,1,0,20000.0,0.0,1,0,0.0,,0,0,0.0008939457,0.0,1,True,0,0.0,0,False,-0.14
100000004351795100,distributor,0.667,0,0.769,"Веерная рассылка: 1,7 млн ₸ на 14 получателей (37 переводов), плательщиков в выборке: 3",D1,1,False,3,14,118333.0,1715161.0,3,37,14.494359,0.379067,1,1,0.0003135156,0.0024285216,1,False,206,3703144.0,8,False,3.31
100000004356593100,peripheral,0.5,2,0.3114,"Получил 50 тыс ₸, отдал 10 тыс ₸ (20%) — удерживает часть средств, признаков роли недостаточно",P-other,2,False,1,1,50000.0,10000.0,1,1,0.2,0.0,0,1,0.0002934517,1.92202e-05,1,False,0,0.0,0,False,-0.22
100000004358004100,distributor,0.642,2,0.4958,"Веерная рассылка: 981 тыс ₸ на 11 получателей (17 переводов), плательщиков в выборке: 0; seed-клиент",D1,0,True,0,11,0.0,980850.0,0,17,,,0,0,0.0002855693,0.0,0,False,0,0.0,0,False,0.76
100000004360785100,peripheral,0.7,5,0.289,"Разовое поступление: 95 тыс ₸ от 1 плательщика, дальше не уходило; сумма мала",P-leaf,1,False,1,0,94705.0,0.0,1,0,0.0,,1,1,0.0002957518,0.0,1,False,0,0.0,0,False,-0.05
100000004368189100,peripheral,0.5,12,0.3107,"Получил 385 тыс ₸, отдал 28 тыс ₸ (7%) — удерживает часть средств, признаков роли недостаточно",P-other,3,False,1,2,384600.0,28200.0,1,2,0.073323,0.769504,0,0,0.0003038885,2.7741e-06,1,False,0,0.0,1,False,1.02
100000004377043100,peripheral,0.4,28,0.118,"Обрыв выгрузки на 4-м колене: получил 6 тыс ₸ от 1; исходящие не выгружены — роль «конечный» не присваиваем, нужна доп. выгрузка",P-trunc,4,False,1,0,5700.0,0.0,1,0,0.0,,0,0,0.0003635495,0.0,1,True,0,0.0,0,False,-0.14
100000004379306100,peripheral,0.4,3,0.1696,"Обрыв выгрузки на 4-м колене: получил 15 тыс ₸ от 1; исходящие не выгружены — роль «конечный» не присваиваем, нужна доп. выгрузка",P-trunc,4,False,1,0,15000.0,0.0,1,0,0.0,,0,0,0.0005320511,0.0,1,True,0,0.0,0,False,-0.14
100000004386258100,transit,0.523,11,0.6974,"Транзит: получил 62 тыс ₸, отдал 40 тыс ₸ (65%); 75% суммы ушло в течение 2 дн. после поступления",T2,2,False,3,3,61700.0,40000.0,3,3,0.648298,0.75,0,2,0.000533669,0.0001204733,2,False,2,15000.0,3,False,0.16
100000004386286100,peripheral,0.4,11,0.1757,"Обрыв выгрузки на 4-м колене: получил 12 тыс ₸ от 1; исходящие не выгружены — роль «конечный» не присваиваем, нужна доп. выгрузка",P-trunc,4,False,1,0,12500.0,0.0,1,0,0.0,,0,0,0.0005972867,0.0,1,True,0,0.0,0,False,-0.14
100000004386331100,transit,0.375,11,0.4735,"Транзит: получил 20 тыс ₸, отдал 18 тыс ₸ (88%); 0% суммы ушло в течение 2 дн. после поступления",T1,3,False,1,2,20000.0,17500.0,1,2,0.875,0.0,0,0,0.000512694,2.0211e-05,1,False,1,5000.0,0,False,0.27
100000004388209100,peripheral,0.7,1,0.1416,"Разовое поступление: 12 тыс ₸ от 1 плательщика, дальше не уходило; сумма мала",P-leaf,1,False,1,0,11800.0,0.0,1,0,0.0,,1,1,0.000288046,0.0,1,False,0,0.0,0,False,-0.48
100000004388353100,terminal,0.631,9,0.5303,"Конечный получатель: 63 тыс ₸ от 2 плательщиков, исходящих ≥5 тыс ₸ нет; колено 1 — обход здесь не обрывался",E1,1,False,2,0,62960.0,0.0,2,0,0.0,,1,2,0.0003407591,0.0,1,False,0,0.0,0,False,-0.24
100000004388983100,peripheral,0.6,65,0.1943,Seed-клиент: отправил 451 тыс ₸ на 2 получателей; признаков сбора или веера нет,P-seed,0,True,0,2,0.0,450816.0,0,23,,,0,0,0.0002855693,0.0,0,False,0,0.0,0,True,0.62
100000004390333100,peripheral,0.5,0,0.4276,"Получил 65 тыс ₸, отдал 506 тыс ₸ (785%) — отдаёт больше полученного: вероятны поступления извне выборки",P-other,1,False,2,9,64558.0,506500.0,2,14,7.845658,0.217177,1,1,0.0002952138,0.000158415,1,False,170,2591368.0,4,False,1.89
100000004394765100,peripheral,0.5,5,0.5398,"Получил 604 тыс ₸, отдал 82 тыс ₸ (14%) — удерживает часть средств, признаков роли недостаточно",P-other,1,False,3,2,603844.0,82500.0,10,2,0.136625,0.430303,1,2,0.0003802755,6.51639e-05,2,False,0,0.0,1,False,1.3
100000004398811100,peripheral,0.5,2,0.4786,"Получил 426 тыс ₸, отдал 1,0 млн ₸ (244%) — отдаёт больше полученного: вероятны поступления извне выборки",P-other,2,False,1,3,426000.0,1040672.0,1,4,2.442892,0.394937,0,1,0.0003496917,1.4861e-06,1,False,0,0.0,1,False,1.58
100000004399686100,terminal,0.953,23,0.5197,"Конечный получатель: 806 тыс ₸ от 1 плательщиков, исходящих ≥5 тыс ₸ нет; колено 3 — обход здесь не обрывался",E1,3,False,1,0,806000.0,0.0,2,0,0.0,,0,0,0.0005708068,0.0,1,False,0,0.0,0,False,1.47
100000004400305100,coordinator,0.978,0,0.9374,"Хаб: собирает и раздаёт: 7 плательщиков → 82 получателей, через узел 5,8 млн ₸; 2 seed в 2 шагах выше; посредничество выше 99% узлов",C1,2,False,7,82,222800.0,5830181.0,9,101,26.167778,0.785722,0,2,0.0003858175,0.0026091499,2,False,545,6179440.99,105,False,7.99
100000004400361100,peripheral,0.7,5,0.1794,"Разовое поступление: 10 тыс ₸ от 1 плательщика, дальше не уходило; сумма мала",P-leaf,2,False,1,0,10000.0,0.0,1,0,0.0,,0,2,0.0002872256,0.0,1,False,0,0.0,0,False,-0.31
100000004400480100,peripheral,0.4,12,0.1823,"Обрыв выгрузки на 4-м колене: получил 22 тыс ₸ от 1; исходящие не выгружены — роль «конечный» не присваиваем, нужна доп. выгрузка",P-trunc,4,False,1,0,21700.0,0.0,1,0,0.0,,0,0,0.0004845729,0.0,1,True,0,0.0,0,False,-0.14
100000004403548100,peripheral,0.4,3,0.1159,"Обрыв выгрузки на 4-м колене: получил 5 тыс ₸ от 1; исходящие не выгружены — роль «конечный» не присваиваем, нужна доп. выгрузка",P-trunc,4,False,1,0,5000.0,0.0,1,0,0.0,,0,0,0.0003678657,0.0,1,True,0,0.0,0,False,-0.14
100000004403641100,peripheral,0.4,12,0.2226,"Обрыв выгрузки на 4-м колене: получил 172 тыс ₸ от 1; исходящие не выгружены — роль «конечный» не присваиваем, нужна доп. выгрузка",P-trunc,4,False,1,0,171500.0,0.0,1,0,0.0,,0,0,0.0003005494,0.0,1,True,0,0.0,0,False,0.99
100000004403675100,coordinator,0.853,20,0.9421,"Мост между ветками: 4 плательщиков → 5 получателей, через узел 265 тыс ₸; 2 seed в 2 шагах выше; посредничество выше 99% узлов",C2,1,False,4,5,182980.0,264699.0,8,6,1.446601,0.540236,2,2,0.0007400733,0.0027876735,1,False,10,237187.0,4,False,1.41
100000004407753100,peripheral,0.5,28,0.3457,"Получил 250 тыс ₸, отдал 100 тыс ₸ (40%) — удерживает часть средств, признаков роли недостаточно",P-other,3,False,1,1,250000.0,100000.0,4,1,0.4,1.0,0,0,0.0008785642,0.0,1,False,1,100000.0,0,False,0.91
100000004408683100,terminal,0.656,5,0.5241,"Конечный получатель: 113 тыс ₸ от 2 плательщиков, исходящих ≥5 тыс ₸ нет; колено 1 — обход здесь не обрывался",E1,1,False,2,0,112919.68,0.0,3,0,0.0,,1,1,0.0003853143,0.0,1,False,0,0.0,0,False,0.07
100000004410489100,peripheral,0.7,2,0.297,"Разовое поступление: 54 тыс ₸ от 1 плательщика, дальше не уходило; сумма мала",P-leaf,2,False,1,0,54000.0,0.0,1,0,0.0,,0,1,0.0003142199,0.0,1,False,0,0.0,0,False,-0.31
100000004417753100,terminal,0.696,2,0.4419,"Конечный получатель: 192 тыс ₸ от 2 плательщиков, исходящих ≥5 тыс ₸ нет; колено 3 — обход здесь не обрывался",E1,3,False,2,0,192099.0,0.0,2,0,0.0,,0,0,0.0003931468,0.0,2,False,0,0.0,0,False,0.51
100000004418967100,peripheral,0.4,10,0.2608,"Обрыв выгрузки на 4-м колене: получил 100 тыс ₸ от 1; исходящие не выгружены — роль «конечный» не присваиваем, нужна доп. выгрузка",P-trunc,4,False,1,0,100000.0,0.0,1,0,0.0,,0,0,0.0004534748,0.0,1,True,0,0.0,0,False,0.62
100000004420041100,peripheral,0.5,11,0.3378,"Получил 70 тыс ₸, отдал 652 тыс ₸ (936%) — отдаёт больше полученного: вероятны поступления извне выборки",P-other,3,False,1,7,69638.0,651830.0,1,11,9.360263,0.0,0,0,0.0002997378,0.0001542486,1,False,0,0.0,0,False,1.96
100000004424023100,peripheral,0.5,6,0.4745,"Получил 50 тыс ₸, отдал 100 тыс ₸ (200%) — отдаёт больше полученного: вероятны поступления извне выборки",P-other,2,False,1,1,50000.0,100000.0,1,1,2.0,0.0,0,1,0.0009717144,2.04091e-05,1,False,0,0.0,0,False,0.21
100000004433250100,peripheral,0.4,0,0.0871,"Обрыв выгрузки на 4-м колене: получил 8 тыс ₸ от 1; исходящие не выгружены — роль «конечный» не присваиваем, нужна доп. выгрузка",P-trunc,4,False,1,0,8000.0,0.0,1,0,0.0,,0,0,0.0003065701,0.0,1,True,0,0.0,0,False,-0.14
100000004435304100,peripheral,0.7,1,0.2187,"Разовое поступление: 26 тыс ₸ от 1 плательщика, дальше не уходило; сумма мала",P-leaf,2,False,1,0,26200.0,0.0,1,0,0.0,,0,1,0.0002944678,0.0,1,False,0,0.0,0,False,-0.31
100000004441291100,peripheral,0.7,2,0.2979,"Разовое поступление: 20 тыс ₸ от 1 плательщика, дальше не уходило; сумма мала",P-leaf,2,False,1,0,20000.0,0.0,1,0,0.0,,0,1,0.0005488431,0.0,1,False,0,0.0,0,False,-0.31
100000004445291100,peripheral,0.7,25,0.135,"Разовое поступление: 20 тыс ₸ от 1 плательщика, дальше не уходило; сумма мала",P-leaf,3,False,1,0,19500.0,0.0,2,0,0.0,,0,0,0.0003192394,0.0,1,False,0,0.0,0,False,-0.4
100000004449824100,peripheral,0.4,19,0.0426,"Обрыв выгрузки на 4-м колене: получил 9 тыс ₸ от 1; исходящие не выгружены — роль «конечный» не присваиваем, нужна доп. выгрузка",P-trunc,4,False,1,0,9000.0,0.0,1,0,0.0,,0,0,0.0002903856,0.0,1,True,0,0.0,0,False,-0.14
100000004450649100,peripheral,0.5,4,0.2981,"Получил 193 тыс ₸, отдал 47 тыс ₸ (24%) — удерживает часть средств, признаков роли недостаточно",P-other,3,False,2,2,192528.0,46527.0,2,2,0.241664,0.112343,0,0,0.0002989552,0.000138749,1,False,0,0.0,1,False,0.65
100000004451012100,peripheral,0.5,18,0.2822,"Получил 91 тыс ₸, отдал 66 тыс ₸ (72%) — удерживает часть средств, признаков роли недостаточно",P-other,3,False,1,3,91245.0,65740.0,1,3,0.720478,0.0,0,0,0.0003011736,5.76607e-05,1,False,0,0.0,0,False,0.61
100000004456564100,peripheral,0.7,14,0.2426,"Разовое поступление: 10 тыс ₸ от 1 плательщика, дальше не уходило; сумма мала",P-leaf,2,False,1,0,10000.0,0.0,2,0,0.0,,0,1,0.0003923873,0.0,1,False,0,0.0,0,False,-0.31
100000004463277100,peripheral,0.7,29,0.341,"Разовое поступление: 35 тыс ₸ от 1 плательщика, дальше не уходило; сумма мала",P-leaf,2,False,1,0,35000.0,0.0,1,0,0.0,,0,1,0.0006919245,0.0,1,False,0,0.0,0,False,-0.31
100000004467157100,peripheral,0.5,34,0.2886,"Получил 20 тыс ₸, отдал 7 тыс ₸ (35%) — удерживает часть средств, признаков роли недостаточно",P-other,2,False,1,1,20000.0,7000.0,3,1,0.35,0.0,0,1,0.0003865608,0.0,1,False,1,7000.0,0,False,-0.22
100000004472936100,peripheral,0.4,13,0.1411,"Обрыв выгрузки на 4-м колене: получил 5 тыс ₸ от 1; исходящие не выгружены — роль «конечный» не присваиваем, нужна доп. выгрузка",P-trunc,4,False,1,0,5000.0,0.0,1,0,0.0,,0,0,0.0005318955,0.0,1,True,0,0.0,0,False,-0.14
100000004475818100,peripheral,0.5,4,0.2568,"Получил 13 тыс ₸, отдал 54 тыс ₸ (415%) — отдаёт больше полученного: вероятны поступления извне выборки",P-other,3,False,1,3,13000.0,53989.0,1,3,4.153,1.0,0,0,0.000309808,6.94018e-05,1,False,1,13000.0,2,False,0.61
100000004479404100,peripheral,0.5,44,0.5539,"Получил 1,5 млн ₸, отдал 300 тыс ₸ (20%) — удерживает часть средств, признаков роли недостаточно",P-other,2,False,2,1,1492000.0,300000.0,8,2,0.201072,0.0,0,1,0.0008667096,9.61012e-05,1,False,1,300000.0,0,False,1.7
100000004480280100,peripheral,0.5,2,0.4932,"Получил 147 тыс ₸, отдал 296 тыс ₸ (202%) — отдаёт больше полученного: вероятны поступления извне выборки",P-other,1,False,1,2,146694.0,295850.0,1,7,2.016783,0.239986,1,2,0.0003149428,3.57176e-05,1,False,0,0.0,2,False,1.0
100000004486525100,consolidator,0.9,0,0.8423,"Сбор средств: 361 тыс ₸ от 8 плательщиков (из них seed: 0), дальше ушло 75% полученного; до 5 плательщиков в один день",K1,2,False,8,2,360924.0,271045.0,21,3,0.750975,1.0,0,1,0.0008057988,4.7555e-06,5,False,0,0.0,7,False,1.08
100000004488265100,peripheral,0.7,3,0.1276,"Разовое поступление: 39 тыс ₸ от 1 плательщика, дальше не уходило; сумма мала",P-leaf,3,False,1,0,38740.0,0.0,1,0,0.0,,0,0,0.0002934513,0.0,1,False,0,0.0,0,False,-0.4
100000004491749100,peripheral,0.7,6,0.2051,"Разовое поступление: 50 тыс ₸ от 1 плательщика, дальше не уходило; сумма мала",P-leaf,3,False,1,0,50000.0,0.0,1,0,0.0,,0,0,0.0003507949,0.0,1,False,0,0.0,0,False,-0.4
100000004491881100,peripheral,0.7,1,0.1663,"Разовое поступление: 17 тыс ₸ от 1 плательщика, дальше не уходило; сумма мала",P-leaf,1,False,1,0,17144.0,0.0,1,0,0.0,,1,1,0.0002891676,0.0,1,False,0,0.0,0,False,-0.48
100000004493586100,peripheral,0.7,0,0.0279,"Разовое поступление: 8 тыс ₸ от 1 плательщика, дальше не уходило; сумма мала",P-leaf,3,False,1,0,7500.0,0.0,1,0,0.0,,0,0,0.0002886397,0.0,1,False,0,0.0,0,False,-0.4
100000004494983100,peripheral,0.7,1,0.2274,"Разовое поступление: 35 тыс ₸ от 1 плательщика, дальше не уходило; сумма мала",P-leaf,1,False,1,0,35000.0,0.0,1,0,0.0,,1,1,0.0002929154,0.0,1,False,0,0.0,0,False,-0.48
100000004497606100,peripheral,0.7,1,0.1594,"Разовое поступление: 16 тыс ₸ от 1 плательщика, дальше не уходило; сумма мала",P-leaf,1,False,1,0,15534.0,0.0,1,0,0.0,,1,1,0.0002888297,0.0,1,False,0,0.0,0,False,-0.48
100000004500444100,peripheral,0.5,14,0.3549,"Получил 180 тыс ₸, отдал 74 тыс ₸ (41%) — удерживает часть средств, признаков роли недостаточно",P-other,3,False,2,1,180000.0,74000.0,7,5,0.411111,1.0,0,0,0.0004643948,1.94184e-05,1,False,0,0.0,2,False,0.69
100000004500781100,peripheral,0.4,14,0.2723,"Обрыв выгрузки на 4-м колене: получил 74 тыс ₸ от 1; исходящие не выгружены — роль «конечный» не присваиваем, нужна доп. выгрузка",P-trunc,4,False,1,0,74000.0,0.0,5,0,0.0,,0,0,0.0006807504,0.0,1,True,0,0.0,0,False,0.41
100000004502048100,peripheral,0.4,18,0.1301,"Обрыв выгрузки на 4-м колене: получил 14 тыс ₸ от 1; исходящие не выгружены — роль «конечный» не присваиваем, нужна доп. выгрузка",P-trunc,4,False,1,0,13888.0,0.0,1,0,0.0,,0,0,0.0003397146,0.0,1,True,0,0.0,0,False,-0.14
100000004508696100,peripheral,0.5,38,0.3242,"Получил 7 тыс ₸, отдал 111 тыс ₸ (1586%) — отдаёт больше полученного: вероятны поступления извне выборки",P-other,3,False,1,3,7000.0,111000.0,1,4,15.857143,0.954955,0,0,0.0004225317,3.92331e-05,1,False,1,7000.0,2,False,0.61
100000004509286100,peripheral,0.7,2,0.2843,"Разовое поступление: 40 тыс ₸ от 1 плательщика, дальше не уходило; сумма мала",P-leaf,1,False,1,0,40000.0,0.0,1,0,0.0,,1,2,0.0002935788,0.0,1,False,0,0.0,0,False,-0.48
100000004526651100,peripheral,0.4,7,0.103,"Обрыв выгрузки на 4-м колене: получил 33 тыс ₸ от 1; исходящие не выгружены — роль «конечный» не присваиваем, нужна доп. выгрузка",P-trunc,4,False,1,0,33000.0,0.0,1,0,0.0,,0,0,0.0002899107,0.0,1,True,0,0.0,0,False,-0.14
100000004527381100,peripheral,0.5,15,0.4797,"Получил 119 тыс ₸, отдал 274 тыс ₸ (229%) — отдаёт больше полученного: вероятны поступления извне выборки",P-other,2,False,1,1,119333.17,273866.11,1,1,2.294971,1.0,0,1,0.000375499,0.0003213942,1,False,3,41500.0,1,False,0.79
100000004539443100,terminal,0.631,2,0.4345,"Конечный получатель: 62 тыс ₸ от 2 плательщиков, исходящих ≥5 тыс ₸ нет; колено 3 — обход здесь не обрывался",E1,3,False,2,0,61990.0,0.0,2,0,0.0,,0,0,0.0009561832,0.0,2,False,0,0.0,0,False,-0.06
100000004544958100,peripheral,0.5,9,0.4886,"Получил 168 тыс ₸, отдал 23 тыс ₸ (14%) — удерживает часть средств, признаков роли недостаточно",P-other,2,False,1,2,168000.0,23200.0,3,2,0.138095,0.224138,0,1,0.0012146075,2.08054e-05,1,False,1,18000.0,1,False,0.36
100000004549591100,peripheral,0.4,38,0.2225,"Обрыв выгрузки на 4-м колене: получил 49 тыс ₸ от 1; исходящие не выгружены — роль «конечный» не присваиваем, нужна доп. выгрузка",P-trunc,4,False,1,0,49000.0,0.0,1,0,0.0,,0,0,0.0004443212,0.0,1,True,0,0.0,0,False,0.12
100000004552204100,peripheral,0.5,32,0.2917,"Получил 22 тыс ₸, отдал 10 тыс ₸ (44%) — удерживает часть средств, признаков роли недостаточно",P-other,3,False,1,2,22500.0,10000.0,2,2,0.444444,0.0,0,0,0.0008646978,2.0211e-05,1,False,1,5000.0,0,False,0.27
100000004553349100,peripheral,0.7,4,0.075,"Разовое поступление: 8 тыс ₸ от 1 плательщика, дальше не уходило; сумма мала",P-leaf,3,False,1,0,7755.0,0.0,1,0,0.0,,0,0,0.0003000286,0.0,1,False,0,0.0,0,False,-0.4
100000004559194100,terminal,0.691,5,0.5329,"Конечный получатель: 282 тыс ₸ от 1 плательщиков, исходящих ≥5 тыс ₸ нет; колено 1 — обход здесь не обрывался",E1,1,False,1,0,282145.0,0.0,6,0,0.0,,1,1,0.000315905,0.0,1,False,0,0.0,0,False,0.7
100000004564736100,peripheral,0.7,22,0.1463,"Разовое поступление: 15 тыс ₸ от 1 плательщика, дальше не уходило; сумма мала",P-leaf,3,False,1,0,15000.0,0.0,2,0,0.0,,0,0,0.0003767554,0.0,1,False,0,0.0,0,False,-0.4
100000004569484100,peripheral,0.5,8,0.3373,"Получил 98 тыс ₸, отдал 156 тыс ₸ (159%) — отдаёт больше полученного: вероятны поступления извне выборки",P-other,3,False,2,4,98312.0,156000.0,3,4,1.586785,0.0,0,0,0.000319381,0.0027934017,1,False,4,130441.67,0,False,1.28
100000004569637100,peripheral,0.4,3,0.1521,"Обрыв выгрузки на 4-м колене: получил 6 тыс ₸ от 1; исходящие не выгружены — роль «конечный» не присваиваем, нужна доп. выгрузка",P-trunc,4,False,1,0,5500.0,0.0,1,0,0.0,,0,0,0.0005531603,0.0,1,True,0,0.0,0,False,-0.14
100000004571634100,peripheral,0.4,9,0.1607,"Обрыв выгрузки на 4-м колене: получил 20 тыс ₸ от 1; исходящие не выгружены — роль «конечный» не присваиваем, нужна доп. выгрузка",P-trunc,4,False,1,0,20000.0,0.0,1,0,0.0,,0,0,0.0003741773,0.0,1,True,0,0.0,0,False,-0.14
100000004573782100,peripheral,0.7,6,0.2178,"Разовое поступление: 15 тыс ₸ от 1 плательщика, дальше не уходило; сумма мала",P-leaf,2,False,1,0,15000.0,0.0,1,0,0.0,,0,1,0.000309897,0.0,1,False,0,0.0,0,False,-0.31
100000004580202100,peripheral,0.5,22,0.3677,"Получил 9 тыс ₸, отдал 45 тыс ₸ (500%) — отдаёт больше полученного: вероятны поступления извне выборки",P-other,2,False,1,3,9000.0,45000.0,1,4,5.0,0.111111,0,1,0.0003216233,5.94441e-05,1,False,0,0.0,1,False,-0.03
100000004580254100,terminal,0.614,16,0.3109,"Конечный получатель: 28 тыс ₸ от 2 плательщиков, исходящих ≥5 тыс ₸ нет; колено 3 — обход здесь не обрывался",E1,3,False,2,0,27940.0,0.0,2,0,0.0,,0,0,0.000312279,0.0,1,False,0,0.0,0,False,-0.06
100000004584730100,peripheral,0.4,44,0.1654,"Обрыв выгрузки на 4-м колене: получил 47 тыс ₸ от 1; исходящие не выгружены — роль «конечный» не присваиваем, нужна доп. выгрузка",P-trunc,4,False,1,0,47000.0,0.0,1,0,0.0,,0,0,0.0003038398,0.0,1,True,0,0.0,0,False,0.1
100000004586598100,peripheral,0.4,67,0.35,"Обрыв выгрузки на 4-м колене: получил 761 тыс ₸ от 1; исходящие не выгружены — роль «конечный» не присваиваем, нужна доп. выгрузка",P-trunc,4,False,1,0,761255.0,0.0,4,0,0.0,,0,0,0.0005392658,0.0,1,True,0,0.0,0,False,2.03
100000004587414100,terminal,0.867,4,0.4499,"Конечный получатель: 534 тыс ₸ от 2 плательщиков, исходящих ≥5 тыс ₸ нет; колено 3 — обход здесь не обрывался",E1,3,False,2,0,533603.0,0.0,2,0,0.0,,0,0,0.0003148718,0.0,1,False,0,0.0,0,False,1.19
100000004588479100,terminal,0.639,5,0.4993,"Конечный получатель: 178 тыс ₸ от 1 плательщиков, исходящих ≥5 тыс ₸ нет; колено 1 — обход здесь не обрывался",E1,1,False,1,0,177633.0,0.0,2,0,0.0,,1,1,0.000304668,0.0,1,False,0,0.0,0,False,0.38
100000004591973100,peripheral,0.5,11,0.3137,"Получил 10 тыс ₸, отдал 100 тыс ₸ (1000%) — отдаёт больше полученного: вероятны поступления извне выборки",P-other,3,False,1,1,10000.0,100000.0,1,1,10.0,0.0,0,0,0.0003991317,2.04091e-05,1,False,0,0.0,0,False,0.13
100000004592467100,peripheral,0.7,2,0.121,"Разовое поступление: 7 тыс ₸ от 1 плательщика, дальше не уходило; сумма мала",P-leaf,2,False,1,0,7000.0,0.0,1,0,0.0,,0,1,0.0002866229,0.0,1,False,0,0.0,0,False,-0.31
100000004596284100,peripheral,0.4,5,0.2208,"Обрыв выгрузки на 4-м колене: получил 30 тыс ₸ от 1; исходящие не выгружены — роль «конечный» не присваиваем, нужна доп. выгрузка",P-trunc,4,False,1,0,30000.0,0.0,1,0,0.0,,0,0,0.0005914888,0.0,1,True,0,0.0,0,False,-0.14
100000004601193100,peripheral,0.4,9,0.2738,"Обрыв выгрузки на 4-м колене: получил 84 тыс ₸ от 1; исходящие не выгружены — роль «конечный» не присваиваем, нужна доп. выгрузка",P-trunc,4,False,1,0,84000.0,0.0,3,0,0.0,,0,0,0.000603415,0.0,1,True,0,0.0,0,False,0.5
100000004603109100,peripheral,0.5,23,0.4423,"Получил 2,7 млн ₸, отдал 400 тыс ₸ (15%) — удерживает часть средств, признаков роли недостаточно",P-other,3,False,3,2,2730000.0,400000.0,8,2,0.14652,1.0,0,0,0.0031783653,6.935e-07,2,False,6,700000.0,3,False,2.37
100000004610802100,peripheral,0.4,60,0.3008,"Обрыв выгрузки на 4-м колене: получил 241 тыс ₸ от 1; исходящие не выгружены — роль «конечный» не присваиваем, нужна доп. выгрузка",P-trunc,4,False,1,0,241000.0,0.0,18,0,0.0,,0,0,0.0004739522,0.0,1,True,0,0.0,0,False,1.23
100000004611571100,peripheral,0.7,0,0.0584,"Разовое поступление: 23 тыс ₸ от 1 плательщика, дальше не уходило; сумма мала",P-leaf,3,False,1,0,22550.0,0.0,1,0,0.0,,0,0,0.0002868393,0.0,1,False,0,0.0,0,False,-0.4
100000004613582100,peripheral,0.5,6,0.2186,"Получил 5 тыс ₸, отдал 10 тыс ₸ (190%) — отдаёт больше полученного: вероятны поступления извне выборки",P-other,3,False,1,1,5000.0,9500.0,1,1,1.9,0.0,0,0,0.0005534435,3.963e-07,1,False,0,0.0,0,False,-0.06
100000004616845100,peripheral,0.4,57,0.0683,"Обрыв выгрузки на 4-м колене: получил 20 тыс ₸ от 1; исходящие не выгружены — роль «конечный» не присваиваем, нужна доп. выгрузка",P-trunc,4,False,1,0,20200.0,0.0,2,0,0.0,,0,0,0.0002888177,0.0,1,True,0,0.0,0,False,-0.14
100000004622227100,peripheral,0.5,0,0.2857,"Получил 25 тыс ₸, отдал 19 тыс ₸ (76%) — удерживает часть средств, признаков роли недостаточно",P-other,1,False,1,3,24931.0,19000.0,1,3,0.762103,0.0,1,1,0.0002902477,4.78418e-05,1,False,0,0.0,0,False,0.23
100000004629688100,peripheral,0.5,15,0.1637,"Получил 5 тыс ₸, отдал 15 тыс ₸ (300%) — отдаёт больше полученного: вероятны поступления извне выборки",P-other,3,False,1,1,5000.0,15000.0,1,2,3.0,0.0,0,0,0.0003879726,0.0,1,False,1,5000.0,0,False,-0.06
100000004634420100,peripheral,0.7,1,0.088,"Разовое поступление: 26 тыс ₸ от 1 плательщика, дальше не уходило; сумма мала",P-leaf,3,False,1,0,26150.0,0.0,1,0,0.0,,0,0,0.0002896507,0.0,1,False,0,0.0,0,False,-0.4
100000004635886100,peripheral,0.7,5,0.094,"Разовое поступление: 23 тыс ₸ от 1 плательщика, дальше не уходило; сумма мала",P-leaf,3,False,1,0,23000.0,0.0,1,0,0.0,,0,0,0.0002924585,0.0,1,False,0,0.0,0,False,-0.4
100000004644615100,peripheral,0.5,9,0.352,"Получил 51 тыс ₸, отдал 380 тыс ₸ (747%) — отдаёт больше полученного: вероятны поступления извне выборки",P-other,3,False,1,2,50810.0,379665.0,1,14,7.47225,0.04583,0,0,0.0003743676,1.1889e-06,1,False,0,0.0,1,False,1.05
100000004652395100,peripheral,0.4,0,0.2357,"Обрыв выгрузки на 4-м колене: получил 102 тыс ₸ от 3; исходящие не выгружены — роль «конечный» не присваиваем, нужна доп. выгрузка",P-trunc,4,False,3,0,101528.0,0.0,5,0,0.0,,0,0,0.0003357067,0.0,3,True,0,0.0,0,False,9.61
100000004655046100,peripheral,0.4,8,0.2035,"Обрыв выгрузки на 4-м колене: получил 24 тыс ₸ от 1; исходящие не выгружены — роль «конечный» не присваиваем, нужна доп. выгрузка",P-trunc,4,False,1,0,24000.0,0.0,1,0,0.0,,0,0,0.0005575083,0.0,1,True,0,0.0,0,False,-0.14
100000004657034100,peripheral,0.7,4,0.1752,"Разовое поступление: 141 тыс ₸ от 1 плательщика, дальше не уходило; сумма мала",P-leaf,3,False,1,0,141250.0,0.0,1,0,0.0,,0,0,0.0002901471,0.0,1,False,0,0.0,0,False,0.3
100000004659919100,peripheral,0.5,50,0.3636,"Получил 110 тыс ₸, отдал 39 тыс ₸ (35%) — удерживает часть средств, признаков роли недостаточно",P-other,3,False,1,1,110000.0,39000.0,2,1,0.354545,0.0,0,0,0.000724953,2.41739e-05,1,False,0,0.0,0,False,0.34
100000004662806100,transit,0.562,11,0.5982,"Транзит: получил 107 тыс ₸, отдал 60 тыс ₸ (56%); 100% суммы ушло в течение 2 дн. после поступления",T2,1,False,2,2,106585.0,59900.0,2,3,0.561993,1.0,1,1,0.0003054498,3.88368e-05,1,False,0,0.0,2,False,0.34
100000004664515100,peripheral,0.7,0,0.2301,"Разовое поступление: 38 тыс ₸ от 1 плательщика, дальше не уходило; сумма мала",P-leaf,1,False,1,0,37691.0,0.0,1,0,0.0,,1,1,0.0002926421,0.0,1,False,0,0.0,0,False,-0.48
100000004664905100,terminal,0.765,5,0.573,"Конечный получатель: 329 тыс ₸ от 2 плательщиков, исходящих ≥5 тыс ₸ нет; колено 1 — обход здесь не обрывался",E1,1,False,2,0,329020.0,0.0,4,0,0.0,,1,1,0.000411844,0.0,1,False,0,0.0,0,False,0.8
100000004666651100,terminal,0.765,66,0.5881,"Конечный получатель: 429 тыс ₸ от 1 плательщиков, исходящих ≥5 тыс ₸ нет; колено 2 — обход здесь не обрывался",E1,2,False,1,0,429250.0,0.0,1,0,0.0,,0,1,0.0004575389,0.0,1,False,0,0.0,0,False,0.85
100000004670388100,peripheral,0.5,49,0.3994,"Получил 160 тыс ₸, отдал 720 тыс ₸ (449%) — отдаёт больше полученного: вероятны поступления извне выборки",P-other,3,False,1,2,160354.0,720000.0,1,4,4.490066,0.527778,0,0,0.0005140173,1.96165e-05,1,False,1,160354.0,0,False,1.53
100000004671609100,peripheral,0.7,12,0.1978,"Разовое поступление: 100 тыс ₸ от 1 плательщика, дальше не уходило; сумма мала",P-leaf,3,False,1,0,100000.0,0.0,1,0,0.0,,0,0,0.0003002421,0.0,1,False,0,0.0,0,False,0.07
100000004673335100,peripheral,0.4,30,0.2515,"Обрыв выгрузки на 4-м колене: получил 80 тыс ₸ от 1; исходящие не выгружены — роль «конечный» не присваиваем, нужна доп. выгрузка",P-trunc,4,False,1,0,80000.0,0.0,1,0,0.0,,0,0,0.0004940906,0.0,1,True,0,0.0,0,False,0.46
100000004674178100,peripheral,0.4,25,0.1166,"Обрыв выгрузки на 4-м колене: получил 20 тыс ₸ от 1; исходящие не выгружены — роль «конечный» не присваиваем, нужна доп. выгрузка",P-trunc,4,False,1,0,20000.0,0.0,1,0,0.0,,0,0,0.0003027434,0.0,1,True,0,0.0,0,False,-0.14
100000004674389100,peripheral,0.4,9,0.1386,"Обрыв выгрузки на 4-м колене: получил 15 тыс ₸ от 1; исходящие не выгружены — роль «конечный» не присваиваем, нужна доп. выгрузка",P-trunc,4,False,1,0,15000.0,0.0,1,0,0.0,,0,0,0.0003520253,0.0,1,True,0,0.0,0,False,-0.14
100000004674412100,peripheral,0.4,9,0.2231,"Обрыв выгрузки на 4-м колене: получил 46 тыс ₸ от 1; исходящие не выгружены — роль «конечный» не присваиваем, нужна доп. выгрузка",P-trunc,4,False,1,0,46000.0,0.0,1,0,0.0,,0,0,0.0004893678,0.0,1,True,0,0.0,0,False,0.08
100000004674799100,peripheral,0.7,0,0.4113,"Разовое поступление: 140 тыс ₸ от 1 плательщика, дальше не уходило; сумма мала",P-leaf,2,False,1,0,140000.0,0.0,5,0,0.0,,0,1,0.0007906732,0.0,1,False,0,0.0,0,False,0.17
100000004676985100,transit,0.34,0,0.37,"Транзит: получил 32 тыс ₸, отдал 27 тыс ₸ (84%); 0% суммы ушло в течение 2 дн. после поступления",T1,3,False,1,1,32260.0,27102.0,1,1,0.840112,0.0,0,0,0.0002873862,1.92202e-05,1,False,0,0.0,0,False,-0.06
100000004677680100,peripheral,0.5,9,0.5482,"Получил 63 тыс ₸, отдал 168 тыс ₸ (267%) — отдаёт больше полученного: вероятны поступления извне выборки",P-other,1,False,2,1,63000.0,168000.0,2,3,2.666667,0.910714,1,2,0.0010928342,4.12145e-05,1,False,1,18000.0,0,False,0.56
100000004679953100,peripheral,0.5,3,0.4642,"Получил 344 тыс ₸, отдал 34 тыс ₸ (10%) — удерживает часть средств, признаков роли недостаточно",P-other,1,False,3,3,343538.0,34100.0,3,3,0.099261,0.624633,1,1,0.0003342676,0.0003542158,2,False,6,79000.0,2,False,0.89
100000004687099100,peripheral,0.7,6,0.2771,"Разовое поступление: 30 тыс ₸ от 1 плательщика, дальше не уходило; сумма мала",P-leaf,2,False,1,0,30000.0,0.0,1,0,0.0,,0,1,0.0003342247,0.0,1,False,0,0.0,0,False,-0.31
100000004687282100,peripheral,0.7,5,0.2523,"Разовое поступление: 20 тыс ₸ от 1 плательщика, дальше не уходило; сумма мала",P-leaf,2,False,1,0,20000.0,0.0,1,0,0.0,,0,1,0.0003322718,0.0,1,False,0,0.0,0,False,-0.31
100000004689658100,peripheral,0.5,3,0.3638,"Получил 456 тыс ₸, отдал 7 тыс ₸ (2%) — удерживает часть средств, признаков роли недостаточно",P-other,3,False,1,1,456100.0,7092.0,1,1,0.015549,0.0,0,0,0.0003863164,1.92202e-05,1,False,0,0.0,0,False,1.1
100000004691350100,peripheral,0.4,49,0.188,"Обрыв выгрузки на 4-м колене: получил 13 тыс ₸ от 1; исходящие не выгружены — роль «конечный» не присваиваем, нужна доп. выгрузка",P-trunc,4,False,1,0,13300.0,0.0,1,0,0.0,,0,0,0.0008870591,0.0,1,True,0,0.0,0,False,-0.14
100000004692798100,peripheral,0.5,11,0.4914,"Получил 240 тыс ₸, отдал 15 тыс ₸ (6%) — удерживает часть средств, признаков роли недостаточно",P-other,1,False,2,1,240305.0,15000.0,4,2,0.062421,1.0,1,1,0.0019106512,1.981e-07,1,False,1,15000.0,0,True,0.63
100000004697956100,transit,0.5,6,0.3774,"Транзит: получил 10 тыс ₸, отдал 10 тыс ₸ (100%); 0% суммы ушло в течение 2 дн. после поступления",T1,3,False,1,1,10000.0,10000.0,1,1,1.0,0.0,0,0,0.0004681161,0.0,1,False,1,10000.0,0,False,-0.06
100000004698193100,peripheral,0.5,6,0.4868,"Получил 223 тыс ₸, отдал 38 тыс ₸ (17%) — удерживает часть средств, признаков роли недостаточно",P-other,2,False,2,3,222700.0,38000.0,15,5,0.170633,0.315789,0,1,0.0008254146,1.5852e-06,1,False,1,18000.0,0,False,0.55
100000004707703100,transit,0.913,5,0.724,"Транзит: получил 239 тыс ₸, отдал 232 тыс ₸ (97%); 89% суммы ушло в течение 2 дн. после поступления",T1,1,False,2,5,239300.0,231650.0,3,6,0.968032,0.889273,1,1,0.0006355624,0.0001071048,1,False,0,0.0,4,False,1.04
100000004713684100,peripheral,0.7,0,0.0922,"Разовое поступление: 38 тыс ₸ от 1 плательщика, дальше не уходило; сумма мала",P-leaf,3,False,1,0,37500.0,0.0,1,0,0.0,,0,0,0.0002876813,0.0,1,False,0,0.0,0,False,-0.4
100000004714705100,peripheral,0.6,20,0.0803,Seed-клиент: отправил 37 тыс ₸ на 1 получателей; признаков сбора или веера нет,P-seed,0,True,0,1,0.0,36550.0,0,1,,,0,0,0.0002855693,0.0,0,False,0,0.0,0,False,0.17
100000004715209100,peripheral,0.5,51,0.2595,"Получил 5 тыс ₸, отдал 350 тыс ₸ (7009%) — отдаёт больше полученного: вероятны поступления извне выборки",P-other,3,False,1,5,5000.0,350450.0,1,17,70.09,0.127836,0,0,0.000287544,7.76736e-05,1,False,1,5000.0,1,True,1.28
100000004717647100,peripheral,0.5,44,0.453,"Получил 300 тыс ₸, отдал 2,2 млн ₸ (747%) — отдаёт больше полученного: вероятны поступления извне выборки",P-other,3,False,1,5,300000.0,2240000.0,2,10,7.466667,0.020982,0,0,0.001023361,7.76736e-05,1,False,1,300000.0,1,False,2.23
100000004722630100,peripheral,0.4,49,0.315,"Обрыв выгрузки на 4-м колене: получил 340 тыс ₸ от 1; исходящие не выгружены — роль «конечный» не присваиваем, нужна доп. выгрузка",P-trunc,4,False,1,0,340000.0,0.0,2,0,0.0,,0,0,0.000492187,0.0,1,True,0,0.0,0,False,1.47
100000004722765100,peripheral,0.5,46,0.4373,"Получил 230 тыс ₸, отдал 2,3 млн ₸ (993%) — отдаёт больше полученного: вероятны поступления извне выборки",P-other,3,False,1,3,230000.0,2284500.0,1,9,9.932609,0.076603,0,0,0.0005815883,5.82552e-05,1,False,0,0.0,2,False,2.23
100000004723755100,peripheral,0.6,2,0.1299,Seed-клиент: отправил 95 тыс ₸ на 1 получателей; признаков сбора или веера нет,P-seed,0,True,0,1,0.0,95000.0,0,5,,,0,0,0.0002855693,0.0,0,False,0,0.0,0,False,0.34
100000004726132100,peripheral,0.5,0,0.3266,"Получил 349 тыс ₸, отдал 24 тыс ₸ (7%) — удерживает часть средств, признаков роли недостаточно",P-other,3,False,1,1,349000.0,24000.0,1,2,0.068768,0.0,0,0,0.0003165194,1.92202e-05,1,False,0,0.0,0,False,0.95
100000004732589100,terminal,0.664,9,0.5552,"Конечный получатель: 228 тыс ₸ от 1 плательщиков, исходящих ≥5 тыс ₸ нет; колено 2 — обход здесь не обрывался",E1,2,False,1,0,227520.0,0.0,1,0,0.0,,0,1,0.0003939729,0.0,1,False,0,0.0,0,False,0.46
100000004737477100,transit,0.502,0,0.5271,"Транзит: получил 50 тыс ₸, отдал 40 тыс ₸ (82%); 37% суммы ушло в течение 2 дн. после поступления",T1,1,False,2,1,49598.0,40500.0,3,3,0.816565,0.37037,1,1,0.0002923193,1.92202e-05,1,False,0,0.0,1,False,-0.01
100000004737764100,terminal,0.85,2,0.5208,"Конечный получатель: 600 тыс ₸ от 1 плательщиков, исходящих ≥5 тыс ₸ нет; колено 3 — обход здесь не обрывался",E1,3,False,1,0,600000.0,0.0,1,0,0.0,,0,0,0.0006766224,0.0,1,False,0,0.0,0,False,1.27
100000004739664100,transit,0.333,1,0.4192,"Транзит: получил 12 тыс ₸, отдал 10 тыс ₸ (83%); 0% суммы ушло в течение 2 дн. после поступления",T1,1,False,1,1,12000.0,10000.0,1,1,0.833333,0.0,1,1,0.000288088,1.387e-06,1,False,0,0.0,0,False,-0.24
100000004741837100,peripheral,0.7,5,0.183,"Разовое поступление: 26 тыс ₸ от 1 плательщика, дальше не уходило; сумма мала",P-leaf,1,False,1,0,25596.0,0.0,1,0,0.0,,1,1,0.0002883213,0.0,1,False,0,0.0,0,False,-0.48
100000004744306100,peripheral,0.5,20,0.4485,"Получил 69 тыс ₸, отдал 92 тыс ₸ (133%) — удерживает часть средств, признаков роли недостаточно",P-other,1,False,1,2,69000.0,92000.0,1,3,1.333333,0.0,1,1,0.000460777,3.92331e-05,1,False,0,0.0,0,False,0.31
100000004746397100,peripheral,0.5,4,0.2798,"Получил 220 тыс ₸, отдал 8 тыс ₸ (3%) — удерживает часть средств, признаков роли недостаточно",P-other,3,False,1,1,219520.0,7500.0,1,1,0.034165,0.0,0,0,0.0002926838,0.0006677699,1,False,4,25500.0,0,False,0.62
100000004747154100,peripheral,0.4,51,0.2127,"Обрыв выгрузки на 4-м колене: получил 67 тыс ₸ от 1; исходящие не выгружены — роль «конечный» не присваиваем, нужна доп. выгрузка",P-trunc,4,False,1,0,67000.0,0.0,1,0,0.0,,0,0,0.0003323513,0.0,1,True,0,0.0,0,False,0.34
100000004750321100,terminal,0.625,8,0.3451,"Конечный получатель: 50 тыс ₸ от 2 плательщиков, исходящих ≥5 тыс ₸ нет; колено 3 — обход здесь не обрывался",E1,3,False,2,0,50185.0,0.0,2,0,0.0,,0,0,0.0003125361,0.0,1,False,0,0.0,0,False,-0.06
100000004750897100,peripheral,0.7,15,0.1491,"Разовое поступление: 10 тыс ₸ от 1 плательщика, дальше не уходило; сумма мала",P-leaf,3,False,1,0,10000.0,0.0,1,0,0.0,,0,0,0.0004903759,0.0,1,False,0,0.0,0,False,-0.4
100000004756901100,peripheral,0.7,5,0.3872,"Разовое поступление: 153 тыс ₸ от 1 плательщика, дальше не уходило; сумма мала",P-leaf,2,False,1,0,153248.0,0.0,1,0,0.0,,0,2,0.0003109523,0.0,1,False,0,0.0,0,False,0.23
100000004759121100,consolidator,0.9,0,0.8751,"Сбор средств: 710 тыс ₸ от 6 плательщиков (из них seed: 1), дальше ушло 44% полученного",K1,1,False,6,2,710000.0,312000.0,10,6,0.439437,0.519231,1,1,0.0014151797,7.70791e-05,1,False,1,175000.0,2,False,1.57
100000004765639100,peripheral,0.5,0,0.2531,"Получил 5 тыс ₸, отдал 11 тыс ₸ (220%) — отдаёт больше полученного: вероятны поступления извне выборки",P-other,2,False,1,2,5000.0,11000.0,1,2,2.2,0.545455,0,1,0.0003618563,0.0,1,False,2,10000.0,0,False,-0.12
100000004770073100,transit,0.999,0,0.2859,"Транзит: получил 5 тыс ₸, отдал 5 тыс ₸ (100%); 100% суммы ушло в течение 2 дн. после поступления",T1,3,False,1,1,5462.4,5466.97,1,1,1.000837,1.0,0,0,0.0002878056,1.92202e-05,1,False,0,0.0,1,False,-0.06
100000004777215100,peripheral,0.4,21,0.2373,"Обрыв выгрузки на 4-м колене: получил 60 тыс ₸ от 1; исходящие не выгружены — роль «конечный» не присваиваем, нужна доп. выгрузка",P-trunc,4,False,1,0,60000.0,0.0,1,0,0.0,,0,0,0.0004651549,0.0,1,True,0,0.0,0,False,0.26
100000004779204100,peripheral,0.5,0,0.1594,"Получил 30 тыс ₸, отдал 20 тыс ₸ (66%) — удерживает часть средств, признаков роли недостаточно",P-other,3,False,1,1,30450.0,20000.0,1,2,0.656814,0.5,0,0,0.0002872842,1.92202e-05,1,False,0,0.0,1,False,-0.06
100000004780083100,peripheral,0.4,60,0.0586,"Обрыв выгрузки на 4-м колене: получил 10 тыс ₸ от 1; исходящие не выгружены — роль «конечный» не присваиваем, нужна доп. выгрузка",P-trunc,4,False,1,0,9999.0,0.0,1,0,0.0,,0,0,0.0002933852,0.0,1,True,0,0.0,0,False,-0.14
100000004780327100,peripheral,0.4,19,0.0613,"Обрыв выгрузки на 4-м колене: получил 12 тыс ₸ от 1; исходящие не выгружены — роль «конечный» не присваиваем, нужна доп. выгрузка",P-trunc,4,False,1,0,12000.0,0.0,1,0,0.0,,0,0,0.0002919911,0.0,1,True,0,0.0,0,False,-0.14
100000004783447100,peripheral,0.7,1,0.2036,"Разовое поступление: 26 тыс ₸ от 1 плательщика, дальше не уходило; сумма мала",P-leaf,1,False,1,0,26200.0,0.0,1,0,0.0,,1,1,0.0002910684,0.0,1,False,0,0.0,0,False,-0.48
100000004784224100,peripheral,0.5,23,0.3646,"Получил 24 тыс ₸, отдал 100 тыс ₸ (426%) — отдаёт больше полученного: вероятны поступления извне выборки",P-other,1,False,1,1,23500.0,100000.0,2,1,4.255319,0.0,1,1,0.0003047979,1.981e-07,1,False,0,0.0,0,False,0.13
100000004788983100,peripheral,0.4,0,0.1784,"Обрыв выгрузки на 4-м колене: получил 27 тыс ₸ от 1; исходящие не выгружены — роль «конечный» не присваиваем, нужна доп. выгрузка",P-trunc,4,False,1,0,27000.0,0.0,1,0,0.0,,0,0,0.0003694685,0.0,1,True,0,0.0,0,False,-0.14
100000004790991100,terminal,0.67,5,0.5209,"Конечный получатель: 239 тыс ₸ от 1 плательщиков, исходящих ≥5 тыс ₸ нет; колено 1 — обход здесь не обрывался",E1,1,False,1,0,239413.0,0.0,4,0,0.0,,1,1,0.0003113105,0.0,1,False,0,0.0,0,False,0.58
100000004791226100,peripheral,0.4,0,0.1894,"Обрыв выгрузки на 4-м колене: получил 20 тыс ₸ от 1; исходящие не выгружены — роль «конечный» не присваиваем, нужна доп. выгрузка",P-trunc,4,False,1,0,20000.0,0.0,1,0,0.0,,0,0,0.0005414837,0.0,1,True,0,0.0,0,False,-0.14
100000004792397100,peripheral,0.7,1,0.2902,"Разовое поступление: 74 тыс ₸ от 1 плательщика, дальше не уходило; сумма мала",P-leaf,1,False,1,0,73520.0,0.0,1,0,0.0,,1,1,0.0003010003,0.0,1,False,0,0.0,0,False,-0.22
100000004797167100,peripheral,0.4,3,0.2184,"Обрыв выгрузки на 4-м колене: получил 31 тыс ₸ от 1; исходящие не выгружены — роль «конечный» не присваиваем, нужна доп. выгрузка",P-trunc,4,False,1,0,31000.0,0.0,1,0,0.0,,0,0,0.0005516247,0.0,1,True,0,0.0,0,False,-0.14
100000004798515100,peripheral,0.4,11,0.2751,"Обрыв выгрузки на 4-м колене: получил 200 тыс ₸ от 1; исходящие не выгружены — роль «конечный» не присваиваем, нужна доп. выгрузка",P-trunc,4,False,1,0,200000.0,0.0,2,0,0.0,,0,0,0.0003638355,0.0,1,True,0,0.0,0,False,1.1
100000004800452100,peripheral,0.4,4,0.1604,"Обрыв выгрузки на 4-м колене: получил 7 тыс ₸ от 1; исходящие не выгружены — роль «конечный» не присваиваем, нужна доп. выгрузка",P-trunc,4,False,1,0,6544.53,0.0,1,0,0.0,,0,0,0.0006079798,0.0,1,True,0,0.0,0,False,-0.14
100000004800648100,peripheral,0.4,11,0.2452,"Обрыв выгрузки на 4-м колене: получил 131 тыс ₸ от 1; исходящие не выгружены — роль «конечный» не присваиваем, нужна доп. выгрузка",P-trunc,4,False,1,0,131000.0,0.0,1,0,0.0,,0,0,0.0003368337,0.0,1,True,0,0.0,0,False,0.81
100000004806903100,peripheral,0.7,2,0.2875,"Разовое поступление: 18 тыс ₸ от 1 плательщика, дальше не уходило; сумма мала",P-leaf,2,False,1,0,18000.0,0.0,1,0,0.0,,0,1,0.0005335389,0.0,1,False,0,0.0,0,False,-0.31
100000004813068100,peripheral,0.6,23,0.1782,Seed-клиент: отправил 297 тыс ₸ на 3 получателей; признаков сбора или веера нет,P-seed,0,True,0,3,0.0,297000.0,0,5,,,0,0,0.0002855693,0.0,0,False,0,0.0,0,False,0.55
100000004816564100,peripheral,0.5,15,0.4507,"Получил 285 тыс ₸, отдал 5 тыс ₸ (2%) — удерживает часть средств, признаков роли недостаточно",P-other,2,False,1,1,285480.0,5000.0,1,1,0.017514,1.0,0,1,0.0003763922,1.92202e-05,1,False,0,0.0,1,False,0.61
100000004820260100,transit,0.92,15,0.7237,"Транзит: получил 234 тыс ₸, отдал 215 тыс ₸ (92%); 100% суммы ушло в течение 2 дн. после поступления",T1,2,False,1,3,234200.0,215350.0,12,10,0.919513,1.0,0,1,0.0014014566,1.96165e-05,1,False,2,150850.0,2,False,0.87
100000004825069100,peripheral,0.7,1,0.23,"Разовое поступление: 30 тыс ₸ от 1 плательщика, дальше не уходило; сумма мала",P-leaf,2,False,1,0,30000.0,0.0,4,0,0.0,,0,1,0.0002957584,0.0,1,False,0,0.0,0,False,-0.31
100000004840086100,peripheral,0.4,0,0.2751,"Обрыв выгрузки на 4-м колене: получил 100 тыс ₸ от 1; исходящие не выгружены — роль «конечный» не присваиваем, нужна доп. выгрузка",P-trunc,4,False,1,0,100000.0,0.0,2,0,0.0,,0,0,0.0005391573,0.0,1,True,0,0.0,0,False,0.62
100000004841728100,peripheral,0.7,1,0.2637,"Разовое поступление: 52 тыс ₸ от 1 плательщика, дальше не уходило; сумма мала",P-leaf,1,False,1,0,52208.0,0.0,1,0,0.0,,1,1,0.0002965271,0.0,1,False,0,0.0,0,False,-0.45
100000004847758100,distributor,0.675,2,0.7384,"Веерная рассылка: 489 тыс ₸ на 15 получателей (23 переводов), плательщиков в выборке: 4",D1,1,False,4,15,115171.0,488800.0,4,23,4.244124,0.257774,1,1,0.0003047422,0.0013585891,1,False,71,993276.0,6,False,3.78
100000004848236100,peripheral,0.4,0,0.089,"Обрыв выгрузки на 4-м колене: получил 8 тыс ₸ от 1; исходящие не выгружены — роль «конечный» не присваиваем, нужна доп. выгрузка",P-trunc,4,False,1,0,7500.0,0.0,1,0,0.0,,0,0,0.0003088746,0.0,1,True,0,0.0,0,False,-0.14
100000004850609100,peripheral,0.4,0,0.1015,"Обрыв выгрузки на 4-м колене: получил 10 тыс ₸ от 1; исходящие не выгружены — роль «конечный» не присваиваем, нужна доп. выгрузка",P-trunc,4,False,1,0,10000.0,0.0,1,0,0.0,,0,0,0.0003130295,0.0,1,True,0,0.0,0,False,-0.14
100000004856746100,peripheral,0.4,34,0.1107,"Обрыв выгрузки на 4-м колене: получил 20 тыс ₸ от 1; исходящие не выгружены — роль «конечный» не присваиваем, нужна доп. выгрузка",P-trunc,4,False,1,0,20000.0,0.0,1,0,0.0,,0,0,0.0003000473,0.0,1,True,0,0.0,0,False,-0.14
100000004877085100,peripheral,0.5,13,0.254,"Получил 25 тыс ₸, отдал 96 тыс ₸ (382%) — отдаёт больше полученного: вероятны поступления извне выборки",P-other,3,False,1,3,25000.0,95600.0,1,9,3.824,0.707113,0,0,0.0002948237,5.76607e-05,1,False,0,0.0,3,True,0.61
100000004889043100,terminal,0.736,0,0.3967,"Конечный получатель: 272 тыс ₸ от 2 плательщиков, исходящих ≥5 тыс ₸ нет; колено 3 — обход здесь не обрывался",E1,3,False,2,0,272000.0,0.0,4,0,0.0,,0,0,0.0002984972,0.0,2,False,0,0.0,0,False,0.74
100000004890713100,peripheral,0.4,8,0.1518,"Обрыв выгрузки на 4-м колене: получил 40 тыс ₸ от 1; исходящие не выгружены — роль «конечный» не присваиваем, нужна доп. выгрузка",P-trunc,4,False,1,0,40485.0,0.0,1,0,0.0,,0,0,0.000300724,0.0,1,True,0,0.0,0,False,-0.01
100000004891562100,peripheral,0.4,19,0.239,"Обрыв выгрузки на 4-м колене: получил 103 тыс ₸ от 1; исходящие не выгружены — роль «конечный» не присваиваем, нужна доп. выгрузка",P-trunc,4,False,1,0,103400.0,0.0,1,0,0.0,,0,0,0.0003409038,0.0,1,True,0,0.0,0,False,0.64
100000004892144100,peripheral,0.5,23,0.3995,"Получил 4,5 млн ₸, отдал 180 тыс ₸ (4%) — удерживает часть средств, признаков роли недостаточно",P-other,3,False,2,1,4500000.0,180300.0,7,1,0.040067,0.0,0,0,0.0027832037,0.0,2,False,4,430300.0,0,False,2.64
100000004904960100,terminal,0.616,0,0.5016,"Конечный получатель: 32 тыс ₸ от 2 плательщиков, исходящих ≥5 тыс ₸ нет; колено 2 — обход здесь не обрывался",E1,2,False,2,0,32000.0,0.0,2,0,0.0,,0,1,0.0007779175,0.0,1,False,0,0.0,0,False,-0.22
100000004905207100,terminal,0.74,14,0.5821,"Конечный получатель: 380 тыс ₸ от 1 плательщиков, исходящих ≥5 тыс ₸ нет; колено 2 — обход здесь не обрывался",E1,2,False,1,0,380000.0,0.0,1,0,0.0,,0,1,0.0004347035,0.0,1,False,0,0.0,0,False,0.77
100000004906181100,peripheral,0.5,36,0.3114,"Получил 100 тыс ₸, отдал 2,5 млн ₸ (2473%) — отдаёт больше полученного: вероятны поступления извне выборки",P-other,3,False,1,7,100000.0,2473417.91,1,33,24.734179,0.642027,0,0,0.0002888102,0.0001345417,1,False,0,0.0,3,True,2.24
100000004908173100,peripheral,0.4,10,0.1434,"Обрыв выгрузки на 4-м колене: получил 21 тыс ₸ от 1; исходящие не выгружены — роль «конечный» не присваиваем, нужна доп. выгрузка",P-trunc,4,False,1,0,21000.0,0.0,1,0,0.0,,0,0,0.0003208295,0.0,1,True,0,0.0,0,False,-0.14
100000004911971100,peripheral,0.4,36,0.0995,"Обрыв выгрузки на 4-м колене: получил 35 тыс ₸ от 1; исходящие не выгружены — роль «конечный» не присваиваем, нужна доп. выгрузка",P-trunc,4,False,1,0,35000.0,0.0,3,0,0.0,,0,0,0.0002890471,0.0,1,True,0,0.0,0,False,-0.11
100000004917367100,terminal,0.66,4,0.3503,"Конечный получатель: 120 тыс ₸ от 2 плательщиков, исходящих ≥5 тыс ₸ нет; колено 3 — обход здесь не обрывался",E1,3,False,2,0,120000.0,0.0,2,0,0.0,,0,0,0.0002940276,0.0,1,False,0,0.0,0,False,0.19
100000004921657100,peripheral,0.5,2,0.183,"Получил 8 тыс ₸, отдал 22 тыс ₸ (267%) — отдаёт больше полученного: вероятны поступления извне выборки",P-other,3,False,1,1,8300.0,22190.0,1,1,2.673494,1.0,0,0,0.0003612962,0.0,1,False,0,0.0,1,False,-0.06
100000004931931100,peripheral,0.5,0,0.2025,"Получил 24 тыс ₸, отдал 45 тыс ₸ (188%) — отдаёт больше полученного: вероятны поступления извне выборки",P-other,3,False,1,1,23938.0,45000.0,1,1,1.879856,0.0,0,0,0.000291814,1.92202e-05,1,False,0,0.0,0,False,-0.06
100000004948177100,terminal,0.869,5,0.5841,"Конечный получатель: 437 тыс ₸ от 3 плательщиков, исходящих ≥5 тыс ₸ нет; колено 1 — обход здесь не обрывался",E1,1,False,3,0,437163.0,0.0,8,0,0.0,,1,1,0.0004221581,0.0,1,False,0,0.0,0,False,0.99
100000004950490100,peripheral,0.7,6,0.2222,"Разовое поступление: 10 тыс ₸ от 1 плательщика, дальше не уходило; сумма мала",P-leaf,2,False,1,0,10000.0,0.0,1,0,0.0,,0,1,0.0003306417,0.0,1,False,0,0.0,0,False,-0.31
100000004959752100,peripheral,0.7,2,0.211,"Разовое поступление: 22 тыс ₸ от 1 плательщика, дальше не уходило; сумма мала",P-leaf,3,False,1,0,22200.0,0.0,1,0,0.0,,0,0,0.0007848703,0.0,1,False,0,0.0,0,False,-0.4
100000004962193100,consolidator,0.9,0,0.7964,"Сбор средств: 900 тыс ₸ от 8 плательщиков (из них seed: 0), дальше ушло 0% полученного; до 5 плательщиков в один день",K1,2,False,8,0,900468.0,0.0,11,0,0.0,,0,1,0.000657315,0.0,5,False,0,0.0,0,False,1.29
100000004970752100,peripheral,0.7,0,0.175,"Разовое поступление: 10 тыс ₸ от 1 плательщика, дальше не уходило; сумма мала",P-leaf,3,False,1,0,10000.0,0.0,1,0,0.0,,0,0,0.0007428615,0.0,1,False,0,0.0,0,False,-0.4
100000004971871100,peripheral,0.6,59,0.3375,Seed-клиент: отправил 6 тыс ₸ на 1 получателей; признаков сбора или веера нет,P-seed,0,True,1,1,25400.0,5650.0,3,1,,1.0,0,1,0.0007430293,0.0,1,False,1,5650.0,0,False,0.14
100000004975919100,peripheral,0.5,3,0.169,"Получил 22 тыс ₸, отдал 15 тыс ₸ (67%) — удерживает часть средств, признаков роли недостаточно",P-other,3,False,1,2,22351.0,15000.0,1,2,0.671111,0.0,0,0,0.0002901168,3.84405e-05,1,False,0,0.0,0,False,0.27
100000004976946100,peripheral,0.4,40,0.2638,"Обрыв выгрузки на 4-м колене: получил 246 тыс ₸ от 1; исходящие не выгружены — роль «конечный» не присваиваем, нужна доп. выгрузка",P-trunc,4,False,1,0,246000.0,0.0,1,0,0.0,,0,0,0.0003194929,0.0,1,True,0,0.0,0,False,1.24
100000004979264100,peripheral,0.4,10,0.2062,"Обрыв выгрузки на 4-м колене: получил 40 тыс ₸ от 1; исходящие не выгружены — роль «конечный» не присваиваем, нужна доп. выгрузка",P-trunc,4,False,1,0,39800.0,0.0,1,0,0.0,,0,0,0.0004113792,0.0,1,True,0,0.0,0,False,-0.02
100000004979283100,peripheral,0.7,8,0.1509,"Разовое поступление: 40 тыс ₸ от 1 плательщика, дальше не уходило; сумма мала",P-leaf,3,False,1,0,40132.0,0.0,1,0,0.0,,0,0,0.0003005218,0.0,1,False,0,0.0,0,False,-0.4
100000004979498100,peripheral,0.5,52,0.4839,"Получил 700 тыс ₸, отдал 200 тыс ₸ (29%) — удерживает часть средств, признаков роли недостаточно",P-other,2,False,1,1,700000.0,200000.0,2,1,0.285714,1.0,0,1,0.0013189828,0.0,1,False,1,200000.0,1,False,1.29
100000004981068100,peripheral,0.4,3,0.133,"Обрыв выгрузки на 4-м колене: получил 10 тыс ₸ от 1; исходящие не выгружены — роль «конечный» не присваиваем, нужна доп. выгрузка",P-trunc,4,False,1,0,10000.0,0.0,1,0,0.0,,0,0,0.0003788472,0.0,1,True,0,0.0,0,False,-0.14
100000004984689100,peripheral,0.7,3,0.1576,"Разовое поступление: 53 тыс ₸ от 1 плательщика, дальше не уходило; сумма мала",P-leaf,3,False,1,0,53030.0,0.0,1,0,0.0,,0,0,0.0002963587,0.0,1,False,0,0.0,0,False,-0.36
100000004988240100,peripheral,0.4,0,0.1826,"Обрыв выгрузки на 4-м колене: получил 20 тыс ₸ от 1; исходящие не выгружены — роль «конечный» не присваиваем, нужна доп. выгрузка",P-trunc,4,False,1,0,20000.0,0.0,1,0,0.0,,0,0,0.0005299272,0.0,1,True,0,0.0,0,False,-0.14
100000004991593100,peripheral,0.4,3,0.1986,"Обрыв выгрузки на 4-м колене: получил 45 тыс ₸ от 1; исходящие не выгружены — роль «конечный» не присваиваем, нужна доп. выгрузка",P-trunc,4,False,1,0,45000.0,0.0,2,0,0.0,,0,0,0.0003548911,0.0,1,True,0,0.0,0,False,0.06
100000004991812100,peripheral,0.7,22,0.123,"Разовое поступление: 10 тыс ₸ от 1 плательщика, дальше не уходило; сумма мала",P-leaf,3,False,1,0,10000.0,0.0,1,0,0.0,,0,0,0.00034636,0.0,1,False,0,0.0,0,False,-0.4
100000004993576100,terminal,0.634,15,0.5263,"Конечный получатель: 167 тыс ₸ от 1 плательщиков, исходящих ≥5 тыс ₸ нет; колено 2 — обход здесь не обрывался",E1,2,False,1,0,167000.0,0.0,1,0,0.0,,0,1,0.0003386988,0.0,1,False,0,0.0,0,False,0.28
100000004997515100,peripheral,0.5,7,0.3674,"Получил 395 тыс ₸, отдал 54 тыс ₸ (14%) — удерживает часть средств, признаков роли недостаточно",P-other,3,False,4,4,395000.0,54500.0,4,4,0.137975,0.0,0,0,0.0003566159,8.95624e-05,1,False,0,0.0,0,False,1.96
100000005008589100,peripheral,0.7,0,0.1585,"Разовое поступление: 43 тыс ₸ от 1 плательщика, дальше не уходило; сумма мала",P-leaf,3,False,1,0,42806.68,0.0,1,0,0.0,,0,0,0.000303094,0.0,1,False,0,0.0,0,False,-0.4
100000005010159100,peripheral,0.4,3,0.1624,"Обрыв выгрузки на 4-м колене: получил 7 тыс ₸ от 1; исходящие не выгружены — роль «конечный» не присваиваем, нужна доп. выгрузка",P-trunc,4,False,1,0,7092.0,0.0,1,0,0.0,,0,0,0.0006143685,0.0,1,True,0,0.0,0,False,-0.14
100000005017150100,peripheral,0.9,78,0.0,Seed-клиент без переводов ≥5 тыс ₸ внутри банка за июль,P-orphan,0,True,0,0,0.0,0.0,0,0,,,0,0,0.0002855693,0.0,0,False,0,0.0,0,False,-0.39
100000005022552100,peripheral,0.5,5,0.2814,"Получил 241 тыс ₸, отдал 5 тыс ₸ (2%) — удерживает часть средств, признаков роли недостаточно",P-other,3,False,1,1,241000.0,5000.0,3,1,0.020747,0.0,0,0,0.0003577564,0.0,1,False,0,0.0,0,False,0.67
100000005022964100,peripheral,0.7,2,0.2497,"Разовое поступление: 20 тыс ₸ от 1 плательщика, дальше не уходило; сумма мала",P-leaf,2,False,1,0,20000.0,0.0,1,0,0.0,,0,1,0.0003273648,0.0,1,False,0,0.0,0,False,-0.31
100000005025629100,peripheral,0.4,4,0.091,"Обрыв выгрузки на 4-м колене: получил 5 тыс ₸ от 1; исходящие не выгружены — роль «конечный» не присваиваем, нужна доп. выгрузка",P-trunc,4,False,1,0,5227.0,0.0,1,0,0.0,,0,0,0.000314151,0.0,1,True,0,0.0,0,False,-0.14
100000005030592100,peripheral,0.7,15,0.1423,"Разовое поступление: 10 тыс ₸ от 1 плательщика, дальше не уходило; сумма мала",P-leaf,2,False,1,0,10000.0,0.0,1,0,0.0,,0,1,0.0002887507,0.0,1,False,0,0.0,0,False,-0.31
100000005031696100,peripheral,0.5,50,0.4554,"Получил 5 тыс ₸, отдал 115 тыс ₸ (2300%) — отдаёт больше полученного: вероятны поступления извне выборки",P-other,2,False,1,2,5000.0,115000.0,1,3,23.0,0.043478,0,1,0.0005397119,9.59031e-05,1,False,0,0.0,1,False,0.08
100000005032294100,peripheral,0.7,14,0.2426,"Разовое поступление: 10 тыс ₸ от 1 плательщика, дальше не уходило; сумма мала",P-leaf,2,False,1,0,10000.0,0.0,1,0,0.0,,0,1,0.0003923873,0.0,1,False,0,0.0,0,False,-0.31
100000005034574100,terminal,0.679,65,0.5658,"Конечный получатель: 259 тыс ₸ от 1 плательщиков, исходящих ≥5 тыс ₸ нет; колено 1 — обход здесь не обрывался",E1,1,False,1,0,258816.0,0.0,16,0,0.0,,1,1,0.0004250867,0.0,1,False,0,0.0,0,False,0.64
100000005037490100,peripheral,0.5,13,0.2383,"Получил 15 тыс ₸, отдал 30 тыс ₸ (200%) — отдаёт больше полученного: вероятны поступления извне выборки",P-other,3,False,1,2,15000.0,30000.0,1,3,2.0,0.466667,0,0,0.0003232012,1.94184e-05,1,False,1,14000.0,0,False,0.27
100000005041147100,peripheral,0.4,0,0.1569,"Обрыв выгрузки на 4-м колене: получил 10 тыс ₸ от 1; исходящие не выгружены — роль «конечный» не присваиваем, нужна доп. выгрузка",P-trunc,4,False,1,0,10000.0,0.0,1,0,0.0,,0,0,0.0005337623,0.0,1,True,0,0.0,0,False,-0.14
100000005041905100,peripheral,0.5,1,0.2182,"Получил 5 тыс ₸, отдал 1,1 млн ₸ (9900%) — отдаёт больше полученного: вероятны поступления извне выборки",P-other,3,False,1,1,5000.0,1080351.0,1,5,216.0702,0.0,0,0,0.0002863497,0.0,1,False,1,5000.0,0,False,1.67
100000005042822100,peripheral,0.4,31,0.3409,"Обрыв выгрузки на 4-м колене: получил 1,0 млн ₸ от 1; исходящие не выгружены — роль «конечный» не присваиваем, нужна доп. выгрузка",P-trunc,4,False,1,0,1000000.0,0.0,1,0,0.0,,0,0,0.0004526117,0.0,1,True,0,0.0,0,False,2.22
100000005048668100,peripheral,0.5,3,0.2446,"Получил 17 тыс ₸, отдал 159 тыс ₸ (956%) — отдаёт больше полученного: вероятны поступления извне выборки",P-other,3,False,2,8,16668.0,159400.0,2,11,9.563235,0.300502,0,0,0.0002885481,0.000654287,1,False,45,356412.0,3,False,2.63
100000005049404100,peripheral,0.4,4,0.2153,"Обрыв выгрузки на 4-м колене: получил 98 тыс ₸ от 1; исходящие не выгружены — роль «конечный» не присваиваем, нужна доп. выгрузка",P-trunc,4,False,1,0,98000.0,0.0,2,0,0.0,,0,0,0.0003126369,0.0,1,True,0,0.0,0,False,0.61
100000005052998100,peripheral,0.5,0,0.132,"Получил 10 тыс ₸, отдал 28 тыс ₸ (299%) — отдаёт больше полученного: вероятны поступления извне выборки",P-other,3,False,1,1,9500.0,28400.0,1,1,2.989474,0.0,0,0,0.0002861043,4.3334e-06,1,False,13,119000.0,0,False,-0.06
100000005053653100,peripheral,0.5,13,0.3682,"Получил 63 тыс ₸, отдал 25 тыс ₸ (40%) — удерживает часть средств, признаков роли недостаточно",P-other,2,False,2,1,63073.0,25000.0,2,1,0.396366,0.0,0,1,0.0003136009,1.92202e-05,1,False,0,0.0,0,False,-0.1
100000005055454100,peripheral,0.7,29,0.1419,"Разовое поступление: 6 тыс ₸ от 1 плательщика, дальше не уходило; сумма мала",P-leaf,3,False,1,0,6500.0,0.0,1,0,0.0,,0,0,0.000505981,0.0,1,False,0,0.0,0,False,-0.4
100000005056870100,peripheral,0.7,45,0.224,"Разовое поступление: 20 тыс ₸ от 1 плательщика, дальше не уходило; сумма мала",P-leaf,1,False,1,0,20000.0,0.0,1,0,0.0,,1,1,0.0003031866,0.0,1,False,0,0.0,0,False,-0.48
100000005059998100,peripheral,0.7,0,0.2016,"Разовое поступление: 18 тыс ₸ от 1 плательщика, дальше не уходило; сумма мала",P-leaf,2,False,1,0,18000.0,0.0,1,0,0.0,,0,1,0.0002959173,0.0,1,False,0,0.0,0,False,-0.31
100000005061890100,peripheral,0.7,2,0.2667,"Разовое поступление: 90 тыс ₸ от 1 плательщика, дальше не уходило; сумма мала",P-leaf,3,False,1,0,90000.0,0.0,1,0,0.0,,0,0,0.0005346252,0.0,1,False,0,0.0,0,False,-0.0
100000005074393100,peripheral,0.5,13,0.603,"Получил 563 тыс ₸, отдал 686 тыс ₸ (122%) — удерживает часть средств, признаков роли недостаточно",P-other,1,False,4,6,563026.0,685500.0,5,10,1.217528,0.066375,1,2,0.0010600834,0.0002169708,1,False,3,20000.0,3,False,1.71
100000005075949100,peripheral,0.4,46,0.3826,"Обрыв выгрузки на 4-м колене: получил 2,2 млн ₸ от 1; исходящие не выгружены — роль «конечный» не присваиваем, нужна доп. выгрузка",P-trunc,4,False,1,0,2226000.0,0.0,7,0,0.0,,0,0,0.0007679114,0.0,1,True,0,0.0,0,False,2.77
100000005077484100,peripheral,0.5,29,0.4465,"Получил 150 тыс ₸, отдал 14 тыс ₸ (9%) — удерживает часть средств, признаков роли недостаточно",P-other,2,False,1,2,150000.0,13550.0,1,2,0.090333,0.520295,0,1,0.0005397109,3.963e-07,1,False,1,7050.0,0,False,0.27
100000005079473100,peripheral,0.4,3,0.1794,"Обрыв выгрузки на 4-м колене: получил 39 тыс ₸ от 1; исходящие не выгружены — роль «конечный» не присваиваем, нужна доп. выгрузка",P-trunc,4,False,1,0,39312.0,0.0,1,0,0.0,,0,0,0.0003260059,0.0,1,True,0,0.0,0,False,-0.03
100000005079754100,peripheral,0.5,2,0.4432,"Получил 70 тыс ₸, отдал 122 тыс ₸ (174%) — отдаёт больше полученного: вероятны поступления извне выборки",P-other,1,False,1,2,70000.0,122000.0,1,2,1.742857,0.163934,1,2,0.0002995858,9.51105e-05,1,False,0,0.0,1,False,0.43
100000005082652100,peripheral,0.7,6,0.1923,"Разовое поступление: 30 тыс ₸ от 1 плательщика, дальше не уходило; сумма мала",P-leaf,3,False,1,0,30000.0,0.0,1,0,0.0,,0,0,0.0004080037,0.0,1,False,0,0.0,0,False,-0.4
100000005087431100,peripheral,0.9,79,0.0,Seed-клиент без переводов ≥5 тыс ₸ внутри банка за июль,P-orphan,0,True,0,0,0.0,0.0,0,0,,,0,0,0.0002855693,0.0,0,False,0,0.0,0,False,-0.39
100000005087923100,peripheral,0.4,27,0.1744,"Обрыв выгрузки на 4-м колене: получил 20 тыс ₸ от 1; исходящие не выгружены — роль «конечный» не присваиваем, нужна доп. выгрузка",P-trunc,4,False,1,0,20000.0,0.0,1,0,0.0,,0,0,0.0004605792,0.0,1,True,0,0.0,0,False,-0.14
100000005089460100,peripheral,0.7,1,0.0335,"Разовое поступление: 12 тыс ₸ от 1 плательщика, дальше не уходило; сумма мала",P-leaf,3,False,1,0,12300.0,0.0,1,0,0.0,,0,0,0.0002874891,0.0,1,False,0,0.0,0,False,-0.4
100000005092518100,peripheral,0.7,1,0.2024,"Разовое поступление: 26 тыс ₸ от 1 плательщика, дальше не уходило; сумма мала",P-leaf,1,False,1,0,26144.0,0.0,1,0,0.0,,1,1,0.0002910566,0.0,1,False,0,0.0,0,False,-0.48
100000005093521100,peripheral,0.7,2,0.2039,"Разовое поступление: 15 тыс ₸ от 1 плательщика, дальше не уходило; сумма мала",P-leaf,1,False,1,0,15200.0,0.0,1,0,0.0,,1,2,0.0002886129,0.0,1,False,0,0.0,0,False,-0.48
100000005100475100,peripheral,0.7,6,0.1865,"Разовое поступление: 40 тыс ₸ от 1 плательщика, дальше не уходило; сумма мала",P-leaf,3,False,1,0,40000.0,0.0,1,0,0.0,,0,0,0.0003377497,0.0,1,False,0,0.0,0,False,-0.4
100000005105153100,peripheral,0.7,0,0.2977,"Разовое поступление: 30 тыс ₸ от 1 плательщика, дальше не уходило; сумма мала",P-leaf,2,False,1,0,30000.0,0.0,1,0,0.0,,0,1,0.000401017,0.0,1,False,0,0.0,0,False,-0.31
100000005124479100,peripheral,0.5,0,0.4401,"Получил 138 тыс ₸, отдал 22 тыс ₸ (16%) — удерживает часть средств, признаков роли недостаточно",P-other,1,False,2,2,137753.0,22000.0,2,2,0.159706,0.0,1,2,0.0003032301,4.75552e-05,1,False,0,0.0,0,False,0.31
100000005127767100,peripheral,0.7,38,0.133,"Разовое поступление: 7 тыс ₸ от 1 плательщика, дальше не уходило; сумма мала",P-leaf,3,False,1,0,7000.0,0.0,1,0,0.0,,0,0,0.0004225317,0.0,1,False,0,0.0,0,False,-0.4
100000005133757100,terminal,0.632,3,0.4903,"Конечный получатель: 65 тыс ₸ от 2 плательщиков, исходящих ≥5 тыс ₸ нет; колено 1 — обход здесь не обрывался",E1,1,False,2,0,65000.0,0.0,2,0,0.0,,1,2,0.0002994107,0.0,1,False,0,0.0,0,False,-0.24
100000005140601100,peripheral,0.5,3,0.5037,"Получил 53 тыс ₸, отдал 195 тыс ₸ (371%) — отдаёт больше полученного: вероятны поступления извне выборки",P-other,2,False,3,2,52685.0,195300.0,4,5,3.706937,0.974398,0,1,0.0027057315,1.96165e-05,2,False,2,26000.0,3,False,0.52
100000005142492100,peripheral,0.5,6,0.2821,"Получил 10 тыс ₸, отдал 57 тыс ₸ (570%) — отдаёт больше полученного: вероятны поступления извне выборки",P-other,3,False,1,1,10000.0,57000.0,1,1,5.7,1.0,0,0,0.0019077901,0.0,1,False,1,10000.0,0,False,-0.06
100000005142589100,peripheral,0.7,0,0.2853,"Разовое поступление: 50 тыс ₸ от 1 плательщика, дальше не уходило; сумма мала",P-leaf,2,False,1,0,50000.0,0.0,2,0,0.0,,0,1,0.0003103698,0.0,1,False,0,0.0,0,False,-0.31
100000005146665100,peripheral,0.4,57,0.0099,"Обрыв выгрузки на 4-м колене: получил 6 тыс ₸ от 1; исходящие не выгружены — роль «конечный» не присваиваем, нужна доп. выгрузка",P-trunc,4,False,1,0,5500.0,0.0,1,0,0.0,,0,0,0.0002864538,0.0,1,True,0,0.0,0,False,-0.14
100000005168487100,peripheral,0.5,9,0.4157,"Получил 15 тыс ₸, отдал 104 тыс ₸ (690%) — отдаёт больше полученного: вероятны поступления извне выборки",P-other,2,False,1,1,15000.0,103510.0,1,14,6.900667,0.173993,0,1,0.0018125473,0.0,1,False,1,15000.0,0,True,0.07
100000005171642100,transit,0.962,27,0.6344,"Транзит: получил 697 тыс ₸, отдал 684 тыс ₸ (98%); 96% суммы ушло в течение 2 дн. после поступления",T1,3,False,2,1,696800.0,683600.0,5,4,0.981056,0.962551,0,0,0.0027671822,3.963e-07,1,False,2,689800.0,1,False,1.83
100000005172860100,peripheral,0.7,0,0.07,"Разовое поступление: 15 тыс ₸ от 1 плательщика, дальше не уходило; сумма мала",P-leaf,3,False,1,0,15209.2,0.0,1,0,0.0,,0,0,0.0002917958,0.0,1,False,0,0.0,0,False,-0.4
100000005175148100,peripheral,0.5,15,0.3923,"Получил 79 тыс ₸, отдал 15 тыс ₸ (19%) — удерживает часть средств, признаков роли недостаточно",P-other,2,False,2,1,79000.0,15000.0,4,1,0.189873,1.0,0,1,0.000718146,0.0,1,False,2,20000.0,1,False,-0.07
100000005182219100,terminal,0.627,4,0.3751,"Конечный получатель: 55 тыс ₸ от 2 плательщиков, исходящих ≥5 тыс ₸ нет; колено 3 — обход здесь не обрывался",E1,3,False,2,0,55000.0,0.0,2,0,0.0,,0,0,0.0003541295,0.0,1,False,0,0.0,0,False,-0.06
100000005183943100,terminal,0.89,43,0.6264,"Конечный получатель: 681 тыс ₸ от 1 плательщиков, исходящих ≥5 тыс ₸ нет; колено 1 — обход здесь не обрывался",E1,1,False,1,0,680900.0,0.0,9,0,0.0,,1,1,0.0006108394,0.0,1,False,0,0.0,0,False,1.3
100000005186109100,peripheral,0.7,15,0.1543,"Разовое поступление: 5 тыс ₸ от 1 плательщика, дальше не уходило; сумма мала",P-leaf,3,False,1,0,5000.0,0.0,1,0,0.0,,0,0,0.0006059178,0.0,1,False,0,0.0,0,False,-0.4
100000005186131100,transit,1.0,0,0.302,"Транзит: получил 10 тыс ₸, отдал 10 тыс ₸ (100%); 100% суммы ушло в течение 2 дн. после поступления",T1,3,False,1,1,10000.0,10000.0,1,1,1.0,1.0,0,0,0.0002861325,1.92202e-05,1,False,0,0.0,1,False,-0.06
100000005187208100,peripheral,0.7,4,0.1113,"Разовое поступление: 14 тыс ₸ от 1 плательщика, дальше не уходило; сумма мала",P-leaf,3,False,1,0,14160.0,0.0,1,0,0.0,,0,0,0.0003119708,0.0,1,False,0,0.0,0,False,-0.4
100000005189258100,peripheral,0.4,4,0.1863,"Обрыв выгрузки на 4-м колене: получил 50 тыс ₸ от 1; исходящие не выгружены — роль «конечный» не присваиваем, нужна доп. выгрузка",P-trunc,4,False,1,0,50000.0,0.0,1,0,0.0,,0,0,0.0003159764,0.0,1,True,0,0.0,0,False,0.14
100000005198498100,peripheral,0.7,1,0.0955,"Разовое поступление: 29 тыс ₸ от 1 плательщика, дальше не уходило; сумма мала",P-leaf,3,False,1,0,28800.0,0.0,1,0,0.0,,0,0,0.0002900643,0.0,1,False,0,0.0,0,False,-0.4
100000005198906100,peripheral,0.5,4,0.2712,"Получил 228 тыс ₸, отдал 60 тыс ₸ (26%) — удерживает часть средств, признаков роли недостаточно",P-other,3,False,1,1,227970.0,60000.0,1,1,0.263193,0.0,0,0,0.0002929576,1.92202e-05,1,False,0,0.0,0,False,0.78
100000005203590100,peripheral,0.7,6,0.3031,"Разовое поступление: 90 тыс ₸ от 1 плательщика, дальше не уходило; сумма мала",P-leaf,2,False,1,0,90000.0,0.0,1,0,0.0,,0,1,0.0003026271,0.0,1,False,0,0.0,0,False,-0.09
100000005205745100,peripheral,0.7,6,0.197,"Разовое поступление: 6 тыс ₸ от 1 плательщика, дальше не уходило; сумма мала",P-leaf,2,False,1,0,6000.0,0.0,1,0,0.0,,0,1,0.0003122614,0.0,1,False,0,0.0,0,False,-0.31
100000005209352100,peripheral,0.4,0,0.1258,"Обрыв выгрузки на 4-м колене: получил 5 тыс ₸ от 1; исходящие не выгружены — роль «конечный» не присваиваем, нужна доп. выгрузка",P-trunc,4,False,1,0,5000.0,0.0,1,0,0.0,,0,0,0.000420282,0.0,1,True,0,0.0,0,False,-0.14
100000005222360100,peripheral,0.5,14,0.298,"Получил 5 тыс ₸, отдал 27 тыс ₸ (540%) — отдаёт больше полученного: вероятны поступления извне выборки",P-other,3,False,1,1,5000.0,27000.0,1,1,5.4,0.0,0,0,0.0006008606,0.0019087127,1,False,0,0.0,0,False,-0.06
100000005226217100,peripheral,0.4,7,0.1557,"Обрыв выгрузки на 4-м колене: получил 18 тыс ₸ от 1; исходящие не выгружены — роль «конечный» не присваиваем, нужна доп. выгрузка",P-trunc,4,False,1,0,17500.0,0.0,1,0,0.0,,0,0,0.0003830225,0.0,1,True,0,0.0,0,False,-0.14
100000005228059100,peripheral,0.7,1,0.2016,"Разовое поступление: 26 тыс ₸ от 1 плательщика, дальше не уходило; сумма мала",P-leaf,1,False,1,0,26000.0,0.0,1,0,0.0,,1,1,0.0002910264,0.0,1,False,0,0.0,0,False,-0.48
100000005233755100,peripheral,0.5,16,0.1582,"Получил 25 тыс ₸, отдал 5 тыс ₸ (20%) — удерживает часть средств, признаков роли недостаточно",P-other,3,False,1,1,25000.0,5000.0,1,1,0.2,1.0,0,0,0.0002916077,1.92202e-05,1,False,0,0.0,1,False,-0.06
100000005235389100,peripheral,0.9,80,0.0,Seed-клиент без переводов ≥5 тыс ₸ внутри банка за июль,P-orphan,0,True,0,0,0.0,0.0,0,0,,,0,0,0.0002855693,0.0,0,False,0,0.0,0,False,-0.39
100000005237935150,peripheral,0.7,12,0.2428,"Разовое поступление: 35 тыс ₸ от 1 плательщика, дальше не уходило; сумма мала",P-leaf,2,False,1,0,34508.0,0.0,1,0,0.0,,0,1,0.0002979773,0.0,1,False,0,0.0,0,False,-0.31
100000005241556100,peripheral,0.7,17,0.2781,"Разовое поступление: 100 тыс ₸ от 1 плательщика, дальше не уходило; сумма мала",P-leaf,3,False,1,0,100000.0,0.0,1,0,0.0,,0,0,0.0005490719,0.0,1,False,0,0.0,0,False,0.07
100000005242320100,distributor,0.725,12,0.8105,"Веерная рассылка: 8,9 млн ₸ на 21 получателей (29 переводов), плательщиков в выборке: 2",D1,2,False,2,21,365700.0,8936295.0,2,29,24.436136,0.192702,0,1,0.0005001241,2.9722e-05,1,False,0,0.0,7,False,2.69
100000005264874100,peripheral,0.5,37,0.3058,"Получил 30 тыс ₸, отдал 78 тыс ₸ (260%) — отдаёт больше полученного: вероятны поступления извне выборки",P-other,3,False,1,2,30000.0,78000.0,1,3,2.6,0.0,0,0,0.0004282927,7.926e-07,1,False,1,13000.0,0,False,0.27
100000005264990100,peripheral,0.6,20,0.3215,Seed-клиент: отправил 122 тыс ₸ на 2 получателей; признаков сбора или веера нет,P-seed,0,True,1,2,17070.0,122000.0,1,2,,0.0,0,0,0.0003639962,7.76538e-05,1,False,0,0.0,0,False,0.41
100000005265073100,peripheral,0.5,20,0.1451,"Получил 5 тыс ₸, отдал 9 тыс ₸ (180%) — отдаёт больше полученного: вероятны поступления извне выборки",P-other,3,False,1,1,5000.0,9000.0,1,1,1.8,0.0,0,0,0.0002991259,2.10036e-05,1,False,0,0.0,0,False,-0.06
100000005268319100,peripheral,0.5,0,0.2443,"Получил 20 тыс ₸, отдал 91 тыс ₸ (462%) — отдаёт больше полученного: вероятны поступления извне выборки",P-other,3,False,1,5,19712.8,91000.0,2,10,4.61629,0.263736,0,0,0.0002936396,4.04739e-05,1,False,1,19712.8,0,True,1.28
100000005272139100,peripheral,0.4,5,0.3128,"Обрыв выгрузки на 4-м колене: получил 165 тыс ₸ от 1; исходящие не выгружены — роль «конечный» не присваиваем, нужна доп. выгрузка",P-trunc,4,False,1,0,165000.0,0.0,1,0,0.0,,0,0,0.0007555291,0.0,1,True,0,0.0,0,False,0.97
100000005287097100,peripheral,0.5,5,0.5053,"Получил 127 тыс ₸, отдал 697 тыс ₸ (548%) — отдаёт больше полученного: вероятны поступления извне выборки",P-other,1,False,2,9,127173.0,697300.0,5,42,5.483082,0.244228,1,2,0.0003027074,0.0007832208,1,False,10,201101.0,4,True,1.89
100000005293969100,peripheral,0.4,0,0.1424,"Обрыв выгрузки на 4-м колене: получил 5 тыс ₸ от 1; исходящие не выгружены — роль «конечный» не присваиваем, нужна доп. выгрузка",P-trunc,4,False,1,0,5466.97,0.0,1,0,0.0,,0,0,0.0005304902,0.0,1,True,0,0.0,0,False,-0.14
100000005308954100,peripheral,0.5,5,0.2968,"Получил 69 тыс ₸, отдал 30 тыс ₸ (43%) — удерживает часть средств, признаков роли недостаточно",P-other,3,False,1,1,69020.0,30000.0,1,1,0.434657,0.0,0,0,0.0003594505,1.98147e-05,1,False,0,0.0,0,False,0.06
100000005314565100,terminal,0.659,0,0.4431,"Конечный получатель: 218 тыс ₸ от 1 плательщиков, исходящих ≥5 тыс ₸ нет; колено 3 — обход здесь не обрывался",E1,3,False,1,0,218500.0,0.0,3,0,0.0,,0,0,0.0003750215,0.0,1,False,0,0.0,0,False,0.59
100000005316708100,peripheral,0.5,6,0.3941,"Получил 90 тыс ₸, отдал 258 тыс ₸ (286%) — отдаёт больше полученного: вероятны поступления извне выборки",P-other,1,False,1,2,90000.0,257500.0,1,4,2.861111,0.0,1,1,0.0002976906,1.1889e-06,1,False,0,0.0,0,False,0.84
100000005317181100,peripheral,0.5,0,0.2977,"Получил 141 тыс ₸, отдал 14 тыс ₸ (10%) — удерживает часть средств, признаков роли недостаточно",P-other,3,False,1,1,141250.0,14500.0,1,1,0.102655,0.0,0,0,0.0003224174,1.92202e-05,1,False,0,0.0,0,False,0.37
100000005326681100,peripheral,0.7,15,0.2322,"Разовое поступление: 31 тыс ₸ от 1 плательщика, дальше не уходило; сумма мала",P-leaf,2,False,1,0,31228.0,0.0,1,0,0.0,,0,1,0.0002955042,0.0,1,False,0,0.0,0,False,-0.31
100000005328215100,peripheral,0.7,9,0.2309,"Разовое поступление: 27 тыс ₸ от 1 плательщика, дальше не уходило; сумма мала",P-leaf,2,False,1,0,27000.0,0.0,1,0,0.0,,0,1,0.0002984336,0.0,1,False,0,0.0,0,False,-0.31
100000005339662100,transit,0.429,15,0.7896,"Транзит: получил 203 тыс ₸, отдал 295 тыс ₸ (145%); 77% суммы ушло в течение 2 дн. после поступления",T2,1,False,4,4,202939.0,295160.0,9,15,1.454427,0.766906,1,2,0.0016567441,0.0001396247,2,False,3,155850.0,8,False,1.18
100000005342513100,peripheral,0.5,1,0.3382,"Получил 235 тыс ₸, отдал 30 тыс ₸ (13%) — удерживает часть средств, признаков роли недостаточно",P-other,3,False,1,1,235000.0,30000.0,2,1,0.12766,1.0,0,0,0.0010816513,0.0,1,False,1,30000.0,0,False,0.72
100000005357034100,peripheral,0.7,0,0.016,"Разовое поступление: 10 тыс ₸ от 1 плательщика, дальше не уходило; сумма мала",P-leaf,3,False,1,0,9754.0,0.0,1,0,0.0,,0,0,0.0002861186,0.0,1,False,0,0.0,0,False,-0.4
100000005357705100,peripheral,0.5,3,0.311,"Получил 53 тыс ₸, отдал 387 тыс ₸ (736%) — отдаёт больше полученного: вероятны поступления извне выборки",P-other,3,False,1,4,52595.0,387080.0,1,5,7.359635,0.272463,0,0,0.0002962702,7.6881e-05,1,False,0,0.0,1,False,1.06
100000005360814100,peripheral,0.4,3,0.2726,"Обрыв выгрузки на 4-м колене: получил 144 тыс ₸ от 1; исходящие не выгружены — роль «конечный» не присваиваем, нужна доп. выгрузка",P-trunc,4,False,1,0,144000.0,0.0,3,0,0.0,,0,0,0.0004336887,0.0,1,True,0,0.0,0,False,0.87
100000005362848100,peripheral,0.7,8,0.1227,"Разовое поступление: 29 тыс ₸ от 1 плательщика, дальше не уходило; сумма мала",P-leaf,3,False,1,0,29000.0,0.0,1,0,0.0,,0,0,0.0002963742,0.0,1,False,0,0.0,0,False,-0.4
100000005363908100,transit,1.0,48,0.4942,"Транзит: получил 20 тыс ₸, отдал 20 тыс ₸ (100%); 100% суммы ушло в течение 2 дн. после поступления",T1,1,False,1,1,19500.0,19500.0,1,1,1.0,1.0,1,1,0.0003385171,0.0,1,False,0,0.0,1,False,-0.24
100000005367180100,peripheral,0.4,3,0.1693,"Обрыв выгрузки на 4-м колене: получил 8 тыс ₸ от 1; исходящие не выгружены — роль «конечный» не присваиваем, нужна доп. выгрузка",P-trunc,4,False,1,0,7700.0,0.0,1,0,0.0,,0,0,0.0007828047,0.0,1,True,0,0.0,0,False,-0.14
100000005367284100,peripheral,0.5,0,0.1906,"Получил 14 тыс ₸, отдал 48 тыс ₸ (353%) — отдаёт больше полученного: вероятны поступления извне выборки",P-other,3,False,1,2,13700.0,48300.0,1,5,3.525547,0.283644,0,0,0.0002891432,3.84405e-05,1,False,0,0.0,1,False,0.27
100000005367445100,transit,1.0,10,0.388,"Транзит: получил 5 тыс ₸, отдал 5 тыс ₸ (100%); 100% суммы ушло в течение 2 дн. после поступления",T1,3,False,1,1,5000.0,5000.0,1,1,1.0,1.0,0,0,0.0018429965,0.0,1,False,1,5000.0,0,False,-0.06
100000005370558100,peripheral,0.4,0,0.0645,"Обрыв выгрузки на 4-м колене: получил 5 тыс ₸ от 1; исходящие не выгружены — роль «конечный» не присваиваем, нужна доп. выгрузка",P-trunc,4,False,1,0,5000.0,0.0,1,0,0.0,,0,0,0.0002992994,0.0,1,True,0,0.0,0,False,-0.14
100000005370580100,peripheral,0.6,13,0.1628,Seed-клиент: отправил 0 ₸ на 0 получателей; признаков сбора или веера нет,P-seed,0,True,1,0,24075.0,0.0,1,0,,,0,0,0.0003459685,0.0,1,False,0,0.0,0,False,0.09
100000005375968100,peripheral,0.5,0,0.2834,"Получил 170 тыс ₸, отдал 86 тыс ₸ (51%) — удерживает часть средств, признаков роли недостаточно",P-other,3,False,1,2,170082.0,86000.0,1,4,0.505638,0.348837,0,0,0.0002951483,3.84405e-05,1,False,0,0.0,1,False,0.7
100000005382566100,consolidator,1.0,20,0.9128,Сбор средств: 393 тыс ₸ от 7 плательщиков (из них seed: 6); до 2 плательщиков в один день,K1,0,True,7,1,393066.0,50000.0,11,1,,1.0,6,7,0.0021132621,4.63664e-05,2,False,1,50000.0,1,False,0.62
100000005386383100,peripheral,0.6,20,0.306,Seed-клиент: отправил 29 тыс ₸ на 1 получателей; признаков сбора или веера нет,P-seed,0,True,2,1,37500.0,29000.0,2,1,,0.0,0,0,0.0005243333,2.85232e-05,2,False,0,0.0,0,False,0.28
100000005392290100,peripheral,0.6,69,0.1204,Seed-клиент: отправил 81 тыс ₸ на 1 получателей; признаков сбора или веера нет,P-seed,0,True,0,1,0.0,81465.0,0,1,,,0,0,0.0002855693,0.0,0,False,0,0.0,0,False,0.31
100000005394708100,peripheral,0.5,20,0.3819,"Получил 26 тыс ₸, отдал 65 тыс ₸ (250%) — отдаёт больше полученного: вероятны поступления извне выборки",P-other,1,False,1,1,26000.0,65000.0,1,1,2.5,1.0,1,1,0.0003451772,1.981e-07,1,False,0,0.0,1,False,-0.07
100000005395727100,peripheral,0.6,15,0.1512,Seed-клиент: отправил 0 ₸ на 0 получателей; признаков сбора или веера нет,P-seed,0,True,1,0,17000.0,0.0,1,0,,,0,0,0.0003712067,0.0,1,False,0,0.0,0,False,0.03
100000005402643100,peripheral,0.5,7,0.3744,"Получил 128 тыс ₸, отдал 90 тыс ₸ (70%) — удерживает часть средств, признаков роли недостаточно",P-other,2,False,1,1,127800.0,90000.0,1,1,0.704225,0.0,0,1,0.0002975952,3.963e-07,1,False,0,0.0,0,False,0.44
100000005409156100,terminal,0.73,4,0.4593,"Конечный получатель: 260 тыс ₸ от 2 плательщиков, исходящих ≥5 тыс ₸ нет; колено 3 — обход здесь не обрывался",E1,3,False,2,0,260080.0,0.0,2,0,0.0,,0,0,0.000423931,0.0,1,False,0,0.0,0,False,0.71
100000005409680100,terminal,0.628,18,0.4209,"Конечный получатель: 55 тыс ₸ от 2 плательщиков, исходящих ≥5 тыс ₸ нет; колено 0 — обход здесь не обрывался",E1,0,True,2,0,55060.0,0.0,2,0,,,0,0,0.0006335288,0.0,1,False,0,0.0,0,False,0.24
100000005413948100,peripheral,0.5,10,0.408,"Получил 28 тыс ₸, отдал 5 тыс ₸ (18%) — удерживает часть средств, признаков роли недостаточно",P-other,2,False,2,1,28215.0,5000.0,2,1,0.177211,0.0,0,1,0.0018520392,2.17962e-05,1,False,1,5000.0,0,False,-0.12
100000005417257100,peripheral,0.6,20,0.1362,Seed-клиент: отправил 106 тыс ₸ на 2 получателей; признаков сбора или веера нет,P-seed,0,True,0,2,0.0,106000.0,0,2,,,0,0,0.0002855693,0.0,0,False,0,0.0,0,False,0.36
100000005432267100,terminal,0.775,2,0.6047,"Конечный получатель: 350 тыс ₸ от 2 плательщиков, исходящих ≥5 тыс ₸ нет; колено 1 — обход здесь не обрывался",E1,1,False,2,0,350001.0,0.0,2,0,0.0,,1,2,0.0003423335,0.0,2,False,0,0.0,0,False,0.84
100000005454368100,terminal,0.624,13,0.3763,"Конечный получатель: 49 тыс ₸ от 2 плательщиков, исходящих ≥5 тыс ₸ нет; колено 0 — обход здесь не обрывался",E1,0,True,2,0,48600.0,0.0,2,0,,,0,0,0.000394193,0.0,1,False,0,0.0,0,False,0.22
100000005456919100,peripheral,0.5,42,0.4698,"Получил 480 тыс ₸, отдал 5 тыс ₸ (1%) — удерживает часть средств, признаков роли недостаточно",P-other,1,False,2,1,479950.0,5000.0,10,1,0.010418,1.0,1,1,0.0013700275,0.0,2,False,4,20000.0,1,False,1.06
100000005473151100,peripheral,0.5,8,0.5227,"Получил 1,2 млн ₸, отдал 225 тыс ₸ (18%) — удерживает часть средств, признаков роли недостаточно",P-other,1,False,3,4,1220000.0,225000.0,4,6,0.184426,0.911111,1,1,0.0004682674,0.0002415976,2,False,1,30000.0,2,False,1.81
100000005474472100,peripheral,0.7,23,0.3831,"Разовое поступление: 100 тыс ₸ от 1 плательщика, дальше не уходило; сумма мала",P-leaf,2,False,1,0,100000.0,0.0,1,0,0.0,,0,1,0.000544954,0.0,1,False,0,0.0,0,False,-0.03
100000005475379100,peripheral,0.5,9,0.3467,"Получил 108 тыс ₸, отдал 81 тыс ₸ (75%) — удерживает часть средств, признаков роли недостаточно",P-other,3,False,1,3,108370.0,81000.0,1,3,0.747439,0.0,0,0,0.0004216388,6.53885e-05,1,False,0,0.0,0,False,0.61
100000005480435100,peripheral,0.9,81,0.0,Seed-клиент без переводов ≥5 тыс ₸ внутри банка за июль,P-orphan,0,True,0,0,0.0,0.0,0,0,,,0,0,0.0002855693,0.0,0,False,0,0.0,0,False,-0.39
100000005481280100,peripheral,0.5,15,0.3428,"Получил 33 тыс ₸, отдал 50 тыс ₸ (153%) — отдаёт больше полученного: вероятны поступления извне выборки",P-other,2,False,1,3,32700.0,50000.0,1,3,1.529052,0.34,0,1,0.0002959725,4.36601e-05,1,False,0,0.0,1,False,-0.03
100000005485830100,peripheral,0.6,45,0.1755,Seed-клиент: отправил 276 тыс ₸ на 5 получателей; признаков сбора или веера нет,P-seed,0,True,0,5,0.0,275885.0,0,9,,,0,0,0.0002855693,0.0,0,False,0,0.0,0,False,0.53
100000005493505100,terminal,0.681,2,0.5789,"Конечный получатель: 62 тыс ₸ от 3 плательщиков, исходящих ≥5 тыс ₸ нет; колено 0 — обход здесь не обрывался",E1,0,True,3,0,62020.0,0.0,3,0,,,1,2,0.0006174201,0.0,1,False,0,0.0,0,False,0.26
100000005495211100,peripheral,0.4,0,0.1766,"Обрыв выгрузки на 4-м колене: получил 14 тыс ₸ от 1; исходящие не выгружены — роль «конечный» не присваиваем, нужна доп. выгрузка",P-trunc,4,False,1,0,14500.0,0.0,1,0,0.0,,0,0,0.0005599645,0.0,1,True,0,0.0,0,False,-0.14
100000005495722100,peripheral,0.9,82,0.0,Seed-клиент без переводов ≥5 тыс ₸ внутри банка за июль,P-orphan,0,True,0,0,0.0,0.0,0,0,,,0,0,0.0002855693,0.0,0,False,0,0.0,0,False,-0.39
100000005496254100,peripheral,0.7,0,0.1432,"Разовое поступление: 13 тыс ₸ от 1 плательщика, дальше не уходило; сумма мала",P-leaf,1,False,1,0,12700.0,0.0,1,0,0.0,,1,1,0.0002879525,0.0,1,False,0,0.0,0,False,-0.48
100000005497148100,peripheral,0.4,4,0.1881,"Обрыв выгрузки на 4-м колене: получил 24 тыс ₸ от 1; исходящие не выгружены — роль «конечный» не присваиваем, нужна доп. выгрузка",P-trunc,4,False,1,0,24000.0,0.0,2,0,0.0,,0,0,0.0004900139,0.0,1,True,0,0.0,0,False,-0.14
100000005498992100,distributor,0.683,7,0.5076,"Веерная рассылка: 2,3 млн ₸ на 16 получателей (19 переводов), плательщиков в выборке: 0; seed-клиент",D1,0,True,0,16,0.0,2262868.0,0,19,,,0,0,0.0002855693,0.0,0,False,0,0.0,0,False,0.91
100000005505655100,transit,0.605,25,0.5746,"Транзит: получил 33 тыс ₸, отдал 20 тыс ₸ (60%); 100% суммы ушло в течение 2 дн. после поступления",T2,1,False,2,1,33070.0,20000.0,2,1,0.604778,1.0,1,1,0.000321508,0.0002690834,1,False,1,20000.0,1,False,-0.01
100000005507142100,peripheral,0.5,37,0.4527,"Получил 51 тыс ₸, отдал 100 тыс ₸ (196%) — отдаёт больше полученного: вероятны поступления извне выборки",P-other,2,False,3,3,51000.0,100000.0,3,4,1.960784,0.0,0,1,0.0005589501,4.5574e-06,1,False,2,28000.0,0,False,0.22
100000005514161100,peripheral,0.5,6,0.5787,"Получил 402 тыс ₸, отдал 50 тыс ₸ (12%) — удерживает часть средств, признаков роли недостаточно",P-other,1,False,4,1,401500.0,50000.0,7,1,0.124533,0.0,1,4,0.0008061424,4.0422e-05,2,False,0,0.0,0,False,1.02
100000005519347100,peripheral,0.6,5,0.5128,Seed-клиент: отправил 99 тыс ₸ на 1 получателей; признаков сбора или веера нет,P-seed,0,True,2,1,73100.0,99000.0,2,1,,0.0,1,3,0.00055672,1.5191e-06,1,False,0,0.0,0,False,0.45
100000005519998100,transit,0.632,34,0.7128,"Транзит: получил 182 тыс ₸, отдал 188 тыс ₸ (103%); 33% суммы ушло в течение 2 дн. после поступления",T1,2,False,3,3,182000.0,188000.0,5,8,1.032967,0.329787,0,1,0.0006524583,5.98403e-05,1,False,8,245000.0,1,False,0.76
100000005523088100,terminal,0.9,20,0.6905,"Конечный получатель: 700 тыс ₸ от 1 плательщиков, исходящих ≥5 тыс ₸ нет; колено 0 — обход здесь не обрывался",E1,0,True,1,0,700000.0,0.0,2,0,,,1,2,0.0017206377,0.0,1,False,0,0.0,0,False,0.7
100000005527892100,peripheral,0.5,17,0.4683,"Получил 220 тыс ₸, отдал 552 тыс ₸ (251%) — отдаёт больше полученного: вероятны поступления извне выборки",P-other,1,False,3,8,220001.0,552419.0,3,8,2.510984,0.623295,1,1,0.0003124317,0.0004955713,1,False,0,0.0,5,False,1.89
100000005530114100,peripheral,0.5,16,0.334,"Получил 137 тыс ₸, отдал 25 тыс ₸ (18%) — удерживает часть средств, признаков роли недостаточно",P-other,3,False,2,1,136970.0,25000.0,2,1,0.182522,1.0,0,0,0.0004948738,4.4583e-06,1,False,0,0.0,1,False,0.39
100000005532138100,peripheral,0.7,6,0.1071,"Разовое поступление: 25 тыс ₸ от 1 плательщика, дальше не уходило; сумма мала",P-leaf,3,False,1,0,25046.0,0.0,1,0,0.0,,0,0,0.0002937937,0.0,1,False,0,0.0,0,False,-0.4
100000005539201100,peripheral,0.5,5,0.3138,"Получил 46 тыс ₸, отдал 25 тыс ₸ (55%) — удерживает часть средств, признаков роли недостаточно",P-other,1,False,1,1,45504.0,25000.0,1,1,0.549402,0.0,1,1,0.0002904618,4.19741e-05,1,False,0,0.0,0,False,-0.24
100000005539910100,peripheral,0.5,2,0.4429,"Получил 102 тыс ₸, отдал 22 тыс ₸ (22%) — удерживает часть средств, признаков роли недостаточно",P-other,2,False,1,2,102000.0,22000.0,1,2,0.215686,0.0,0,1,0.0004987263,4.79515e-05,1,False,0,0.0,0,False,0.1
100000005543136100,peripheral,0.6,2,0.0172,Seed-клиент: отправил 10 тыс ₸ на 1 получателей; признаков сбора или веера нет,P-seed,0,True,0,1,0.0,10000.0,0,1,,,0,0,0.0002855693,0.0,0,False,0,0.0,0,False,-0.06
100000005546031100,peripheral,0.5,48,0.4243,"Получил 67 тыс ₸, отдал 8 тыс ₸ (12%) — удерживает часть средств, признаков роли недостаточно",P-other,1,False,3,1,66800.0,8000.0,6,1,0.11976,1.0,1,1,0.000712529,5.944e-07,2,False,1,8000.0,1,False,0.23
100000005547096100,peripheral,0.5,48,0.481,"Получил 8 тыс ₸, отдал 226 тыс ₸ (2829%) — отдаёт больше полученного: вероятны поступления извне выборки",P-other,2,False,1,2,8000.0,226300.0,1,3,28.2875,0.0,0,1,0.0008920567,3.963e-07,1,False,1,8000.0,0,True,0.48
100000005550592100,peripheral,0.9,83,0.0,Seed-клиент без переводов ≥5 тыс ₸ внутри банка за июль,P-orphan,0,True,0,0,0.0,0.0,0,0,,,0,0,0.0002855693,0.0,0,False,0,0.0,0,False,-0.39
100000005553088100,peripheral,0.4,3,0.0874,"Обрыв выгрузки на 4-м колене: получил 18 тыс ₸ от 1; исходящие не выгружены — роль «конечный» не присваиваем, нужна доп. выгрузка",P-trunc,4,False,1,0,17500.0,0.0,1,0,0.0,,0,0,0.0002942854,0.0,1,True,0,0.0,0,False,-0.14
100000005560900100,peripheral,0.9,84,0.0,Seed-клиент без переводов ≥5 тыс ₸ внутри банка за июль,P-orphan,0,True,0,0,0.0,0.0,0,0,,,0,0,0.0002855693,0.0,0,False,0,0.0,0,False,-0.39
100000005561741100,peripheral,0.7,8,0.2638,"Разовое поступление: 25 тыс ₸ от 1 плательщика, дальше не уходило; сумма мала",P-leaf,2,False,1,0,25000.0,0.0,1,0,0.0,,0,1,0.0003298457,0.0,1,False,0,0.0,0,False,-0.31
100000005567828100,peripheral,0.4,8,0.2216,"Обрыв выгрузки на 4-м колене: получил 94 тыс ₸ от 1; исходящие не выгружены — роль «конечный» не присваиваем, нужна доп. выгрузка",P-trunc,4,False,1,0,94000.0,0.0,1,0,0.0,,0,0,0.0003207562,0.0,1,True,0,0.0,0,False,0.58
100000005568407100,peripheral,0.9,85,0.0,Seed-клиент без переводов ≥5 тыс ₸ внутри банка за июль,P-orphan,0,True,0,0,0.0,0.0,0,0,,,0,0,0.0002855693,0.0,0,False,0,0.0,0,False,-0.39
100000005572303100,peripheral,0.5,5,0.3804,"Получил 75 тыс ₸, отдал 20 тыс ₸ (27%) — удерживает часть средств, признаков роли недостаточно",P-other,2,False,1,1,75000.0,20000.0,1,1,0.266667,0.0,0,1,0.0003132762,3.84405e-05,1,False,0,0.0,0,False,-0.06
100000005578559100,distributor,0.725,8,0.793,"Веерная рассылка: 893 тыс ₸ на 21 получателей (23 переводов), плательщиков в выборке: 2",D1,2,False,2,21,131000.0,893163.67,2,23,6.818043,0.455006,0,1,0.0003910151,0.0009667514,1,False,1,36834.67,12,False,1.77
100000005584222100,transit,0.494,0,0.7093,"Транзит: получил 193 тыс ₸, отдал 109 тыс ₸ (56%); 86% суммы ушло в течение 2 дн. после поступления",T2,1,False,2,2,192717.0,108587.0,6,3,0.563453,0.861862,1,1,0.0008759174,3.86386e-05,1,False,1,55000.0,2,False,0.74
100000005588444100,peripheral,0.7,6,0.1339,"Разовое поступление: 12 тыс ₸ от 1 плательщика, дальше не уходило; сумма мала",P-leaf,1,False,1,0,12300.0,0.0,1,0,0.0,,1,1,0.0002862746,0.0,1,False,0,0.0,0,False,-0.48
100000005589319100,peripheral,0.4,2,0.142,"Обрыв выгрузки на 4-м колене: получил 26 тыс ₸ от 1; исходящие не выгружены — роль «конечный» не присваиваем, нужна доп. выгрузка",P-trunc,4,False,1,0,26000.0,0.0,1,0,0.0,,0,0,0.0003099556,0.0,1,True,0,0.0,0,False,-0.14
100000005602999100,peripheral,0.5,33,0.2914,"Получил 5 тыс ₸, отдал 16 тыс ₸ (320%) — отдаёт больше полученного: вероятны поступления извне выборки",P-other,2,False,1,2,5000.0,16000.0,1,3,3.2,0.6875,0,1,0.000304846,4.20071e-05,1,False,1,5000.0,1,False,-0.12
100000005608515100,peripheral,0.7,6,0.2609,"Разовое поступление: 64 тыс ₸ от 1 плательщика, дальше не уходило; сумма мала",P-leaf,2,False,1,0,64000.0,0.0,4,0,0.0,,0,1,0.0002931596,0.0,1,False,0,0.0,0,False,-0.3
100000005610717100,transit,0.466,0,0.5657,"Транзит: получил 484 тыс ₸, отдал 265 тыс ₸ (55%); 84% суммы ушло в течение 2 дн. после поступления",T2,3,False,4,1,484500.0,265200.0,6,7,0.547368,0.837858,0,0,0.0003445448,1.92202e-05,1,False,0,0.0,4,False,1.42
100000005612411100,peripheral,0.5,2,0.5229,"Получил 116 тыс ₸, отдал 507 тыс ₸ (439%) — отдаёт больше полученного: вероятны поступления извне выборки",P-other,1,False,3,8,115500.0,506997.0,4,8,4.389584,0.514396,1,2,0.0003272061,0.0001553471,2,False,0,0.0,10,False,1.89
100000005614315100,terminal,0.778,5,0.612,"Конечный получатель: 455 тыс ₸ от 1 плательщиков, исходящих ≥5 тыс ₸ нет; колено 2 — обход здесь не обрывался",E1,2,False,1,0,455000.0,0.0,1,0,0.0,,0,1,0.0005750924,0.0,1,False,0,0.0,0,False,0.88
100000005616568100,peripheral,0.4,4,0.326,"Обрыв выгрузки на 4-м колене: получил 530 тыс ₸ от 1; исходящие не выгружены — роль «конечный» не присваиваем, нужна доп. выгрузка",P-trunc,4,False,1,0,530000.0,0.0,1,0,0.0,,0,0,0.0004319554,0.0,1,True,0,0.0,0,False,1.78
100000005619339100,transit,0.411,5,0.4226,"Транзит: получил 5 тыс ₸, отдал 5 тыс ₸ (109%); 0% суммы ушло в течение 2 дн. после поступления",T1,2,False,1,1,5000.0,5442.6,1,1,1.08852,0.0,0,1,0.0003208259,0.0,1,False,0,0.0,0,False,-0.22
100000005620225100,terminal,0.625,0,0.4192,"Конечный получатель: 50 тыс ₸ от 2 плательщиков, исходящих ≥5 тыс ₸ нет; колено 1 — обход здесь не обрывался",E1,1,False,2,0,49845.66,0.0,2,0,0.0,,1,1,0.0002962362,0.0,1,False,0,0.0,0,False,-0.24
100000005621418100,peripheral,0.4,26,0.1481,"Обрыв выгрузки на 4-м колене: получил 30 тыс ₸ от 1; исходящие не выгружены — роль «конечный» не присваиваем, нужна доп. выгрузка",P-trunc,4,False,1,0,30000.0,0.0,1,0,0.0,,0,0,0.0003078264,0.0,1,True,0,0.0,0,False,-0.14
100000005628518100,peripheral,0.7,18,0.2577,"Разовое поступление: 77 тыс ₸ от 1 плательщика, дальше не уходило; сумма мала",P-leaf,3,False,1,0,77000.0,0.0,3,0,0.0,,0,0,0.000532993,0.0,1,False,0,0.0,0,False,-0.11
100000005634552100,peripheral,0.5,0,0.3966,"Получил 26 тыс ₸, отдал 1,2 млн ₸ (4627%) — отдаёт больше полученного: вероятны поступления извне выборки",P-other,1,False,1,3,25850.0,1196000.0,1,4,46.266925,0.0,1,1,0.0002883486,2.91771e-05,1,False,0,0.0,0,False,1.69
100000005636951100,peripheral,0.4,27,0.2383,"Обрыв выгрузки на 4-м колене: получил 40 тыс ₸ от 1; исходящие не выгружены — роль «конечный» не присваиваем, нужна доп. выгрузка",P-trunc,4,False,1,0,40000.0,0.0,1,0,0.0,,0,0,0.000635589,0.0,1,True,0,0.0,0,False,-0.02
100000005660203100,peripheral,0.5,5,0.5266,"Получил 573 тыс ₸, отдал 41 тыс ₸ (7%) — удерживает часть средств, признаков роли недостаточно",P-other,2,False,1,2,572899.0,41000.0,12,5,0.071566,1.0,0,1,0.0009492504,1.94184e-05,1,False,1,23000.0,1,True,1.06
100000005661528100,peripheral,0.7,3,0.0931,"Разовое поступление: 25 тыс ₸ от 1 плательщика, дальше не уходило; сумма мала",P-leaf,3,False,1,0,25000.0,0.0,1,0,0.0,,0,0,0.0002910915,0.0,1,False,0,0.0,0,False,-0.4
100000005661829100,transit,0.851,18,0.4068,"Транзит: получил 38 тыс ₸, отдал 40 тыс ₸ (107%); 84% суммы ушло в течение 2 дн. после поступления",T1,3,False,1,2,37790.0,40362.0,1,4,1.06806,0.837174,0,0,0.000292032,2.2292e-06,1,False,0,0.0,1,True,0.27
100000005664632100,terminal,0.649,66,0.5426,"Конечный получатель: 199 тыс ₸ от 1 плательщиков, исходящих ≥5 тыс ₸ нет; колено 2 — обход здесь не обрывался",E1,2,False,1,0,198620.0,0.0,18,0,0.0,,0,1,0.000365142,0.0,1,False,0,0.0,0,False,0.38
100000005664922100,peripheral,0.5,23,0.5155,"Получил 22 тыс ₸, отдал 537 тыс ₸ (2441%) — отдаёт больше полученного: вероятны поступления извне выборки",P-other,2,False,2,3,22000.0,537000.0,2,4,24.409091,0.0,0,1,0.0008059659,3.9629e-06,1,False,1,5000.0,0,False,1.0
100000005665181100,distributor,0.642,4,0.7462,"Веерная рассылка: 182 тыс ₸ на 11 получателей (11 переводов), плательщиков в выборке: 4",D1,2,False,4,11,45498.0,181915.0,5,11,3.998308,0.076959,0,1,0.0003985397,0.000268321,2,False,1,13000.0,1,False,1.01
100000005667841100,terminal,0.693,10,0.4042,"Конечный получатель: 186 тыс ₸ от 2 плательщиков, исходящих ≥5 тыс ₸ нет; колено 3 — обход здесь не обрывался",E1,3,False,2,0,186000.0,0.0,2,0,0.0,,0,0,0.0003122256,0.0,2,False,0,0.0,0,False,0.48
100000005668605100,terminal,0.697,20,0.6153,"Конечный получатель: 94 тыс ₸ от 3 плательщиков, исходящих ≥5 тыс ₸ нет; колено 0 — обход здесь не обрывался",E1,0,True,3,0,94500.0,0.0,3,0,,,1,4,0.0008383019,0.0,1,False,0,0.0,0,False,0.34
100000005669845100,peripheral,0.7,29,0.2422,"Разовое поступление: 20 тыс ₸ от 1 плательщика, дальше не уходило; сумма мала",P-leaf,1,False,1,0,20000.0,0.0,1,0,0.0,,1,1,0.0003175358,0.0,1,False,0,0.0,0,False,-0.48
100000005674387100,peripheral,0.7,1,0.0892,"Разовое поступление: 26 тыс ₸ от 1 плательщика, дальше не уходило; сумма мала",P-leaf,3,False,1,0,26200.0,0.0,1,0,0.0,,0,0,0.0002896585,0.0,1,False,0,0.0,0,False,-0.4
100000005685783100,peripheral,0.4,1,0.2012,"Обрыв выгрузки на 4-м колене: получил 26 тыс ₸ от 1; исходящие не выгружены — роль «конечный» не присваиваем, нужна доп. выгрузка",P-trunc,4,False,1,0,26150.0,0.0,1,0,0.0,,0,0,0.0005320611,0.0,1,True,0,0.0,0,False,-0.14
100000005704413100,distributor,0.817,8,0.7258,"Веерная рассылка: 1,4 млн ₸ на 32 получателей (35 переводов), плательщиков в выборке: 3",D1,3,False,3,32,97834.67,1363593.0,4,35,13.937728,0.445224,0,0,0.0005996888,0.0025627563,2,False,3,97834.67,24,False,11.06
100000005709551100,peripheral,0.7,13,0.1069,"Разовое поступление: 25 тыс ₸ от 1 плательщика, дальше не уходило; сумма мала",P-leaf,3,False,1,0,24560.0,0.0,1,0,0.0,,0,0,0.0002946608,0.0,1,False,0,0.0,0,False,-0.4
100000005711521100,peripheral,0.4,13,0.3101,"Обрыв выгрузки на 4-м колене: получил 238 тыс ₸ от 1; исходящие не выгружены — роль «конечный» не присваиваем, нужна доп. выгрузка",P-trunc,4,False,1,0,238000.0,0.0,1,0,0.0,,0,0,0.0005338433,0.0,1,True,0,0.0,0,False,1.22
100000005723580100,peripheral,0.4,10,0.1831,"Обрыв выгрузки на 4-м колене: получил 35 тыс ₸ от 1; исходящие не выгружены — роль «конечный» не присваиваем, нужна доп. выгрузка",P-trunc,4,False,1,0,35000.0,0.0,1,0,0.0,,0,0,0.0003443362,0.0,1,True,0,0.0,0,False,-0.11
100000005730108100,peripheral,0.7,0,0.2277,"Разовое поступление: 8 тыс ₸ от 1 плательщика, дальше не уходило; сумма мала",P-leaf,2,False,1,0,8000.0,0.0,1,0,0.0,,0,1,0.0003586643,0.0,1,False,0,0.0,0,False,-0.31
100000005744674100,peripheral,0.6,20,0.0994,Seed-клиент: отправил 50 тыс ₸ на 1 получателей; признаков сбора или веера нет,P-seed,0,True,0,1,0.0,50066.0,0,2,,,0,0,0.0002855693,0.0,0,False,0,0.0,0,False,0.23
100000005745873100,peripheral,0.4,40,0.2556,"Обрыв выгрузки на 4-м колене: получил 223 тыс ₸ от 1; исходящие не выгружены — роль «конечный» не присваиваем, нужна доп. выгрузка",P-trunc,4,False,1,0,223000.0,0.0,1,0,0.0,,0,0,0.0003163212,0.0,1,True,0,0.0,0,False,1.18
100000005754335100,peripheral,0.7,41,0.2099,"Разовое поступление: 44 тыс ₸ от 1 плательщика, дальше не уходило; сумма мала",P-leaf,3,False,1,0,44037.0,0.0,1,0,0.0,,0,0,0.0004046241,0.0,1,False,0,0.0,0,False,-0.4
100000005756189100,transit,0.755,4,0.4033,"Транзит: получил 65 тыс ₸, отдал 49 тыс ₸ (75%); 100% суммы ушло в течение 2 дн. после поступления",T2,3,False,1,1,65000.0,49050.0,1,1,0.754615,1.0,0,0,0.0002876759,1.92202e-05,1,False,0,0.0,1,False,0.16
100000005756535100,peripheral,0.7,1,0.1895,"Разовое поступление: 20 тыс ₸ от 1 плательщика, дальше не уходило; сумма мала",P-leaf,3,False,1,0,20000.0,0.0,1,0,0.0,,0,0,0.0005415992,0.0,1,False,0,0.0,0,False,-0.4
100000005767403100,peripheral,0.4,34,0.3791,"Обрыв выгрузки на 4-м колене: получил 1,1 млн ₸ от 1; исходящие не выгружены — роль «конечный» не присваиваем, нужна доп. выгрузка",P-trunc,4,False,1,0,1100000.0,0.0,2,0,0.0,,0,0,0.0010818599,0.0,1,True,0,0.0,0,False,2.28
100000005778283100,consolidator,0.85,6,0.8164,"Сбор средств: 616 тыс ₸ от 3 плательщиков (из них seed: 2), дальше ушло 0% полученного",K2,1,False,3,0,615760.0,0.0,3,0,0.0,,2,3,0.0004375841,0.0,1,False,0,0.0,0,False,1.23
100000005782781100,coordinator,0.954,6,0.8909,"Хаб: собирает и раздаёт: 6 плательщиков → 10 получателей, через узел 1,3 млн ₸; 1 seed в 2 шагах выше; посредничество выше 98% узлов",C1,2,False,6,10,171888.0,1263597.0,10,10,7.351281,1.0,0,1,0.0004875097,0.0005683243,3,False,23,321986.0,17,False,1.57
100000005782886100,peripheral,0.4,7,0.1393,"Обрыв выгрузки на 4-м колене: получил 14 тыс ₸ от 1; исходящие не выгружены — роль «конечный» не присваиваем, нужна доп. выгрузка",P-trunc,4,False,1,0,14000.0,0.0,1,0,0.0,,0,0,0.0003635318,0.0,1,True,0,0.0,0,False,-0.14
100000005783452100,peripheral,0.4,12,0.2636,"Обрыв выгрузки на 4-м колене: получил 286 тыс ₸ от 2; исходящие не выгружены — роль «конечный» не присваиваем, нужна доп. выгрузка",P-trunc,4,False,2,0,286500.0,0.0,2,0,0.0,,0,0,0.0003144186,0.0,2,True,0,0.0,0,False,4.73
100000005799271100,peripheral,0.7,9,0.3379,"Разовое поступление: 45 тыс ₸ от 1 плательщика, дальше не уходило; сумма мала",P-leaf,2,False,1,0,45000.0,0.0,2,0,0.0,,0,1,0.000536673,0.0,1,False,0,0.0,0,False,-0.31
100000005807278100,peripheral,0.7,45,0.1606,"Разовое поступление: 8 тыс ₸ от 1 плательщика, дальше не уходило; сумма мала",P-leaf,1,False,1,0,8385.0,0.0,1,0,0.0,,1,1,0.0002929553,0.0,1,False,0,0.0,0,False,-0.48
100000005809252100,peripheral,0.7,4,0.3142,"Разовое поступление: 25 тыс ₸ от 1 плательщика, дальше не уходило; сумма мала",P-leaf,2,False,1,0,25000.0,0.0,1,0,0.0,,0,1,0.0005671286,0.0,1,False,0,0.0,0,False,-0.31
100000005815602100,peripheral,0.5,5,0.3585,"Получил 20 тыс ₸, отдал 165 тыс ₸ (825%) — отдаёт больше полученного: вероятны поступления извне выборки",P-other,3,False,1,1,20000.0,165000.0,1,1,8.25,0.0,0,0,0.000552171,1.94184e-05,1,False,0,0.0,0,False,0.48
100000005820746100,peripheral,0.5,23,0.3869,"Получил 2,0 млн ₸, отдал 60 тыс ₸ (3%) — удерживает часть средств, признаков роли недостаточно",P-other,3,False,1,1,1989000.0,60000.0,2,1,0.030166,0.0,0,0,0.0009894619,0.0,1,False,1,60000.0,0,False,2.09
100000005830339100,consolidator,0.75,2,0.6923,"Сбор средств: 476 тыс ₸ от 5 плательщиков (из них seed: 0), дальше ушло 71% полученного",K1,3,False,5,1,476341.0,339251.0,12,1,0.712202,0.0,0,0,0.0003636001,3.7978e-06,1,False,0,0.0,0,False,1.47
100000005834479100,peripheral,0.5,3,0.2102,"Получил 8 тыс ₸, отдал 14 тыс ₸ (193%) — отдаёт больше полученного: вероятны поступления извне выборки",P-other,2,False,1,2,7500.0,14470.0,1,2,1.929333,0.0,0,1,0.0002867517,1.9812e-06,1,False,0,0.0,0,False,-0.12
100000005844459100,terminal,0.722,0,0.5417,"Конечный получатель: 243 тыс ₸ от 2 плательщиков, исходящих ≥5 тыс ₸ нет; колено 1 — обход здесь не обрывался",E1,1,False,2,0,243400.0,0.0,2,0,0.0,,1,1,0.0003380826,0.0,1,False,0,0.0,0,False,0.59
100000005847078100,peripheral,0.7,1,0.0492,"Разовое поступление: 16 тыс ₸ от 1 плательщика, дальше не уходило; сумма мала",P-leaf,3,False,1,0,16300.0,0.0,1,0,0.0,,0,0,0.0002881134,0.0,1,False,0,0.0,0,False,-0.4
100000005849100100,peripheral,0.7,2,0.3146,"Разовое поступление: 33 тыс ₸ от 1 плательщика, дальше не уходило; сумма мала",P-leaf,2,False,1,0,33300.0,0.0,1,0,0.0,,0,1,0.0004907169,0.0,1,False,0,0.0,0,False,-0.31
100000005849862100,peripheral,0.4,6,0.1704,"Обрыв выгрузки на 4-м колене: получил 13 тыс ₸ от 1; исходящие не выгружены — роль «конечный» не присваиваем, нужна доп. выгрузка",P-trunc,4,False,1,0,13000.0,0.0,2,0,0.0,,0,0,0.0005484356,0.0,1,True,0,0.0,0,False,-0.14
100000005852946100,peripheral,0.7,2,0.2396,"Разовое поступление: 24 тыс ₸ от 1 плательщика, дальше не уходило; сумма мала",P-leaf,1,False,1,0,23746.0,0.0,1,0,0.0,,1,2,0.0002903241,0.0,1,False,0,0.0,0,False,-0.48
100000005857058100,terminal,0.69,0,0.3993,"Конечный получатель: 80 тыс ₸ от 3 плательщиков, исходящих ≥5 тыс ₸ нет; колено 3 — обход здесь не обрывался",E1,3,False,3,0,80222.0,0.0,3,0,0.0,,0,0,0.0003899338,0.0,1,False,0,0.0,0,False,0.27
100000005873152100,transit,0.5,9,0.4206,"Транзит: получил 10 тыс ₸, отдал 10 тыс ₸ (100%); 0% суммы ушло в течение 2 дн. после поступления",T1,3,False,1,1,10000.0,10000.0,1,1,1.0,0.0,0,0,0.0004674555,3.963e-07,1,False,2,20000.0,0,False,-0.06
100000005877725100,peripheral,0.7,1,0.2861,"Разовое поступление: 70 тыс ₸ от 1 плательщика, дальше не уходило; сумма мала",P-leaf,1,False,1,0,70000.0,0.0,1,0,0.0,,1,1,0.0003002615,0.0,1,False,0,0.0,0,False,-0.25
100000005878334100,peripheral,0.4,3,0.2386,"Обрыв выгрузки на 4-м колене: получил 76 тыс ₸ от 1; исходящие не выгружены — роль «конечный» не присваиваем, нужна доп. выгрузка",P-trunc,4,False,1,0,76400.0,0.0,2,0,0.0,,0,0,0.0003989643,0.0,1,True,0,0.0,0,False,0.43
100000005882013100,peripheral,0.5,13,0.3892,"Получил 135 тыс ₸, отдал 10 тыс ₸ (7%) — удерживает часть средств, признаков роли недостаточно",P-other,2,False,2,1,135000.0,10000.0,3,1,0.074074,1.0,0,1,0.0005264245,0.0,1,False,2,15000.0,1,False,0.19
100000005888829100,peripheral,0.4,7,0.2437,"Обрыв выгрузки на 4-м колене: получил 197 тыс ₸ от 1; исходящие не выгружены — роль «конечный» не присваиваем, нужна доп. выгрузка",P-trunc,4,False,1,0,197000.0,0.0,1,0,0.0,,0,0,0.0003114862,0.0,1,True,0,0.0,0,False,1.09
100000005893892100,peripheral,0.7,4,0.1555,"Разовое поступление: 103 тыс ₸ от 1 плательщика, дальше не уходило; сумма мала",P-leaf,3,False,1,0,102780.0,0.0,1,0,0.0,,0,0,0.0002889003,0.0,1,False,0,0.0,0,False,0.09
100000005895525100,peripheral,0.7,45,0.3663,"Разовое поступление: 120 тыс ₸ от 1 плательщика, дальше не уходило; сумма мала",P-leaf,1,False,1,0,120000.0,0.0,3,0,0.0,,1,1,0.0003912729,0.0,1,False,0,0.0,0,False,0.11
100000005897462100,peripheral,0.7,9,0.3513,"Разовое поступление: 98 тыс ₸ от 1 плательщика, дальше не уходило; сумма мала",P-leaf,1,False,1,0,98400.0,0.0,1,0,0.0,,1,2,0.0003004936,0.0,1,False,0,0.0,0,False,-0.02
100000005901606100,peripheral,0.7,1,0.2291,"Разовое поступление: 36 тыс ₸ от 1 плательщика, дальше не уходило; сумма мала",P-leaf,1,False,1,0,35660.0,0.0,1,0,0.0,,1,1,0.0002930539,0.0,1,False,0,0.0,0,False,-0.48
100000005904580100,terminal,0.636,11,0.5193,"Конечный получатель: 72 тыс ₸ от 2 плательщиков, исходящих ≥5 тыс ₸ нет; колено 2 — обход здесь не обрывался",E1,2,False,2,0,72000.0,0.0,2,0,0.0,,0,1,0.00052271,0.0,2,False,0,0.0,0,False,-0.22
100000005910114100,distributor,0.708,0,0.6886,"Веерная рассылка: 1,5 млн ₸ на 19 получателей (56 переводов), плательщиков в выборке: 3",D1,3,False,3,19,326144.0,1469993.0,3,56,4.50719,0.422157,0,0,0.0003616504,0.0058422061,1,False,255,3868913.97,19,True,6.68
100000005910895100,peripheral,0.4,33,0.1556,"Обрыв выгрузки на 4-м колене: получил 5 тыс ₸ от 1; исходящие не выгружены — роль «конечный» не присваиваем, нужна доп. выгрузка",P-trunc,4,False,1,0,5100.0,0.0,1,0,0.0,,0,0,0.0005976001,0.0,1,True,0,0.0,0,False,-0.14
100000005911352100,peripheral,0.5,38,0.4006,"Получил 15 тыс ₸, отдал 24 тыс ₸ (160%) — отдаёт больше полученного: вероятны поступления извне выборки",P-other,2,False,2,3,15000.0,24000.0,2,3,1.6,0.0,0,1,0.0005517345,9.74883e-05,1,False,1,7000.0,0,False,0.07
100000005931985100,peripheral,0.7,12,0.3087,"Разовое поступление: 76 тыс ₸ от 1 плательщика, дальше не уходило; сумма мала",P-leaf,2,False,1,0,76000.0,0.0,1,0,0.0,,0,1,0.0003128966,0.0,1,False,0,0.0,0,False,-0.19
100000005932987100,peripheral,0.7,34,0.2883,"Разовое поступление: 25 тыс ₸ от 1 плательщика, дальше не уходило; сумма мала",P-leaf,2,False,1,0,25000.0,0.0,3,0,0.0,,0,1,0.0004118086,0.0,1,False,0,0.0,0,False,-0.31
100000005933757100,distributor,0.833,14,0.8539,"Веерная рассылка: 3,0 млн ₸ на 34 получателей (46 переводов), плательщиков в выборке: 4",D1,2,False,4,34,1246000.0,3002628.0,6,46,2.409814,0.611324,0,1,0.0009979856,0.0038927878,2,False,3,542607.0,41,False,3.18
100000005939154100,peripheral,0.7,5,0.2043,"Разовое поступление: 22 тыс ₸ от 1 плательщика, дальше не уходило; сумма мала",P-leaf,2,False,1,0,22000.0,0.0,2,0,0.0,,0,1,0.0002936967,0.0,1,False,0,0.0,0,False,-0.31
100000005940652100,peripheral,0.7,10,0.187,"Разовое поступление: 8 тыс ₸ от 1 плательщика, дальше не уходило; сумма мала",P-leaf,1,False,1,0,8395.0,0.0,1,0,0.0,,1,3,0.0002880884,0.0,1,False,0,0.0,0,False,-0.48
100000005941908100,peripheral,0.7,14,0.1733,"Разовое поступление: 10 тыс ₸ от 1 плательщика, дальше не уходило; сумма мала",P-leaf,3,False,1,0,10000.0,0.0,1,0,0.0,,0,0,0.0006923488,0.0,1,False,0,0.0,0,False,-0.4
100000005942793100,terminal,0.728,0,0.4729,"Конечный получатель: 55 тыс ₸ от 4 плательщиков, исходящих ≥5 тыс ₸ нет; колено 2 — обход здесь не обрывался",E1,2,False,4,0,55000.0,0.0,4,0,0.0,,0,1,0.0003322323,0.0,2,False,0,0.0,0,False,-0.03
100000005958064100,peripheral,0.5,14,0.3232,"Получил 6 тыс ₸, отдал 164 тыс ₸ (2854%) — отдаёт больше полученного: вероятны поступления извне выборки",P-other,1,False,1,2,5746.0,163986.84,1,3,28.539304,0.0,1,1,0.0002861871,2.51282e-05,1,False,0,0.0,0,False,0.35
100000005961971100,peripheral,0.7,1,0.2527,"Разовое поступление: 47 тыс ₸ от 1 плательщика, дальше не уходило; сумма мала",P-leaf,1,False,1,0,47353.0,0.0,1,0,0.0,,1,1,0.0002955081,0.0,1,False,0,0.0,0,False,-0.48
100000005974542100,peripheral,0.7,22,0.2599,"Разовое поступление: 94 тыс ₸ от 1 плательщика, дальше не уходило; сумма мала",P-leaf,3,False,1,0,94500.0,0.0,3,0,0.0,,0,0,0.0004830472,0.0,1,False,0,0.0,0,False,0.03
100000005979037100,peripheral,0.4,3,0.2051,"Обрыв выгрузки на 4-м колене: получил 60 тыс ₸ от 1; исходящие не выгружены — роль «конечный» не присваиваем, нужна доп. выгрузка",P-trunc,4,False,1,0,60300.0,0.0,1,0,0.0,,0,0,0.0003248463,0.0,1,True,0,0.0,0,False,0.27
100000005995391100,peripheral,0.7,1,0.0527,"Разовое поступление: 17 тыс ₸ от 1 плательщика, дальше не уходило; сумма мала",P-leaf,3,False,1,0,17200.0,0.0,1,0,0.0,,0,0,0.0002882538,0.0,1,False,0,0.0,0,False,-0.4
100000005996909100,peripheral,0.7,15,0.094,"Разовое поступление: 6 тыс ₸ от 1 плательщика, дальше не уходило; сумма мала",P-leaf,3,False,1,0,5500.0,0.0,1,0,0.0,,0,0,0.0003159496,0.0,1,False,0,0.0,0,False,-0.4
100000006008169100,peripheral,0.7,11,0.2784,"Разовое поступление: 70 тыс ₸ от 1 плательщика, дальше не уходило; сумма мала",P-leaf,1,False,1,0,70000.0,0.0,1,0,0.0,,1,1,0.0002971861,0.0,1,False,0,0.0,0,False,-0.25
100000006020215100,transit,0.373,13,0.432,"Транзит: получил 30 тыс ₸, отдал 34 тыс ₸ (113%); 0% суммы ушло в течение 2 дн. после поступления",T1,3,False,1,2,30000.0,33800.0,1,2,1.126667,0.0,0,0,0.0002966746,6.05552e-05,1,False,0,0.0,0,False,0.27
100000006030946100,peripheral,0.7,1,0.2899,"Разовое поступление: 73 тыс ₸ от 1 плательщика, дальше не уходило; сумма мала",P-leaf,1,False,1,0,73289.0,0.0,1,0,0.0,,1,1,0.0003009518,0.0,1,False,0,0.0,0,False,-0.22
100000006048193100,peripheral,0.7,0,0.1417,"Разовое поступление: 42 тыс ₸ от 1 плательщика, дальше не уходило; сумма мала",P-leaf,3,False,1,0,41559.0,0.0,1,0,0.0,,0,0,0.0002964109,0.0,1,False,0,0.0,0,False,-0.4
100000006069103100,transit,0.403,54,0.7343,"Транзит: получил 229 тыс ₸, отдал 270 тыс ₸ (118%); 17% суммы ушло в течение 2 дн. после поступления",T1,1,False,3,3,228818.0,270000.0,3,4,1.179977,0.166667,1,1,0.0011516311,5.8057e-05,1,False,1,190000.0,2,False,1.08
100000006100920100,peripheral,0.7,0,0.2293,"Разовое поступление: 100 тыс ₸ от 1 плательщика, дальше не уходило; сумма мала",P-leaf,3,False,1,0,100000.0,0.0,1,0,0.0,,0,0,0.0003265085,0.0,1,False,0,0.0,0,False,0.07
100000006111439100,transit,0.333,4,0.4529,"Транзит: получил 21 тыс ₸, отдал 24 тыс ₸ (117%); 0% суммы ушло в течение 2 дн. после поступления",T1,3,False,3,4,20570.0,24000.0,3,4,1.166748,0.0,0,0,0.0003655017,1.75556e-05,1,False,1,5000.0,0,False,1.62
100000006111442100,peripheral,0.7,10,0.1632,"Разовое поступление: 64 тыс ₸ от 1 плательщика, дальше не уходило; сумма мала",P-leaf,3,False,1,0,64000.0,0.0,1,0,0.0,,0,0,0.0002955262,0.0,1,False,0,0.0,0,False,-0.23
100000006122699100,terminal,0.623,11,0.4813,"Конечный получатель: 46 тыс ₸ от 2 плательщиков, исходящих ≥5 тыс ₸ нет; колено 2 — обход здесь не обрывался",E1,2,False,2,0,45865.0,0.0,2,0,0.0,,0,1,0.0004047065,0.0,2,False,0,0.0,0,False,-0.22
100000006126743100,peripheral,0.7,4,0.1138,"Разовое поступление: 55 тыс ₸ от 1 плательщика, дальше не уходило; сумма мала",P-leaf,3,False,1,0,55000.0,0.0,1,0,0.0,,0,0,0.0002873518,0.0,1,False,0,0.0,0,False,-0.33
100000006161893100,peripheral,0.7,5,0.2726,"Разовое поступление: 14 тыс ₸ от 1 плательщика, дальше не уходило; сумма мала",P-leaf,2,False,1,0,14000.0,0.0,1,0,0.0,,0,1,0.0005318535,0.0,1,False,0,0.0,0,False,-0.31
100000006165886100,peripheral,0.5,0,0.2778,"Получил 184 тыс ₸, отдал 75 тыс ₸ (41%) — удерживает часть средств, признаков роли недостаточно",P-other,3,False,2,1,184481.0,75000.0,2,1,0.406546,1.0,0,0,0.0002985616,6.921e-07,1,False,0,0.0,1,False,0.71
100000006169033100,peripheral,0.5,41,0.3993,"Получил 49 тыс ₸, отдал 1,1 млн ₸ (2327%) — отдаёт больше полученного: вероятны поступления извне выборки",P-other,3,False,1,3,49000.0,1140271.0,1,10,23.270837,0.0,0,0,0.0004180416,3.92331e-05,1,False,1,49000.0,0,False,1.73
100000006171671100,peripheral,0.4,0,0.1529,"Обрыв выгрузки на 4-м колене: получил 10 тыс ₸ от 1; исходящие не выгружены — роль «конечный» не присваиваем, нужна доп. выгрузка",P-trunc,4,False,1,0,10000.0,0.0,1,0,0.0,,0,0,0.0005290657,0.0,1,True,0,0.0,0,False,-0.14
100000006177176100,peripheral,0.7,5,0.1236,"Разовое поступление: 9 тыс ₸ от 1 плательщика, дальше не уходило; сумма мала",P-leaf,1,False,1,0,8911.0,0.0,1,0,0.0,,1,1,0.0002865274,0.0,1,False,0,0.0,0,False,-0.48
100000006209210100,terminal,0.665,6,0.4405,"Конечный получатель: 229 тыс ₸ от 1 плательщиков, исходящих ≥5 тыс ₸ нет; колено 3 — обход здесь не обрывался",E1,3,False,1,0,229111.0,0.0,1,0,0.0,,0,0,0.0003608027,0.0,1,False,0,0.0,0,False,0.62
100000006225798100,peripheral,0.5,16,0.3768,"Получил 722 тыс ₸, отдал 26 тыс ₸ (4%) — удерживает часть средств, признаков роли недостаточно",P-other,3,False,3,2,722000.0,26300.0,4,2,0.036427,0.0,0,0,0.0003599689,3.84405e-05,1,False,0,0.0,0,False,1.42
100000006232642100,peripheral,0.4,41,0.3192,"Обрыв выгрузки на 4-м колене: получил 456 тыс ₸ от 1; исходящие не выгружены — роль «конечный» не присваиваем, нужна доп. выгрузка",P-trunc,4,False,1,0,456000.0,0.0,4,0,0.0,,0,0,0.0004278561,0.0,1,True,0,0.0,0,False,1.67
100000006232815100,peripheral,0.6,29,0.4956,Seed-клиент: отправил 296 тыс ₸ на 5 получателей; признаков сбора или веера нет,P-seed,0,True,1,5,160000.0,296500.0,2,5,,0.0,0,1,0.0005566536,2.7741e-06,1,False,1,120000.0,0,False,0.62
100000006240939100,peripheral,0.5,27,0.4576,"Получил 160 тыс ₸, отдал 778 тыс ₸ (486%) — отдаёт больше полученного: вероятны поступления извне выборки",P-other,2,False,1,5,160000.0,778015.0,1,5,4.862594,0.212033,0,1,0.0003187471,4.1611e-06,1,False,0,0.0,1,False,1.31
100000006248077100,peripheral,0.7,5,0.2991,"Разовое поступление: 50 тыс ₸ от 1 плательщика, дальше не уходило; сумма мала",P-leaf,2,False,1,0,50000.0,0.0,1,0,0.0,,0,2,0.000293851,0.0,1,False,0,0.0,0,False,-0.31
100000006249740100,peripheral,0.6,53,0.1283,Seed-клиент: отправил 93 тыс ₸ на 3 получателей; признаков сбора или веера нет,P-seed,0,True,0,3,0.0,93007.0,0,5,,,0,0,0.0002855693,0.0,0,False,0,0.0,0,False,0.34
100000006257675100,peripheral,0.4,21,0.2308,"Обрыв выгрузки на 4-м колене: получил 70 тыс ₸ от 1; исходящие не выгружены — роль «конечный» не присваиваем, нужна доп. выгрузка",P-trunc,4,False,1,0,70000.0,0.0,2,0,0.0,,0,0,0.000382648,0.0,1,True,0,0.0,0,False,0.37
100000006274203100,peripheral,0.5,18,0.4391,"Получил 3,4 млн ₸, отдал 72 тыс ₸ (2%) — удерживает часть средств, признаков роли недостаточно",P-other,3,False,2,3,3417512.0,72000.0,41,3,0.021068,0.069444,0,0,0.0006321051,3.73428e-05,1,False,1,5000.0,0,False,2.45
100000006288612100,peripheral,0.4,11,0.1307,"Обрыв выгрузки на 4-м колене: получил 31 тыс ₸ от 1; исходящие не выгружены — роль «конечный» не присваиваем, нужна доп. выгрузка",P-trunc,4,False,1,0,30805.0,0.0,3,0,0.0,,0,0,0.0002976242,0.0,1,True,0,0.0,0,False,-0.14
100000006308406100,peripheral,0.4,21,0.3009,"Обрыв выгрузки на 4-м колене: получил 183 тыс ₸ от 1; исходящие не выгружены — роль «конечный» не присваиваем, нужна доп. выгрузка",P-trunc,4,False,1,0,183000.0,0.0,2,0,0.0,,0,0,0.0005393608,0.0,1,True,0,0.0,0,False,1.04
100000006326645100,peripheral,0.7,1,0.1998,"Разовое поступление: 25 тыс ₸ от 1 плательщика, дальше не уходило; сумма мала",P-leaf,1,False,1,0,25264.0,0.0,1,0,0.0,,1,1,0.0002908719,0.0,1,False,0,0.0,0,False,-0.48
100000006351075100,peripheral,0.4,40,0.1185,"Обрыв выгрузки на 4-м колене: получил 40 тыс ₸ от 1; исходящие не выгружены — роль «конечный» не присваиваем, нужна доп. выгрузка",P-trunc,4,False,1,0,40000.0,0.0,2,0,0.0,,0,0,0.0002910853,0.0,1,True,0,0.0,0,False,-0.02
100000006369769100,peripheral,0.7,1,0.2383,"Разовое поступление: 40 тыс ₸ от 1 плательщика, дальше не уходило; сумма мала",P-leaf,1,False,1,0,40000.0,0.0,1,0,0.0,,1,1,0.0002939648,0.0,1,False,0,0.0,0,False,-0.48
100000006381453100,peripheral,0.4,7,0.2397,"Обрыв выгрузки на 4-м колене: получил 45 тыс ₸ от 1; исходящие не выгружены — роль «конечный» не присваиваем, нужна доп. выгрузка",P-trunc,4,False,1,0,45000.0,0.0,1,0,0.0,,0,0,0.0005761678,0.0,1,True,0,0.0,0,False,0.06
100000006385877100,peripheral,0.5,7,0.4033,"Получил 54 тыс ₸, отдал 37 тыс ₸ (68%) — удерживает часть средств, признаков роли недостаточно",P-other,2,False,1,1,53706.62,36602.93,5,5,0.681535,0.303334,0,1,0.0020942976,0.0,1,False,1,36602.93,0,False,-0.09
100000006412162100,peripheral,0.4,19,0.0765,"Обрыв выгрузки на 4-м колене: получил 15 тыс ₸ от 1; исходящие не выгружены — роль «конечный» не присваиваем, нужна доп. выгрузка",P-trunc,4,False,1,0,15000.0,0.0,2,0,0.0,,0,0,0.0002935965,0.0,1,True,0,0.0,0,False,-0.14
100000006416061100,peripheral,0.4,3,0.1962,"Обрыв выгрузки на 4-м колене: получил 30 тыс ₸ от 1; исходящие не выгружены — роль «конечный» не присваиваем, нужна доп. выгрузка",P-trunc,4,False,1,0,30000.0,0.0,1,0,0.0,,0,0,0.0004348564,0.0,1,True,0,0.0,0,False,-0.14
100000006424479100,peripheral,0.5,13,0.5396,"Получил 500 тыс ₸, отдал 220 тыс ₸ (44%) — удерживает часть средств, признаков роли недостаточно",P-other,2,False,1,2,500000.0,220000.0,2,3,0.44,0.0,0,1,0.0009438232,7.31162e-05,1,False,0,0.0,0,False,1.16
100000006443391100,transit,0.639,7,0.6727,"Транзит: получил 87 тыс ₸, отдал 60 тыс ₸ (69%); 89% суммы ушло в течение 2 дн. после поступления",T2,1,False,3,2,86775.93,60041.71000000001,7,6,0.691917,0.894489,1,1,0.0024195078,1.1889e-06,1,False,2,42938.02,0,False,0.47
100000006444163100,peripheral,0.7,0,0.0986,"Разовое поступление: 6 тыс ₸ от 1 плательщика, дальше не уходило; сумма мала",P-leaf,3,False,1,0,6026.0,0.0,1,0,0.0,,0,0,0.0003189114,0.0,1,False,0,0.0,0,False,-0.4
100000006445501100,peripheral,0.7,9,0.3441,"Разовое поступление: 91 тыс ₸ от 1 плательщика, дальше не уходило; сумма мала",P-leaf,1,False,1,0,91000.0,0.0,1,0,0.0,,1,2,0.0002993713,0.0,1,False,0,0.0,0,False,-0.07
100000006446271100,terminal,0.64,2,0.5212,"Конечный получатель: 80 тыс ₸ от 2 плательщиков, исходящих ≥5 тыс ₸ нет; колено 1 — обход здесь не обрывался",E1,1,False,2,0,80000.0,0.0,2,0,0.0,,1,2,0.0003139137,0.0,2,False,0,0.0,0,False,-0.16
100000006471232100,peripheral,0.7,1,0.1258,"Разовое поступление: 42 тыс ₸ от 1 плательщика, дальше не уходило; сумма мала",P-leaf,3,False,1,0,41800.0,0.0,1,0,0.0,,0,0,0.0002920933,0.0,1,False,0,0.0,0,False,-0.4
100000006476758100,peripheral,0.7,9,0.1394,"Разовое поступление: 5 тыс ₸ от 1 плательщика, дальше не уходило; сумма мала",P-leaf,3,False,1,0,5200.0,0.0,1,0,0.0,,0,0,0.0005168074,0.0,1,False,0,0.0,0,False,-0.4
100000006490557100,peripheral,0.7,6,0.1118,"Разовое поступление: 5 тыс ₸ от 1 плательщика, дальше не уходило; сумма мала",P-leaf,2,False,1,0,5000.0,0.0,1,0,0.0,,0,1,0.0002861623,0.0,1,False,0,0.0,0,False,-0.31
100000006490615100,peripheral,0.4,13,0.2062,"Обрыв выгрузки на 4-м колене: получил 42 тыс ₸ от 1; исходящие не выгружены — роль «конечный» не присваиваем, нужна доп. выгрузка",P-trunc,4,False,1,0,41600.0,0.0,6,0,0.0,,0,0,0.0003947459,0.0,1,True,0,0.0,0,False,0.01
100000006491272100,peripheral,0.7,1,0.0892,"Разовое поступление: 26 тыс ₸ от 1 плательщика, дальше не уходило; сумма мала",P-leaf,3,False,1,0,26200.0,0.0,1,0,0.0,,0,0,0.0002896585,0.0,1,False,0,0.0,0,False,-0.4
100000006491963100,peripheral,0.4,19,0.0831,"Обрыв выгрузки на 4-м колене: получил 16 тыс ₸ от 1; исходящие не выгружены — роль «конечный» не присваиваем, нужна доп. выгрузка",P-trunc,4,False,1,0,16000.0,0.0,3,0,0.0,,0,0,0.0002941317,0.0,1,True,0,0.0,0,False,-0.14
100000006492770100,peripheral,0.5,0,0.2949,"Получил 269 тыс ₸, отдал 20 тыс ₸ (7%) — удерживает часть средств, признаков роли недостаточно",P-other,3,False,1,1,269000.0,20000.0,1,1,0.074349,1.0,0,0,0.0003007194,1.92202e-05,1,False,0,0.0,1,False,0.78
100000006512787100,peripheral,0.4,0,0.1827,"Обрыв выгрузки на 4-м колене: получил 20 тыс ₸ от 1; исходящие не выгружены — роль «конечный» не присваиваем, нужна доп. выгрузка",P-trunc,4,False,1,0,20000.0,0.0,2,0,0.0,,0,0,0.0005300462,0.0,1,True,0,0.0,0,False,-0.14
100000006518161100,transit,0.854,5,0.7949,"Транзит: получил 594 тыс ₸, отдал 596 тыс ₸ (100%); 71% суммы ушло в течение 2 дн. после поступления",T1,1,False,3,2,594200.0,595899.0,13,13,1.002859,0.714717,1,2,0.0008108053,5.78589e-05,2,False,1,23000.0,3,False,1.68
100000006522972100,peripheral,0.7,4,0.0855,"Разовое поступление: 10 тыс ₸ от 1 плательщика, дальше не уходило; сумма мала",P-leaf,3,False,1,0,9515.0,0.0,1,0,0.0,,0,0,0.0003033101,0.0,1,False,0,0.0,0,False,-0.4
100000006523053100,peripheral,0.7,2,0.2511,"Разовое поступление: 5 тыс ₸ от 1 плательщика, дальше не уходило; сумма мала",P-leaf,2,False,1,0,5000.0,0.0,1,0,0.0,,0,1,0.0005386541,0.0,1,False,0,0.0,0,False,-0.31
100000006527156100,peripheral,0.4,46,0.149,"Обрыв выгрузки на 4-м колене: получил 48 тыс ₸ от 1; исходящие не выгружены — роль «конечный» не присваиваем, нужна доп. выгрузка",P-trunc,4,False,1,0,48500.0,0.0,1,0,0.0,,0,0,0.0002960785,0.0,1,True,0,0.0,0,False,0.12
100000006530134100,terminal,0.672,4,0.3704,"Конечный получатель: 145 тыс ₸ от 2 плательщиков, исходящих ≥5 тыс ₸ нет; колено 3 — обход здесь не обрывался",E1,3,False,2,0,144663.0,0.0,2,0,0.0,,0,0,0.0002990878,0.0,1,False,0,0.0,0,False,0.32
100000006532229100,peripheral,0.7,10,0.2016,"Разовое поступление: 105 тыс ₸ от 1 плательщика, дальше не уходило; сумма мала",P-leaf,3,False,1,0,105000.0,0.0,1,0,0.0,,0,0,0.0003006352,0.0,1,False,0,0.0,0,False,0.1
100000006534886100,peripheral,0.5,5,0.4416,"Получил 72 тыс ₸, отдал 168 тыс ₸ (234%) — отдаёт больше полученного: вероятны поступления извне выборки",P-other,2,False,1,1,71700.0,167500.0,5,8,2.336123,0.483582,0,1,0.0011276986,0.0,1,False,1,71700.0,0,True,0.49
100000006557763100,peripheral,0.7,2,0.2298,"Разовое поступление: 10 тыс ₸ от 1 плательщика, дальше не уходило; сумма мала",P-leaf,2,False,1,0,10000.0,0.0,1,0,0.0,,0,1,0.0003471752,0.0,1,False,0,0.0,0,False,-0.31
100000006562026100,terminal,0.637,53,0.5892,"Конечный получатель: 75 тыс ₸ от 2 плательщиков, исходящих ≥5 тыс ₸ нет; колено 1 — обход здесь не обрывался",E1,1,False,2,0,75000.0,0.0,6,0,0.0,,2,2,0.0006853596,0.0,1,False,0,0.0,0,False,-0.21
100000006564102100,terminal,0.667,2,0.5619,"Конечный получатель: 233 тыс ₸ от 1 плательщиков, исходящих ≥5 тыс ₸ нет; колено 2 — обход здесь не обрывался",E1,2,False,1,0,233235.0,0.0,1,0,0.0,,0,1,0.0004280959,0.0,1,False,0,0.0,0,False,0.48
100000006567935100,terminal,0.65,30,0.5126,"Конечный получатель: 200 тыс ₸ от 1 плательщиков, исходящих ≥5 тыс ₸ нет; колено 2 — обход здесь не обрывался",E1,2,False,1,0,200000.0,0.0,1,0,0.0,,0,1,0.000310556,0.0,1,False,0,0.0,0,False,0.39
100000006573438100,peripheral,0.7,41,0.0639,"Разовое поступление: 5 тыс ₸ от 1 плательщика, дальше не уходило; сумма мала",P-leaf,3,False,1,0,5000.0,0.0,1,0,0.0,,0,0,0.0002990869,0.0,1,False,0,0.0,0,False,-0.4
100000006579678100,peripheral,0.5,5,0.5519,"Получил 193 тыс ₸, отдал 1,7 млн ₸ (865%) — отдаёт больше полученного: вероятны поступления извне выборки",P-other,1,False,2,6,192930.0,1668800.0,2,15,8.649769,0.120805,1,1,0.0006256439,0.0004489436,1,False,2,192930.0,1,False,1.98
100000006595426100,peripheral,0.7,0,0.3299,"Разовое поступление: 85 тыс ₸ от 1 плательщика, дальше не уходило; сумма мала",P-leaf,2,False,1,0,84800.0,0.0,3,0,0.0,,0,1,0.0003343198,0.0,1,False,0,0.0,0,False,-0.13
100000006612238100,peripheral,0.5,1,0.3687,"Получил 160 тыс ₸, отдал 25 тыс ₸ (16%) — удерживает часть средств, признаков роли недостаточно",P-other,2,False,1,1,160000.0,25000.0,1,1,0.15625,1.0,0,1,0.0003399113,0.0,1,False,1,25000.0,0,False,0.34
100000006638021100,peripheral,0.4,47,0.332,"Обрыв выгрузки на 4-м колене: получил 388 тыс ₸ от 2; исходящие не выгружены — роль «конечный» не присваиваем, нужна доп. выгрузка",P-trunc,4,False,2,0,388500.0,0.0,2,0,0.0,,0,0,0.0005444857,0.0,2,True,0,0.0,0,False,4.73
100000006641671100,transit,0.764,3,0.4701,"Транзит: получил 22 тыс ₸, отдал 25 тыс ₸ (114%); 80% суммы ушло в течение 2 дн. после поступления",T1,3,False,2,1,22000.0,25000.0,2,3,1.136364,0.8,0,0,0.0004399911,5.449e-06,1,False,0,0.0,2,False,0.27
100000006656003100,peripheral,0.5,1,0.2008,"Получил 20 тыс ₸, отдал 9 тыс ₸ (45%) — удерживает часть средств, признаков роли недостаточно",P-other,1,False,1,1,20000.0,9000.0,1,1,0.45,1.0,1,1,0.0002897671,0.0,1,False,1,9000.0,0,False,-0.24
100000006658598100,peripheral,0.7,5,0.1241,"Разовое поступление: 9 тыс ₸ от 1 плательщика, дальше не уходило; сумма мала",P-leaf,1,False,1,0,9000.0,0.0,1,0,0.0,,1,1,0.000286537,0.0,1,False,0,0.0,0,False,-0.48
100000006664478100,transit,0.742,27,0.5397,"Транзит: получил 55 тыс ₸, отдал 60 тыс ₸ (109%); 67% суммы ушло в течение 2 дн. после поступления",T1,3,False,1,2,55000.0,60000.0,3,2,1.090909,0.666667,0,0,0.0006168426,1.1889e-06,1,False,0,0.0,1,False,0.27
100000006679055100,peripheral,0.7,2,0.2323,"Разовое поступление: 25 тыс ₸ от 1 плательщика, дальше не уходило; сумма мала",P-leaf,2,False,1,0,25000.0,0.0,1,0,0.0,,0,1,0.0003008464,0.0,1,False,0,0.0,0,False,-0.31
100000006684930100,peripheral,0.7,13,0.1841,"Разовое поступление: 10 тыс ₸ от 1 плательщика, дальше не уходило; сумма мала",P-leaf,2,False,1,0,10000.0,0.0,1,0,0.0,,0,1,0.0002987344,0.0,1,False,0,0.0,0,False,-0.31
100000006687202100,peripheral,0.7,0,0.2552,"Разовое поступление: 50 тыс ₸ от 1 плательщика, дальше не уходило; сумма мала",P-leaf,1,False,1,0,50000.0,0.0,1,0,0.0,,1,1,0.0002949519,0.0,1,False,0,0.0,0,False,-0.48
100000006689603100,peripheral,0.4,3,0.2733,"Обрыв выгрузки на 4-м колене: получил 400 тыс ₸ от 1; исходящие не выгружены — роль «конечный» не присваиваем, нужна доп. выгрузка",P-trunc,4,False,1,0,400000.0,0.0,2,0,0.0,,0,0,0.0003123894,0.0,1,True,0,0.0,0,False,1.58
100000006693788100,peripheral,0.4,0,0.1599,"Обрыв выгрузки на 4-м колене: получил 11 тыс ₸ от 1; исходящие не выгружены — роль «конечный» не присваиваем, нужна доп. выгрузка",P-trunc,4,False,1,0,10764.0,0.0,1,0,0.0,,0,0,0.0005320949,0.0,1,True,0,0.0,0,False,-0.14
100000006701983100,peripheral,0.7,1,0.0918,"Разовое поступление: 27 тыс ₸ от 1 плательщика, дальше не уходило; сумма мала",P-leaf,3,False,1,0,27000.0,0.0,1,0,0.0,,0,0,0.0002897834,0.0,1,False,0,0.0,0,False,-0.4
100000006704530100,transit,0.45,26,0.5961,"Транзит: получил 450 тыс ₸, отдал 428 тыс ₸ (95%); 0% суммы ушло в течение 2 дн. после поступления",T1,3,False,1,3,450500.0,428000.0,1,5,0.950055,0.0,0,0,0.0003985422,5.88496e-05,1,False,0,0.0,0,False,1.52
100000006706519100,peripheral,0.4,0,0.1979,"Обрыв выгрузки на 4-м колене: получил 36 тыс ₸ от 1; исходящие не выгружены — роль «конечный» не присваиваем, нужна доп. выгрузка",P-trunc,4,False,1,0,36000.0,0.0,3,0,0.0,,0,0,0.0003907109,0.0,1,True,0,0.0,0,False,-0.09
100000006707582100,distributor,0.667,9,0.8146,"Веерная рассылка: 961 тыс ₸ на 14 получателей (15 переводов), плательщиков в выборке: 2",D1,1,False,2,14,39520.0,961138.0,2,15,24.320294,0.947978,1,1,0.0005380556,0.0003634674,1,False,1,17520.0,11,False,3.07
100000006710485100,peripheral,0.7,1,0.0644,"Разовое поступление: 20 тыс ₸ от 1 плательщика, дальше не уходило; сумма мала",P-leaf,3,False,1,0,20000.0,0.0,1,0,0.0,,0,0,0.0002886908,0.0,1,False,0,0.0,0,False,-0.4
100000006714366100,peripheral,0.5,13,0.1084,"Получил 10 тыс ₸, отдал 5 тыс ₸ (48%) — удерживает часть средств, признаков роли недостаточно",P-other,3,False,1,1,10500.0,5000.0,1,1,0.47619,1.0,0,0,0.0002894562,1.92202e-05,1,False,0,0.0,1,False,-0.06
100000006734214100,consolidator,0.75,4,0.7436,"Сбор средств: 610 тыс ₸ от 5 плательщиков (из них seed: 0), дальше ушло 6% полученного; до 2 плательщиков в один день",K1,3,False,5,3,610000.0,36000.0,10,4,0.059016,0.722222,0,0,0.0006063901,5.94441e-05,2,False,0,0.0,2,False,1.96
100000006734554100,peripheral,0.5,29,0.3198,"Получил 16 тыс ₸, отдал 25 тыс ₸ (152%) — отдаёт больше полученного: вероятны поступления извне выборки",P-other,1,False,1,1,16500.0,25000.0,1,1,1.515152,0.0,1,1,0.0003119417,5.944e-07,1,False,0,0.0,0,False,-0.24
100000006735545100,peripheral,0.4,3,0.0467,"Обрыв выгрузки на 4-м колене: получил 5 тыс ₸ от 1; исходящие не выгружены — роль «конечный» не присваиваем, нужна доп. выгрузка",P-trunc,4,False,1,0,5000.0,0.0,1,0,0.0,,0,0,0.0002932717,0.0,1,True,0,0.0,0,False,-0.14
100000006745291100,peripheral,0.7,9,0.3344,"Разовое поступление: 83 тыс ₸ от 1 плательщика, дальше не уходило; сумма мала",P-leaf,1,False,1,0,82534.0,0.0,1,0,0.0,,1,2,0.0002980872,0.0,1,False,0,0.0,0,False,-0.14
100000006746688100,peripheral,0.7,1,0.1241,"Разовое поступление: 41 тыс ₸ от 1 плательщика, дальше не уходило; сумма мала",P-leaf,3,False,1,0,41000.0,0.0,1,0,0.0,,0,0,0.0002919685,0.0,1,False,0,0.0,0,False,-0.4
100000006755850100,terminal,0.772,4,0.6633,"Конечный получатель: 443 тыс ₸ от 1 плательщиков, исходящих ≥5 тыс ₸ нет; колено 2 — обход здесь не обрывался",E1,2,False,1,0,443475.8,0.0,3,0,0.0,,0,2,0.0006492086,0.0,1,False,0,0.0,0,False,0.86
100000006756956100,peripheral,0.4,0,0.2233,"Обрыв выгрузки на 4-м колене: получил 121 тыс ₸ от 1; исходящие не выгружены — роль «конечный» не присваиваем, нужна доп. выгрузка",P-trunc,4,False,1,0,121200.0,0.0,9,0,0.0,,0,0,0.000310947,0.0,1,True,0,0.0,0,False,0.75
100000006787636100,peripheral,0.7,54,0.2625,"Разовое поступление: 20 тыс ₸ от 1 плательщика, дальше не уходило; сумма мала",P-leaf,2,False,1,0,20000.0,0.0,1,0,0.0,,0,1,0.0003581034,0.0,1,False,0,0.0,0,False,-0.31
100000006788200100,peripheral,0.5,6,0.4559,"Получил 272 тыс ₸, отдал 64 тыс ₸ (24%) — удерживает часть средств, признаков роли недостаточно",P-other,1,False,4,3,272155.8,64500.0,4,4,0.236997,0.0,1,1,0.0003371634,9.68938e-05,1,False,0,0.0,0,False,0.94
100000006789108100,peripheral,0.7,9,0.2712,"Разовое поступление: 38 тыс ₸ от 1 плательщика, дальше не уходило; сумма мала",P-leaf,1,False,1,0,37500.0,0.0,1,0,0.0,,1,2,0.0002912569,0.0,1,False,0,0.0,0,False,-0.48
100000006831291100,peripheral,0.6,53,0.031,Seed-клиент: отправил 15 тыс ₸ на 1 получателей; признаков сбора или веера нет,P-seed,0,True,0,1,0.0,15000.0,0,3,,,0,0,0.0002855693,0.0,0,False,0,0.0,0,False,0.01
100000006844004100,peripheral,0.7,0,0.1933,"Разовое поступление: 21 тыс ₸ от 1 плательщика, дальше не уходило; сумма мала",P-leaf,3,False,1,0,20600.0,0.0,1,0,0.0,,0,0,0.0005454417,0.0,1,False,0,0.0,0,False,-0.4
100000006844768100,transit,0.6,0,0.7312,"Транзит: получил 282 тыс ₸, отдал 188 тыс ₸ (67%); 87% суммы ушло в течение 2 дн. после поступления",T2,2,False,1,2,282000.0,188000.0,5,5,0.666667,0.867021,0,1,0.0013707774,3.88368e-05,1,False,1,175000.0,1,False,0.9
100000006852430100,peripheral,0.7,9,0.3761,"Разовое поступление: 37 тыс ₸ от 1 плательщика, дальше не уходило; сумма мала",P-leaf,2,False,1,0,37000.0,0.0,1,0,0.0,,0,2,0.000536202,0.0,1,False,0,0.0,0,False,-0.31
100000006866783100,coordinator,1.0,0,0.9333,"Хаб: собирает и раздаёт: 13 плательщиков → 67 получателей, через узел 3,9 млн ₸; 1 seed в 2 шагах выше; посредничество выше 99% узлов",C1,0,True,13,67,838812.0,3948037.0,31,90,,1.0,0,1,0.0008703719,0.0060452253,5,False,886,13109436.0,273,False,3.57
100000006866831100,peripheral,0.4,3,0.1499,"Обрыв выгрузки на 4-м колене: получил 16 тыс ₸ от 1; исходящие не выгружены — роль «конечный» не присваиваем, нужна доп. выгрузка",P-trunc,4,False,1,0,16500.0,0.0,1,0,0.0,,0,0,0.0003676772,0.0,1,True,0,0.0,0,False,-0.14
100000006882208100,peripheral,0.7,5,0.1951,"Разовое поступление: 18 тыс ₸ от 1 плательщика, дальше не уходило; сумма мала",P-leaf,3,False,1,0,18000.0,0.0,1,0,0.0,,0,0,0.0006403184,0.0,1,False,0,0.0,0,False,-0.4
100000006888238100,peripheral,0.5,59,0.3964,"Получил 18 тыс ₸, отдал 30 тыс ₸ (167%) — отдаёт больше полученного: вероятны поступления извне выборки",P-other,2,False,1,1,18000.0,30000.0,1,1,1.666667,0.0,0,1,0.0006097536,3.963e-07,1,False,0,0.0,0,False,-0.22
100000006889963100,consolidator,0.9,4,0.8924,"Сбор средств: 1,4 млн ₸ от 4 плательщиков (из них seed: 2), дальше ушло 31% полученного; до 4 плательщиков в один день",K2,1,False,4,1,1431000.0,443475.8,6,3,0.309906,1.0,2,4,0.0004272604,2.51647e-05,4,False,0,0.0,4,False,1.98
100000006894637100,peripheral,0.7,0,0.1317,"Разовое поступление: 53 тыс ₸ от 1 плательщика, дальше не уходило; сумма мала",P-leaf,3,False,1,0,52831.0,0.0,1,0,0.0,,0,0,0.0002902545,0.0,1,False,0,0.0,0,False,-0.36
100000006901046100,peripheral,0.5,5,0.3979,"Получил 76 тыс ₸, отдал 6 тыс ₸ (7%) — удерживает часть средств, признаков роли недостаточно",P-other,2,False,1,1,75800.0,5500.0,3,1,0.072559,1.0,0,1,0.0029998777,0.0,1,False,1,5500.0,0,False,-0.15
100000006903193100,peripheral,0.4,0,0.0811,"Обрыв выгрузки на 4-м колене: получил 9 тыс ₸ от 1; исходящие не выгружены — роль «конечный» не присваиваем, нужна доп. выгрузка",P-trunc,4,False,1,0,9000.0,0.0,1,0,0.0,,0,0,0.0003016045,0.0,1,True,0,0.0,0,False,-0.14
100000006912294100,peripheral,0.5,7,0.3634,"Получил 6 тыс ₸, отдал 30 тыс ₸ (474%) — отдаёт больше полученного: вероятны поступления извне выборки",P-other,2,False,1,2,6335.09,30000.0,1,2,4.735529,0.0,0,1,0.0004989221,5.944e-07,1,False,1,6335.09,0,False,-0.12
100000006918814100,peripheral,0.4,2,0.1192,"Обрыв выгрузки на 4-м колене: получил 20 тыс ₸ от 1; исходящие не выгружены — роль «конечный» не присваиваем, нужна доп. выгрузка",P-trunc,4,False,1,0,20000.0,0.0,2,0,0.0,,0,0,0.000304328,0.0,1,True,0,0.0,0,False,-0.14
100000006919124100,peripheral,0.7,0,0.066,"Разовое поступление: 25 тыс ₸ от 1 плательщика, дальше не уходило; сумма мала",P-leaf,3,False,1,0,25000.0,0.0,1,0,0.0,,0,0,0.0002869773,0.0,1,False,0,0.0,0,False,-0.4
100000006952718100,peripheral,0.7,5,0.2663,"Разовое поступление: 71 тыс ₸ от 1 плательщика, дальше не уходило; сумма мала",P-leaf,1,False,1,0,71489.0,0.0,1,0,0.0,,1,1,0.0002932557,0.0,1,False,0,0.0,0,False,-0.24
100000006965162100,peripheral,0.7,28,0.0964,"Разовое поступление: 10 тыс ₸ от 1 плательщика, дальше не уходило; сумма мала",P-leaf,3,False,1,0,10000.0,0.0,1,0,0.0,,0,0,0.0003092891,0.0,1,False,0,0.0,0,False,-0.4
100000006967370100,peripheral,0.5,16,0.189,"Получил 33 тыс ₸, отдал 14 тыс ₸ (41%) — удерживает часть средств, признаков роли недостаточно",P-other,3,False,1,1,33225.0,13526.27,1,1,0.407111,1.0,0,0,0.0002935943,1.92202e-05,1,False,0,0.0,1,False,-0.06
100000006972210100,consolidator,0.95,7,0.7909,"Сбор средств: 489 тыс ₸ от 3 плательщиков (из них seed: 3), дальше ушло 0% полученного",K2,1,False,3,0,488775.0,0.0,4,0,0.0,,3,4,0.000346296,0.0,1,False,0,0.0,0,False,1.07
100000006977207100,distributor,0.675,3,0.7828,"Веерная рассылка: 4,2 млн ₸ на 15 получателей (15 переводов), плательщиков в выборке: 1",D1,2,False,1,15,414000.0,4157018.0,1,15,10.041106,0.0,0,1,0.0003478855,3.27735e-05,1,False,0,0.0,0,False,2.26
100000006989106100,peripheral,0.7,6,0.35,"Разовое поступление: 64 тыс ₸ от 1 плательщика, дальше не уходило; сумма мала",P-leaf,2,False,1,0,64000.0,0.0,2,0,0.0,,0,1,0.0004956409,0.0,1,False,0,0.0,0,False,-0.3
100000006989232100,peripheral,0.7,0,0.0616,"Разовое поступление: 22 тыс ₸ от 1 плательщика, дальше не уходило; сумма мала",P-leaf,3,False,1,0,22194.0,0.0,1,0,0.0,,0,0,0.0002875375,0.0,1,False,0,0.0,0,False,-0.4
100000006994985100,peripheral,0.5,6,0.401,"Получил 48 тыс ₸, отдал 10 тыс ₸ (21%) — удерживает часть средств, признаков роли недостаточно",P-other,2,False,1,1,48500.0,10200.0,2,2,0.210309,1.0,0,1,0.0005013305,1.96165e-05,1,False,0,0.0,1,False,-0.22
100000007005380100,peripheral,0.7,4,0.0844,"Разовое поступление: 9 тыс ₸ от 1 плательщика, дальше не уходило; сумма мала",P-leaf,3,False,1,0,9400.0,0.0,1,0,0.0,,0,0,0.0003030957,0.0,1,False,0,0.0,0,False,-0.4
100000007018630100,peripheral,0.6,61,0.1632,Seed-клиент: отправил 200 тыс ₸ на 1 получателей; признаков сбора или веера нет,P-seed,0,True,0,1,0.0,200000.0,0,5,,,0,0,0.0002855693,0.0,0,False,0,0.0,0,False,0.48
100000007020162100,peripheral,0.7,14,0.2048,"Разовое поступление: 86 тыс ₸ от 1 плательщика, дальше не уходило; сумма мала",P-leaf,3,False,1,0,86395.0,0.0,1,0,0.0,,0,0,0.000309989,0.0,1,False,0,0.0,0,False,-0.03
100000007022818100,peripheral,0.7,1,0.0527,"Разовое поступление: 17 тыс ₸ от 1 плательщика, дальше не уходило; сумма мала",P-leaf,3,False,1,0,17200.0,0.0,1,0,0.0,,0,0,0.0002882538,0.0,1,False,0,0.0,0,False,-0.4
100000007034089100,peripheral,0.4,7,0.2554,"Обрыв выгрузки на 4-м колене: получил 198 тыс ₸ от 2; исходящие не выгружены — роль «конечный» не присваиваем, нужна доп. выгрузка",P-trunc,4,False,2,0,198000.0,0.0,2,0,0.0,,0,0,0.000321116,0.0,2,True,0,0.0,0,False,4.73
100000007042175100,peripheral,0.4,0,0.2488,"Обрыв выгрузки на 4-м колене: получил 60 тыс ₸ от 1; исходящие не выгружены — роль «конечный» не присваиваем, нужна доп. выгрузка",P-trunc,4,False,1,0,60000.0,0.0,1,0,0.0,,0,0,0.0005340059,0.0,1,True,0,0.0,0,False,0.26
100000007055802100,consolidator,0.9,0,0.8689,"Сбор средств: 2,0 млн ₸ от 6 плательщиков (из них seed: 1), дальше ушло 30% полученного; до 4 плательщиков в один день",K1,1,False,6,1,2024999.0,605000.0,34,7,0.298766,1.0,1,1,0.0011819244,4.3592e-06,4,False,1,204999.0,5,False,2.22
100000007071852100,peripheral,0.4,3,0.2883,"Обрыв выгрузки на 4-м колене: получил 195 тыс ₸ от 1; исходящие не выгружены — роль «конечный» не присваиваем, нужна доп. выгрузка",P-trunc,4,False,1,0,195000.0,0.0,1,0,0.0,,0,0,0.0004435148,0.0,1,True,0,0.0,0,False,1.08
100000007129492100,transit,0.726,9,0.5984,"Транзит: получил 51 тыс ₸, отдал 37 тыс ₸ (73%); 100% суммы ушло в течение 2 дн. после поступления",T2,1,False,2,1,50990.0,37000.0,2,1,0.725632,1.0,2,4,0.0002945171,2.51647e-05,1,False,0,0.0,1,False,-0.01
100000007131370100,transit,0.5,15,0.4732,"Транзит: получил 30 тыс ₸, отдал 30 тыс ₸ (100%); 0% суммы ушло в течение 2 дн. после поступления",T1,3,False,1,1,30000.0,30000.0,1,1,1.0,0.0,0,0,0.000899989,0.0,1,False,1,30000.0,0,False,-0.06
100000007138613100,peripheral,0.5,0,0.384,"Получил 1,0 млн ₸, отдал 179 тыс ₸ (18%) — удерживает часть средств, признаков роли недостаточно",P-other,3,False,3,2,1002000.0,179000.0,3,2,0.178643,0.0,0,0,0.0003541752,3.88368e-05,1,False,0,0.0,0,False,1.72
100000007140834100,peripheral,0.7,6,0.1772,"Разовое поступление: 10 тыс ₸ от 1 плательщика, дальше не уходило; сумма мала",P-leaf,3,False,1,0,10200.0,0.0,2,0,0.0,,0,0,0.00071226,0.0,1,False,0,0.0,0,False,-0.4
100000007153161100,peripheral,0.4,0,0.2272,"Обрыв выгрузки на 4-м колене: получил 45 тыс ₸ от 1; исходящие не выгружены — роль «конечный» не присваиваем, нужна доп. выгрузка",P-trunc,4,False,1,0,44997.0,0.0,1,0,0.0,,0,0,0.0005309452,0.0,1,True,0,0.0,0,False,0.06
100000007170072100,transit,0.995,3,0.5013,"Транзит: получил 100 тыс ₸, отдал 100 тыс ₸ (100%); 100% суммы ушло в течение 2 дн. после поступления",T1,3,False,1,2,100000.0,99500.0,1,9,0.995,1.0,0,0,0.0003076581,3.84405e-05,1,False,0,0.0,2,True,0.53
100000007173936100,peripheral,0.7,30,0.1296,"Разовое поступление: 10 тыс ₸ от 1 плательщика, дальше не уходило; сумма мала",P-leaf,2,False,1,0,10000.0,0.0,1,0,0.0,,0,1,0.0002868186,0.0,1,False,0,0.0,0,False,-0.31
100000007175718100,peripheral,0.7,45,0.224,"Разовое поступление: 20 тыс ₸ от 1 плательщика, дальше не уходило; сумма мала",P-leaf,1,False,1,0,20000.0,0.0,1,0,0.0,,1,1,0.0003031866,0.0,1,False,0,0.0,0,False,-0.48
100000007181706100,terminal,0.688,2,0.565,"Конечный получатель: 176 тыс ₸ от 2 плательщиков, исходящих ≥5 тыс ₸ нет; колено 1 — обход здесь не обрывался",E1,1,False,2,0,176272.0,0.0,2,0,0.0,,1,2,0.0003190664,0.0,2,False,0,0.0,0,False,0.38
100000007197866100,transit,0.75,3,0.3571,"Транзит: получил 20 тыс ₸, отдал 15 тыс ₸ (75%); 100% суммы ушло в течение 2 дн. после поступления",T2,3,False,1,1,20000.0,15000.0,1,1,0.75,1.0,0,0,0.0002896385,1.92202e-05,1,False,0,0.0,1,False,-0.06
100000007229557100,terminal,1.0,17,0.4919,"Конечный получатель: 878 тыс ₸ от 3 плательщиков, исходящих ≥5 тыс ₸ нет; колено 3 — обход здесь не обрывался",E1,3,False,3,0,878000.0,0.0,3,0,0.0,,0,0,0.0003942093,0.0,3,False,0,0.0,0,False,1.52
100000007242833100,peripheral,0.5,11,0.4944,"Получил 108 тыс ₸, отдал 45 тыс ₸ (42%) — удерживает часть средств, признаков роли недостаточно",P-other,2,False,1,1,107500.0,45000.0,3,2,0.418605,1.0,0,2,0.0005138001,1.98147e-05,1,False,0,0.0,1,False,0.22
100000007267915100,peripheral,0.5,16,0.1556,"Получил 21 тыс ₸, отдал 10 тыс ₸ (48%) — удерживает часть средств, признаков роли недостаточно",P-other,3,False,2,1,21000.0,10000.0,3,1,0.47619,1.0,0,0,0.0002913946,1.673e-06,1,False,0,0.0,1,False,0.27
100000007274584100,peripheral,0.7,2,0.2804,"Разовое поступление: 38 тыс ₸ от 1 плательщика, дальше не уходило; сумма мала",P-leaf,1,False,1,0,38000.0,0.0,1,0,0.0,,1,2,0.0002931783,0.0,1,False,0,0.0,0,False,-0.48
100000007281639100,terminal,0.708,5,0.5772,"Конечный получатель: 217 тыс ₸ от 2 плательщиков, исходящих ≥5 тыс ₸ нет; колено 1 — обход здесь не обрывался",E1,1,False,2,0,216770.0,0.0,4,0,0.0,,1,2,0.0003235711,0.0,1,False,0,0.0,0,False,0.52
100000007283257100,terminal,0.646,65,0.5468,"Конечный получатель: 192 тыс ₸ от 1 плательщиков, исходящих ≥5 тыс ₸ нет; колено 1 — обход здесь не обрывался",E1,1,False,1,0,192000.0,0.0,7,0,0.0,,1,1,0.0003890688,0.0,1,False,0,0.0,0,False,0.43
100000007289427100,peripheral,0.7,2,0.245,"Разовое поступление: 12 тыс ₸ от 1 плательщика, дальше не уходило; сумма мала",P-leaf,2,False,1,0,12300.0,0.0,1,0,0.0,,0,1,0.000373627,0.0,1,False,0,0.0,0,False,-0.31
100000007303047100,peripheral,0.7,1,0.1483,"Разовое поступление: 52 тыс ₸ от 1 плательщика, дальше не уходило; сумма мала",P-leaf,3,False,1,0,52250.0,0.0,1,0,0.0,,0,0,0.0002937244,0.0,1,False,0,0.0,0,False,-0.37
100000007311010100,peripheral,0.5,2,0.4141,"Получил 64 тыс ₸, отдал 20 тыс ₸ (31%) — удерживает часть средств, признаков роли недостаточно",P-other,1,False,2,1,64480.0,20000.0,2,1,0.310174,0.0,1,2,0.0003093598,2.39758e-05,1,False,0,0.0,0,False,-0.01
100000007322059100,peripheral,0.5,32,0.4238,"Получил 29 тыс ₸, отдал 22 тыс ₸ (78%) — удерживает часть средств, признаков роли недостаточно",P-other,2,False,2,1,29000.0,22500.0,2,2,0.775862,0.688889,0,1,0.0006801572,4.00257e-05,1,False,1,5000.0,1,False,-0.12
100000007330432100,peripheral,0.4,70,0.3444,"Обрыв выгрузки на 4-м колене: получил 585 тыс ₸ от 1; исходящие не выгружены — роль «конечный» не присваиваем, нужна доп. выгрузка",P-trunc,4,False,1,0,584900.0,0.0,1,0,0.0,,0,0,0.000538176,0.0,1,True,0,0.0,0,False,1.85
100000007333038100,peripheral,0.5,12,0.212,"Получил 18 тыс ₸, отдал 35 тыс ₸ (200%) — отдаёт больше полученного: вероятны поступления извне выборки",P-other,3,False,1,2,17500.0,34994.0,1,2,1.999657,0.0,0,0,0.0002996892,1.5852e-06,1,False,0,0.0,0,False,0.27
100000007334196100,peripheral,0.7,9,0.3827,"Разовое поступление: 150 тыс ₸ от 1 плательщика, дальше не уходило; сумма мала",P-leaf,1,False,1,0,150002.0,0.0,1,0,0.0,,1,2,0.0003083201,0.0,1,False,0,0.0,0,False,0.27
100000007337374100,peripheral,0.7,1,0.1931,"Разовое поступление: 20 тыс ₸ от 1 плательщика, дальше не уходило; сумма мала",P-leaf,2,False,1,0,20000.0,0.0,2,0,0.0,,0,1,0.000292362,0.0,1,False,0,0.0,0,False,-0.31
100000007347733100,peripheral,0.7,53,0.2656,"Разовое поступление: 23 тыс ₸ от 1 плательщика, дальше не уходило; сумма мала",P-leaf,1,False,1,0,23007.0,0.0,1,0,0.0,,1,1,0.000345684,0.0,1,False,0,0.0,0,False,-0.48
100000007357489100,peripheral,0.4,7,0.2385,"Обрыв выгрузки на 4-м колене: получил 164 тыс ₸ от 2; исходящие не выгружены — роль «конечный» не присваиваем, нужна доп. выгрузка",P-trunc,4,False,2,0,164500.0,0.0,2,0,0.0,,0,0,0.0003129595,0.0,2,True,0,0.0,0,False,4.73
100000007381662100,peripheral,0.4,0,0.0779,"Обрыв выгрузки на 4-м колене: получил 11 тыс ₸ от 1; исходящие не выгружены — роль «конечный» не присваиваем, нужна доп. выгрузка",P-trunc,4,False,1,0,11000.0,0.0,1,0,0.0,,0,0,0.0002968339,0.0,1,True,0,0.0,0,False,-0.14
100000007382152100,peripheral,0.7,0,0.1175,"Разовое поступление: 6 тыс ₸ от 1 плательщика, дальше не уходило; сумма мала",P-leaf,2,False,1,0,5860.0,0.0,1,0,0.0,,0,1,0.0002864809,0.0,1,False,0,0.0,0,False,-0.31
100000007382543100,peripheral,0.5,28,0.5455,"Получил 218 тыс ₸, отдал 427 тыс ₸ (196%) — отдаёт больше полученного: вероятны поступления извне выборки",P-other,2,False,3,5,218000.0,427000.0,3,8,1.958716,0.234192,0,1,0.0011904909,0.0002444771,1,False,2,210000.0,1,False,1.09
100000007390016100,transit,0.536,71,0.5812,"Транзит: получил 511 тыс ₸, отдал 346 тыс ₸ (68%); 72% суммы ушло в течение 2 дн. после поступления",T2,3,False,1,1,511000.0,346500.0,13,14,0.678082,0.715729,0,0,0.0018430014,0.0,1,False,1,346500.0,0,True,1.51
100000007392365100,peripheral,0.5,40,0.289,"Получил 10 тыс ₸, отдал 1,8 млн ₸ (9900%) — отдаёт больше полученного: вероятны поступления извне выборки",P-other,3,False,1,6,9613.0,1765600.0,1,9,183.66795,0.0,0,0,0.0002861107,0.0001153215,1,False,0,0.0,0,False,1.99
100000007442518100,coordinator,0.931,30,0.9222,"Хаб: собирает и раздаёт: 5 плательщиков → 9 получателей, через узел 4,4 млн ₸; 1 seed в 2 шагах выше; посредничество выше 96% узлов",C1,1,False,5,9,510000.0,4419999.0,8,12,8.666665,0.899321,1,1,0.0006487732,0.0002522409,1,False,1,115000.0,7,False,2.64
100000007472293100,peripheral,0.5,47,0.2495,"Получил 5 тыс ₸, отдал 346 тыс ₸ (6918%) — отдаёт больше полученного: вероятны поступления извне выборки",P-other,3,False,1,3,5000.0,345900.0,1,3,69.18,0.0,0,0,0.0002863329,4.80341e-05,1,False,0,0.0,0,False,0.91
100000007484343100,terminal,0.613,0,0.2474,"Конечный получатель: 27 тыс ₸ от 2 плательщиков, исходящих ≥5 тыс ₸ нет; колено 3 — обход здесь не обрывался",E1,3,False,2,0,26757.0,0.0,2,0,0.0,,0,0,0.0002891334,0.0,2,False,0,0.0,0,False,-0.06
100000007487729100,peripheral,0.7,0,0.1067,"Разовое поступление: 25 тыс ₸ от 1 плательщика, дальше не уходило; сумма мала",P-leaf,3,False,1,0,25000.0,0.0,1,0,0.0,,0,0,0.0002941149,0.0,1,False,0,0.0,0,False,-0.4
100000007507343100,terminal,0.735,52,0.6089,"Конечный получатель: 370 тыс ₸ от 1 плательщиков, исходящих ≥5 тыс ₸ нет; колено 1 — обход здесь не обрывался",E1,1,False,1,0,370000.0,0.0,1,0,0.0,,1,1,0.0006416179,0.0,1,False,0,0.0,0,False,0.88
100000007510567100,peripheral,0.4,8,0.1751,"Обрыв выгрузки на 4-м колене: получил 52 тыс ₸ от 1; исходящие не выгружены — роль «конечный» не присваиваем, нужна доп. выгрузка",P-trunc,4,False,1,0,52000.0,0.0,1,0,0.0,,0,0,0.0003050344,0.0,1,True,0,0.0,0,False,0.17
100000007510875100,peripheral,0.7,7,0.1114,"Разовое поступление: 5 тыс ₸ от 1 плательщика, дальше не уходило; сумма мала",P-leaf,3,False,1,0,5000.0,0.0,1,0,0.0,,0,0,0.0003562463,0.0,1,False,0,0.0,0,False,-0.4
100000007511163100,peripheral,0.5,5,0.4242,"Получил 64 тыс ₸, отдал 82 тыс ₸ (129%) — удерживает часть средств, признаков роли недостаточно",P-other,1,False,2,3,63666.0,82052.0,2,3,1.288788,0.597182,1,1,0.0003395973,0.0001364571,1,False,1,49000.0,0,False,0.47
100000007511780100,peripheral,0.4,0,0.2993,"Обрыв выгрузки на 4-м колене: получил 155 тыс ₸ от 1; исходящие не выгружены — роль «конечный» не присваиваем, нужна доп. выгрузка",P-trunc,4,False,1,0,155000.0,0.0,2,0,0.0,,0,0,0.0005577704,0.0,1,True,0,0.0,0,False,0.92
100000007534354100,peripheral,0.5,9,0.3875,"Получил 50 тыс ₸, отдал 148 тыс ₸ (296%) — отдаёт больше полученного: вероятны поступления извне выборки",P-other,2,False,1,3,50000.0,147810.0,1,3,2.9562,0.0,0,1,0.0003035478,2.3778e-06,1,False,0,0.0,0,False,0.38
100000007536804100,transit,0.459,6,0.5408,"Транзит: получил 100 тыс ₸, отдал 55 тыс ₸ (55%); 82% суммы ушло в течение 2 дн. после поступления",T2,1,False,1,2,100000.0,55000.0,1,2,0.55,0.818182,1,1,0.0002913035,7.926e-07,1,False,0,0.0,1,False,0.29
100000007539296100,peripheral,0.4,4,0.2386,"Обрыв выгрузки на 4-м колене: получил 46 тыс ₸ от 1; исходящие не выгружены — роль «конечный» не присваиваем, нужна доп. выгрузка",P-trunc,4,False,1,0,46000.0,0.0,2,0,0.0,,0,0,0.0005573239,0.0,1,True,0,0.0,0,False,0.08
100000007544358100,transit,0.558,5,0.6721,"Транзит: получил 322 тыс ₸, отдал 350 тыс ₸ (109%); 29% суммы ушло в течение 2 дн. после поступления",T1,1,False,2,1,322500.0,350000.0,2,3,1.085271,0.285714,1,1,0.0003405717,1.96165e-05,1,False,0,0.0,1,False,1.29
100000007591246100,peripheral,0.5,13,0.2479,"Получил 12 тыс ₸, отдал 120 тыс ₸ (984%) — отдаёт больше полученного: вероятны поступления извне выборки",P-other,3,False,1,1,12190.0,120000.0,1,1,9.844135,0.0,0,0,0.0002978931,1.0238e-06,1,False,0,0.0,0,False,0.26
100000007593823100,distributor,0.658,0,0.5448,"Веерная рассылка: 163 тыс ₸ на 13 получателей (21 переводов), плательщиков в выборке: 3",D1,3,False,3,13,25000.0,162900.0,3,21,6.516,0.400859,0,0,0.0002905921,0.0006813203,1,False,50,355600.0,6,True,4.66
100000007594394100,consolidator,0.8,18,0.8377,"Сбор средств: 395 тыс ₸ от 6 плательщиков (из них seed: 0), дальше ушло 854% полученного; до 2 плательщиков в один день",K1,2,False,6,1,395385.0,3376312.0,6,40,8.539302,0.452716,0,1,0.0004055855,3.61995e-05,2,False,1,5000.0,5,False,2.15
100000007597382100,peripheral,0.7,4,0.0363,"Разовое поступление: 16 тыс ₸ от 1 плательщика, дальше не уходило; сумма мала",P-leaf,3,False,1,0,15700.0,0.0,1,0,0.0,,0,0,0.0002860781,0.0,1,False,0,0.0,0,False,-0.4
100000007617808100,terminal,0.775,5,0.6208,"Конечный получатель: 450 тыс ₸ от 1 плательщиков, исходящих ≥5 тыс ₸ нет; колено 2 — обход здесь не обрывался",E1,2,False,1,0,450000.0,0.0,1,0,0.0,,0,2,0.0003601044,0.0,1,False,0,0.0,0,False,0.87
100000007618425100,peripheral,0.7,16,0.1344,"Разовое поступление: 39 тыс ₸ от 1 плательщика, дальше не уходило; сумма мала",P-leaf,3,False,1,0,39348.0,0.0,1,0,0.0,,0,0,0.0002950732,0.0,1,False,0,0.0,0,False,-0.4
100000007629096100,transit,0.679,0,0.7503,"Транзит: получил 1,1 млн ₸, отдал 765 тыс ₸ (71%); 93% суммы ушло в течение 2 дн. после поступления",T2,2,False,4,1,1075170.0,765205.0,5,5,0.711706,0.934612,0,1,0.0024724059,1.52573e-05,2,False,1,360000.0,3,False,1.72
100000007629121100,peripheral,0.7,2,0.2942,"Разовое поступление: 29 тыс ₸ от 1 плательщика, дальше не уходило; сумма мала",P-leaf,2,False,1,0,29000.0,0.0,1,0,0.0,,0,1,0.0003960361,0.0,1,False,0,0.0,0,False,-0.31
100000007631637100,peripheral,0.7,1,0.1582,"Разовое поступление: 15 тыс ₸ от 1 плательщика, дальше не уходило; сумма мала",P-leaf,1,False,1,0,15341.0,0.0,1,0,0.0,,1,1,0.0002887892,0.0,1,False,0,0.0,0,False,-0.48
100000007639767100,distributor,0.633,0,0.7417,"Веерная рассылка: 822 тыс ₸ на 10 получателей (13 переводов), плательщиков в выборке: 4",D1,1,False,4,10,90913.0,822244.0,4,13,9.044295,0.095166,1,1,0.00030144,0.0025112212,1,False,590,6829956.0,2,False,2.6
100000007641183100,peripheral,0.7,5,0.1895,"Разовое поступление: 28 тыс ₸ от 1 плательщика, дальше не уходило; сумма мала",P-leaf,1,False,1,0,28000.0,0.0,1,0,0.0,,1,1,0.0002885798,0.0,1,False,0,0.0,0,False,-0.48
100000007641801100,terminal,0.65,6,0.4884,"Конечный получатель: 200 тыс ₸ от 1 плательщиков, исходящих ≥5 тыс ₸ нет; колено 1 — обход здесь не обрывался",E1,1,False,1,0,200000.0,0.0,1,0,0.0,,1,1,0.0002970377,0.0,1,False,0,0.0,0,False,0.46
100000007647294100,terminal,0.743,35,0.4996,"Конечный получатель: 385 тыс ₸ от 1 плательщиков, исходящих ≥5 тыс ₸ нет; колено 3 — обход здесь не обрывался",E1,3,False,1,0,385000.0,0.0,1,0,0.0,,0,0,0.0005792181,0.0,1,False,0,0.0,0,False,0.97
100000007648946100,peripheral,0.5,13,0.2656,"Получил 20 тыс ₸, отдал 25 тыс ₸ (128%) — удерживает часть средств, признаков роли недостаточно",P-other,1,False,1,1,19550.0,25000.0,1,1,1.278772,0.0,1,1,0.0002892379,2.9131e-06,1,False,0,0.0,0,False,-0.24
100000007653003100,peripheral,0.7,16,0.2007,"Разовое поступление: 100 тыс ₸ от 1 плательщика, дальше не уходило; сумма мала",P-leaf,3,False,1,0,100000.0,0.0,1,0,0.0,,0,0,0.0003013092,0.0,1,False,0,0.0,0,False,0.07
100000007653094100,peripheral,0.4,13,0.1847,"Обрыв выгрузки на 4-м колене: получил 16 тыс ₸ от 1; исходящие не выгружены — роль «конечный» не присваиваем, нужна доп. выгрузка",P-trunc,4,False,1,0,16000.0,0.0,1,0,0.0,,0,0,0.0005754742,0.0,1,True,0,0.0,0,False,-0.14
100000007689942100,peripheral,0.5,18,0.2872,"Получил 5 тыс ₸, отдал 25 тыс ₸ (500%) — отдаёт больше полученного: вероятны поступления извне выборки",P-other,3,False,1,2,5000.0,25000.0,1,2,5.0,0.0,0,0,0.0008925911,1.98147e-05,1,False,1,5000.0,0,False,0.27
100000007731977100,peripheral,0.4,0,0.1992,"Обрыв выгрузки на 4-м колене: получил 50 тыс ₸ от 1; исходящие не выгружены — роль «конечный» не присваиваем, нужна доп. выгрузка",P-trunc,4,False,1,0,50000.0,0.0,1,0,0.0,,0,0,0.0003367722,0.0,1,True,0,0.0,0,False,0.14
100000007737775100,peripheral,0.7,33,0.0781,"Разовое поступление: 6 тыс ₸ от 1 плательщика, дальше не уходило; сумма мала",P-leaf,3,False,1,0,6000.0,0.0,1,0,0.0,,0,0,0.0003031296,0.0,1,False,0,0.0,0,False,-0.4
100000007745062100,peripheral,0.4,11,0.2859,"Обрыв выгрузки на 4-м колене: получил 100 тыс ₸ от 1; исходящие не выгружены — роль «конечный» не присваиваем, нужна доп. выгрузка",P-trunc,4,False,1,0,100000.0,0.0,1,0,0.0,,0,0,0.0006252799,0.0,1,True,0,0.0,0,False,0.62
100000007747786100,distributor,0.808,6,0.511,"Веерная рассылка: 4,2 млн ₸ на 31 получателей (35 переводов), плательщиков в выборке: 0; seed-клиент",D1,0,True,0,31,0.0,4238009.4,0,35,,,0,0,0.0002855693,0.0,0,False,0,0.0,0,False,1.14
100000007749092100,peripheral,0.5,5,0.3936,"Получил 8 тыс ₸, отдал 70 тыс ₸ (920%) — отдаёт больше полученного: вероятны поступления извне выборки",P-other,2,False,1,1,7650.0,70375.0,1,5,9.199346,0.0,0,1,0.0018044165,0.0,1,False,1,7650.0,0,False,-0.18
100000007749747100,peripheral,0.4,10,0.225,"Обрыв выгрузки на 4-м колене: получил 50 тыс ₸ от 1; исходящие не выгружены — роль «конечный» не присваиваем, нужна доп. выгрузка",P-trunc,4,False,1,0,50000.0,0.0,1,0,0.0,,0,0,0.000443622,0.0,1,True,0,0.0,0,False,0.14
100000007754369100,peripheral,0.7,0,0.1632,"Разовое поступление: 82 тыс ₸ от 1 плательщика, дальше не уходило; сумма мала",P-leaf,3,False,1,0,82424.0,0.0,1,0,0.0,,0,0,0.0002928788,0.0,1,False,0,0.0,0,False,-0.06
100000007777377100,peripheral,0.5,5,0.5279,"Получил 456 тыс ₸, отдал 10 тыс ₸ (2%) — удерживает часть средств, признаков роли недостаточно",P-other,2,False,1,2,456290.0,10000.0,7,2,0.021916,1.0,0,2,0.0003611462,0.0001359287,1,False,0,0.0,2,False,0.89
100000007793871100,peripheral,0.7,9,0.2176,"Разовое поступление: 26 тыс ₸ от 1 плательщика, дальше не уходило; сумма мала",P-leaf,3,False,1,0,26000.0,0.0,3,0,0.0,,0,0,0.0006872268,0.0,1,False,0,0.0,0,False,-0.4
100000007797290100,peripheral,0.5,0,0.3663,"Получил 100 тыс ₸, отдал 20 тыс ₸ (20%) — удерживает часть средств, признаков роли недостаточно",P-other,2,False,1,1,100000.0,20000.0,1,1,0.2,0.0,0,1,0.0003011254,1.92202e-05,1,False,0,0.0,0,False,0.08
100000007811950100,peripheral,0.4,25,0.242,"Обрыв выгрузки на 4-м колене: получил 50 тыс ₸ от 1; исходящие не выгружены — роль «конечный» не присваиваем, нужна доп. выгрузка",P-trunc,4,False,1,0,50000.0,0.0,1,0,0.0,,0,0,0.0005462285,0.0,1,True,0,0.0,0,False,0.14
100000007841978100,peripheral,0.4,4,0.3273,"Обрыв выгрузки на 4-м колене: получил 449 тыс ₸ от 1; исходящие не выгружены — роль «конечный» не присваиваем, нужна доп. выгрузка",P-trunc,4,False,1,0,449000.0,0.0,1,0,0.0,,0,0,0.0005063239,0.0,1,True,0,0.0,0,False,1.66
100000007861311100,peripheral,0.7,6,0.3068,"Разовое поступление: 45 тыс ₸ от 1 плательщика, дальше не уходило; сумма мала",P-leaf,2,False,1,0,45000.0,0.0,1,0,0.0,,0,1,0.0003585525,0.0,1,False,0,0.0,0,False,-0.31
100000007863304100,peripheral,0.7,4,0.0627,"Разовое поступление: 25 тыс ₸ от 1 плательщика, дальше не уходило; сумма мала",P-leaf,3,False,1,0,25000.0,0.0,1,0,0.0,,0,0,0.0002863795,0.0,1,False,0,0.0,0,False,-0.4
100000007864477100,peripheral,0.5,0,0.3129,"Получил 76 тыс ₸, отдал 204 тыс ₸ (268%) — отдаёт больше полученного: вероятны поступления извне выборки",P-other,3,False,2,6,76000.0,203500.0,2,10,2.677632,0.371007,0,0,0.0003047747,7.54197e-05,1,False,0,0.0,2,False,1.96
100000007865484100,peripheral,0.4,40,0.3152,"Обрыв выгрузки на 4-м колене: получил 585 тыс ₸ от 1; исходящие не выгружены — роль «конечный» не присваиваем, нужна доп. выгрузка",P-trunc,4,False,1,0,584600.0,0.0,2,0,0.0,,0,0,0.0003661862,0.0,1,True,0,0.0,0,False,1.85
100000007867364100,peripheral,0.4,18,0.2143,"Обрыв выгрузки на 4-м колене: получил 42 тыс ₸ от 1; исходящие не выгружены — роль «конечный» не присваиваем, нужна доп. выгрузка",P-trunc,4,False,1,0,41852.0,0.0,1,0,0.0,,0,0,0.0004487382,0.0,1,True,0,0.0,0,False,0.01
100000007898453100,peripheral,0.5,2,0.4473,"Получил 25 тыс ₸, отдал 320 тыс ₸ (1293%) — отдаёт больше полученного: вероятны поступления извне выборки",P-other,2,False,1,2,24750.0,320000.0,1,2,12.929293,0.9375,0,1,0.0003330161,2.39758e-05,1,False,1,20000.0,1,False,0.71
100000007908818100,consolidator,0.9,2,0.8996,"Сбор средств: 727 тыс ₸ от 4 плательщиков (из них seed: 2), дальше ушло 42% полученного; до 2 плательщиков в один день",K2,1,False,4,6,727475.0,302000.0,4,13,0.415135,0.049669,2,4,0.0004753812,0.0001775396,2,False,0,0.0,3,False,1.65
100000007930878100,peripheral,0.7,43,0.2402,"Разовое поступление: 5 тыс ₸ от 1 плательщика, дальше не уходило; сумма мала",P-leaf,2,False,1,0,5000.0,0.0,1,0,0.0,,0,1,0.0004836377,0.0,1,False,0,0.0,0,False,-0.31
100000007938486100,peripheral,0.7,1,0.237,"Разовое поступление: 40 тыс ₸ от 1 плательщика, дальше не уходило; сумма мала",P-leaf,1,False,1,0,39500.0,0.0,1,0,0.0,,1,1,0.0002938599,0.0,1,False,0,0.0,0,False,-0.48
100000007939160100,peripheral,0.5,43,0.5141,"Получил 795 тыс ₸, отдал 14 тыс ₸ (2%) — удерживает часть средств, признаков роли недостаточно",P-other,1,False,1,2,795000.0,14300.0,2,2,0.017987,0.0,1,1,0.0006653456,3.963e-07,1,False,1,9300.0,0,False,1.41
100000007953156100,peripheral,0.5,14,0.3577,"Получил 18 тыс ₸, отдал 10 тыс ₸ (56%) — удерживает часть средств, признаков роли недостаточно",P-other,2,False,1,1,18000.0,10000.0,1,1,0.555556,0.0,0,1,0.0004778417,1.98147e-05,1,False,0,0.0,0,False,-0.22
100000007960337100,peripheral,0.4,3,0.1497,"Обрыв выгрузки на 4-м колене: получил 36 тыс ₸ от 1; исходящие не выгружены — роль «конечный» не присваиваем, нужна доп. выгрузка",P-trunc,4,False,1,0,35500.0,0.0,1,0,0.0,,0,0,0.0003027681,0.0,1,True,0,0.0,0,False,-0.1
100000007982728100,peripheral,0.6,6,0.2216,"Seed-клиент: отправил 1,8 млн ₸ на 8 получателей; признаков сбора или веера нет",P-seed,0,True,0,8,0.0,1804384.0,0,12,,,0,0,0.0002855693,0.0,0,False,0,0.0,0,False,0.87
100000007982908100,peripheral,0.7,1,0.2339,"Разовое поступление: 31 тыс ₸ от 1 плательщика, дальше не уходило; сумма мала",P-leaf,2,False,1,0,31080.0,0.0,1,0,0.0,,0,1,0.0002961252,0.0,1,False,0,0.0,0,False,-0.31
100000007988344100,peripheral,0.4,0,0.1636,"Обрыв выгрузки на 4-м колене: получил 20 тыс ₸ от 1; исходящие не выгружены — роль «конечный» не присваиваем, нужна доп. выгрузка",P-trunc,4,False,1,0,20000.0,0.0,3,0,0.0,,0,0,0.0003874576,0.0,1,True,0,0.0,0,False,-0.14
100000007997939100,peripheral,0.4,7,0.1352,"Обрыв выгрузки на 4-м колене: получил 13 тыс ₸ от 1; исходящие не выгружены — роль «конечный» не присваиваем, нужна доп. выгрузка",P-trunc,4,False,1,0,13000.0,0.0,1,0,0.0,,0,0,0.0003579631,0.0,1,True,0,0.0,0,False,-0.14
100000007998965100,consolidator,0.75,9,0.7946,"Сбор средств: 278 тыс ₸ от 5 плательщиков (из них seed: 0), дальше ушло 9% полученного; до 2 плательщиков в один день",K1,2,False,5,1,278000.0,26000.0,7,3,0.093525,0.384615,0,1,0.0004719218,1.98147e-05,2,False,0,0.0,2,False,0.64
100000007999728100,peripheral,0.7,14,0.0933,"Разовое поступление: 23 тыс ₸ от 1 плательщика, дальше не уходило; сумма мала",P-leaf,3,False,1,0,23250.0,0.0,1,0,0.0,,0,0,0.0002921409,0.0,1,False,0,0.0,0,False,-0.4
100000008002020100,peripheral,0.5,11,0.3389,"Получил 74 тыс ₸, отдал 17 тыс ₸ (23%) — удерживает часть средств, признаков роли недостаточно",P-other,1,False,1,1,73860.0,17000.0,1,1,0.230165,0.0,1,1,0.0002978267,1.5852e-06,1,False,0,0.0,0,False,-0.08
100000008003034100,peripheral,0.5,13,0.333,"Получил 12 тыс ₸, отдал 135 тыс ₸ (1106%) — отдаёт больше полученного: вероятны поступления извне выборки",P-other,1,False,1,4,12201.0,135000.0,1,4,11.064667,0.359259,1,1,0.0002868811,0.001993139,1,False,1,12201.0,1,False,0.47
100000008008463100,peripheral,0.7,6,0.2643,"Разовое поступление: 54 тыс ₸ от 1 плательщика, дальше не уходило; сумма мала",P-leaf,2,False,1,0,54180.0,0.0,1,0,0.0,,0,1,0.0002958381,0.0,1,False,0,0.0,0,False,-0.31
100000008011159100,peripheral,0.5,41,0.504,"Получил 363 тыс ₸, отдал 153 тыс ₸ (42%) — удерживает часть средств, признаков роли недостаточно",P-other,2,False,3,5,363000.0,153037.0,6,5,0.42159,0.35939,0,1,0.0004861092,0.000122113,1,False,1,49000.0,4,False,0.96
100000008011573100,peripheral,0.7,16,0.0531,"Разовое поступление: 15 тыс ₸ от 1 плательщика, дальше не уходило; сумма мала",P-leaf,3,False,1,0,15000.0,0.0,1,0,0.0,,0,0,0.0002891923,0.0,1,False,0,0.0,0,False,-0.4
100000008027922100,peripheral,0.4,22,0.2477,"Обрыв выгрузки на 4-м колене: получил 70 тыс ₸ от 1; исходящие не выгружены — роль «конечный» не присваиваем, нужна доп. выгрузка",P-trunc,4,False,1,0,70000.0,0.0,1,0,0.0,,0,0,0.0005023681,0.0,1,True,0,0.0,0,False,0.37
100000008028628100,peripheral,0.7,1,0.271,"Разовое поступление: 57 тыс ₸ от 1 плательщика, дальше не уходило; сумма мала",P-leaf,1,False,1,0,57224.0,0.0,1,0,0.0,,1,1,0.0002975799,0.0,1,False,0,0.0,0,False,-0.39
100000008029279100,peripheral,0.7,3,0.0584,"Разовое поступление: 17 тыс ₸ от 1 плательщика, дальше не уходило; сумма мала",P-leaf,3,False,1,0,17000.0,0.0,1,0,0.0,,0,0,0.0002890281,0.0,1,False,0,0.0,0,False,-0.4
100000008038077100,terminal,0.8,4,0.4287,"Конечный получатель: 500 тыс ₸ от 1 плательщиков, исходящих ≥5 тыс ₸ нет; колено 3 — обход здесь не обрывался",E1,3,False,1,0,499850.0,0.0,2,0,0.0,,0,0,0.000301769,0.0,1,False,0,0.0,0,False,1.15
100000008042075100,peripheral,0.7,23,0.0406,"Разовое поступление: 5 тыс ₸ от 1 плательщика, дальше не уходило; сумма мала",P-leaf,3,False,1,0,5000.0,0.0,1,0,0.0,,0,0,0.0002919567,0.0,1,False,0,0.0,0,False,-0.4
100000008043184100,peripheral,0.7,16,0.1451,"Разовое поступление: 51 тыс ₸ от 1 плательщика, дальше не уходило; сумма мала",P-leaf,3,False,1,0,50564.0,0.0,1,0,0.0,,0,0,0.000293528,0.0,1,False,0,0.0,0,False,-0.39
100000008050986100,peripheral,0.4,4,0.2125,"Обрыв выгрузки на 4-м колене: получил 95 тыс ₸ от 1; исходящие не выгружены — роль «конечный» не присваиваем, нужна доп. выгрузка",P-trunc,4,False,1,0,95000.0,0.0,2,0,0.0,,0,0,0.0003118083,0.0,1,True,0,0.0,0,False,0.58
100000008055972100,peripheral,0.7,1,0.0942,"Разовое поступление: 28 тыс ₸ от 1 плательщика, дальше не уходило; сумма мала",P-leaf,3,False,1,0,28300.0,0.0,1,0,0.0,,0,0,0.0002899863,0.0,1,False,0,0.0,0,False,-0.4
100000008060273100,peripheral,0.7,2,0.2324,"Разовое поступление: 10 тыс ₸ от 1 плательщика, дальше не уходило; сумма мала",P-leaf,2,False,1,0,10000.0,0.0,2,0,0.0,,0,2,0.0002989671,0.0,1,False,0,0.0,0,False,-0.31
100000008066326100,peripheral,0.7,0,0.1722,"Разовое поступление: 19 тыс ₸ от 1 плательщика, дальше не уходило; сумма мала",P-leaf,1,False,1,0,19320.0,0.0,1,0,0.0,,1,1,0.0002891947,0.0,1,False,0,0.0,0,False,-0.48
100000008070101100,peripheral,0.7,7,0.1742,"Разовое поступление: 100 тыс ₸ от 1 плательщика, дальше не уходило; сумма мала",P-leaf,3,False,1,0,100000.0,0.0,1,0,0.0,,0,0,0.0002925879,0.0,1,False,0,0.0,0,False,0.07
100000008071620100,peripheral,0.7,0,0.2475,"Разовое поступление: 47 тыс ₸ от 1 плательщика, дальше не уходило; сумма мала",P-leaf,1,False,1,0,46968.0,0.0,1,0,0.0,,1,1,0.000294383,0.0,1,False,0,0.0,0,False,-0.48
100000008071749100,peripheral,0.4,8,0.1083,"Обрыв выгрузки на 4-м колене: получил 25 тыс ₸ от 1; исходящие не выгружены — роль «конечный» не присваиваем, нужна доп. выгрузка",P-trunc,4,False,1,0,24943.0,0.0,1,0,0.0,,0,0,0.0002949062,0.0,1,True,0,0.0,0,False,-0.14
100000008074304100,peripheral,0.4,4,0.1055,"Обрыв выгрузки на 4-м колене: получил 6 тыс ₸ от 1; исходящие не выгружены — роль «конечный» не присваиваем, нужна доп. выгрузка",P-trunc,4,False,1,0,5500.0,0.0,1,0,0.0,,0,0,0.0003324212,0.0,1,True,0,0.0,0,False,-0.14
100000008077552100,terminal,0.657,3,0.4249,"Конечный получатель: 214 тыс ₸ от 1 плательщиков, исходящих ≥5 тыс ₸ нет; колено 3 — обход здесь не обрывался",E1,3,False,1,0,214000.0,0.0,1,0,0.0,,0,0,0.0003291095,0.0,1,False,0,0.0,0,False,0.58
100000008086440100,transit,0.425,0,0.5554,"Транзит: получил 200 тыс ₸, отдал 161 тыс ₸ (81%); 24% суммы ушло в течение 2 дн. после поступления",T1,3,False,1,5,199733.0,161300.0,1,6,0.807578,0.235586,0,0,0.0003376739,0.0001051976,1,False,82,1415899.0,1,False,1.28
100000008088082100,peripheral,0.5,13,0.2414,"Получил 39 тыс ₸, отдал 50 тыс ₸ (128%) — удерживает часть средств, признаков роли недостаточно",P-other,3,False,1,1,39138.0,50000.0,1,1,1.277531,0.0,0,0,0.0003000573,1.92202e-05,1,False,0,0.0,0,False,-0.01
100000008094734100,consolidator,0.9,0,0.7604,"Сбор средств: 236 тыс ₸ от 4 плательщиков (из них seed: 2), дальше ушло 0% полученного",K2,1,False,4,0,236249.0,0.0,4,0,0.0,,2,3,0.000344136,0.0,1,False,0,0.0,0,False,0.57
100000008097580100,terminal,0.616,3,0.3918,"Конечный получатель: 32 тыс ₸ от 2 плательщиков, исходящих ≥5 тыс ₸ нет; колено 3 — обход здесь не обрывался",E1,3,False,2,0,32000.0,0.0,4,0,0.0,,0,0,0.0006747919,0.0,1,False,0,0.0,0,False,-0.06
100000008104567100,peripheral,0.5,8,0.4487,"Получил 54 тыс ₸, отдал 40 тыс ₸ (75%) — удерживает часть средств, признаков роли недостаточно",P-other,2,False,3,3,53550.0,40000.0,3,4,0.746965,0.3,0,1,0.0005380424,0.0020260185,1,False,1,20000.0,1,True,0.16
100000008106997100,transit,0.579,0,0.5404,"Транзит: получил 36 тыс ₸, отдал 21 тыс ₸ (58%); 100% суммы ушло в течение 2 дн. после поступления",T2,2,False,2,1,35600.0,20600.0,2,1,0.578652,1.0,0,1,0.0003053705,1.92202e-05,1,False,0,0.0,1,False,-0.12
100000008111003100,consolidator,0.8,0,0.8039,"Сбор средств: 223 тыс ₸ от 6 плательщиков (из них seed: 0), дальше ушло 16% полученного; до 2 плательщиков в один день",K1,2,False,6,1,222716.0,35000.0,9,1,0.157151,1.0,0,1,0.0004696217,0.000881905,2,False,104,1284081.97,2,False,0.54
100000008116374100,peripheral,0.7,5,0.2008,"Разовое поступление: 31 тыс ₸ от 1 плательщика, дальше не уходило; сумма мала",P-leaf,1,False,1,0,31284.0,0.0,1,0,0.0,,1,1,0.0002889329,0.0,1,False,0,0.0,0,False,-0.48
100000008117324100,peripheral,0.9,86,0.0,Seed-клиент без переводов ≥5 тыс ₸ внутри банка за июль,P-orphan,0,True,0,0,0.0,0.0,0,0,,,0,0,0.0002855693,0.0,0,False,0,0.0,0,False,-0.39
100000008121806100,peripheral,0.5,3,0.3169,"Получил 67 тыс ₸, отдал 249 тыс ₸ (371%) — отдаёт больше полученного: вероятны поступления извне выборки",P-other,3,False,1,4,67000.0,248509.0,1,6,3.70909,0.34204,0,0,0.0003003688,0.0007808641,1,False,12,60000.0,1,False,0.95
100000008129393100,peripheral,0.7,53,0.2063,"Разовое поступление: 10 тыс ₸ от 1 плательщика, дальше не уходило; сумма мала",P-leaf,1,False,1,0,10000.0,0.0,1,0,0.0,,1,1,0.0003116982,0.0,1,False,0,0.0,0,False,-0.48
100000008130868100,peripheral,0.4,12,0.1802,"Обрыв выгрузки на 4-м колене: получил 23 тыс ₸ от 1; исходящие не выгружены — роль «конечный» не присваиваем, нужна доп. выгрузка",P-trunc,4,False,1,0,22782.0,0.0,1,0,0.0,,0,0,0.0004516045,0.0,1,True,0,0.0,0,False,-0.14
100000008136608100,peripheral,0.4,8,0.3048,"Обрыв выгрузки на 4-м колене: получил 170 тыс ₸ от 1; исходящие не выгружены — роль «конечный» не присваиваем, нужна доп. выгрузка",P-trunc,4,False,1,0,170000.0,0.0,1,0,0.0,,0,0,0.0005643779,0.0,1,True,0,0.0,0,False,0.99
100000008137435100,peripheral,0.5,22,0.4813,"Получил 94 тыс ₸, отдал 1,4 млн ₸ (1512%) — отдаёт больше полученного: вероятны поступления извне выборки",P-other,1,False,2,6,93906.0,1419700.0,2,7,15.11831,0.294428,1,1,0.000314278,0.0002984092,2,False,14,219906.0,2,False,1.84
100000008141170100,peripheral,0.7,5,0.2811,"Разовое поступление: 11 тыс ₸ от 1 плательщика, дальше не уходило; сумма мала",P-leaf,2,False,1,0,11000.0,0.0,1,0,0.0,,0,1,0.0006219001,0.0,1,False,0,0.0,0,False,-0.31
100000008144528100,consolidator,0.75,5,0.8086,"Сбор средств: 1,1 млн ₸ от 5 плательщиков (из них seed: 0), дальше ушло 0% полученного; до 2 плательщиков в один день",K1,2,False,5,0,1068202.6,0.0,13,0,0.0,,0,1,0.0010555383,0.0,2,False,0,0.0,0,False,1.39
100000008151098100,peripheral,0.4,26,0.1496,"Обрыв выгрузки на 4-м колене: получил 30 тыс ₸ от 1; исходящие не выгружены — роль «конечный» не присваиваем, нужна доп. выгрузка",P-trunc,4,False,1,0,30000.0,0.0,1,0,0.0,,0,0,0.0003093477,0.0,1,True,0,0.0,0,False,-0.14
100000008165763100,coordinator,0.995,2,0.9835,"Хаб: собирает и раздаёт: 15 плательщиков → 17 получателей, через узел 1,3 млн ₸; 3 seed в 2 шагах выше; посредничество выше 97% узлов",C1,1,False,15,17,1165815.0,1267858.0,26,17,1.087529,0.680585,1,3,0.0009102399,0.000345294,4,False,0,0.0,46,False,6.86
100000008168850100,peripheral,0.4,4,0.299,"Обрыв выгрузки на 4-м колене: получил 188 тыс ₸ от 1; исходящие не выгружены — роль «конечный» не присваиваем, нужна доп. выгрузка",P-trunc,4,False,1,0,187910.0,0.0,2,0,0.0,,0,0,0.0005330796,0.0,1,True,0,0.0,0,False,1.06
100000008169544100,peripheral,0.5,5,0.3956,"Получил 137 тыс ₸, отдал 43 тыс ₸ (31%) — удерживает часть средств, признаков роли недостаточно",P-other,1,False,1,4,137104.0,42800.0,2,7,0.312172,0.287383,1,1,0.0003003104,0.0001183066,1,False,4,32300.0,0,True,0.47
100000008172352100,peripheral,0.5,32,0.477,"Получил 90 тыс ₸, отдал 290 тыс ₸ (321%) — отдаёт больше полученного: вероятны поступления извне выборки",P-other,1,False,3,7,90265.0,289510.0,3,8,3.207334,0.766675,1,1,0.0003752657,0.0001867336,2,False,0,0.0,6,False,1.65
100000008172721100,peripheral,0.4,3,0.2757,"Обрыв выгрузки на 4-м колене: получил 168 тыс ₸ от 1; исходящие не выгружены — роль «конечный» не присваиваем, нужна доп. выгрузка",P-trunc,4,False,1,0,168335.0,0.0,1,0,0.0,,0,0,0.0003952161,0.0,1,True,0,0.0,0,False,0.98
100000008173359100,peripheral,0.7,5,0.1172,"Разовое поступление: 6 тыс ₸ от 1 плательщика, дальше не уходило; сумма мала",P-leaf,1,False,1,0,6110.0,0.0,1,0,0.0,,1,1,0.0002862262,0.0,1,False,0,0.0,0,False,-0.48
100000008174521100,peripheral,0.7,5,0.3541,"Разовое поступление: 82 тыс ₸ от 1 плательщика, дальше не уходило; сумма мала",P-leaf,2,False,1,0,82110.0,0.0,1,0,0.0,,0,1,0.0004405288,0.0,1,False,0,0.0,0,False,-0.15
100000008175078100,peripheral,0.4,36,0.3512,"Обрыв выгрузки на 4-м колене: получил 1,8 млн ₸ от 1; исходящие не выгружены — роль «конечный» не присваиваем, нужна доп. выгрузка",P-trunc,4,False,1,0,1846711.0,0.0,15,0,0.0,,0,0,0.0004690719,0.0,1,True,0,0.0,0,False,2.64
100000008183752100,peripheral,0.4,17,0.2824,"Обрыв выгрузки на 4-м колене: получил 140 тыс ₸ от 1; исходящие не выгружены — роль «конечный» не присваиваем, нужна доп. выгрузка",P-trunc,4,False,1,0,140000.0,0.0,1,0,0.0,,0,0,0.000530189,0.0,1,True,0,0.0,0,False,0.85
100000008188026100,peripheral,0.5,15,0.4247,"Получил 86 тыс ₸, отдал 338 тыс ₸ (391%) — отдаёт больше полученного: вероятны поступления извне выборки",P-other,1,False,2,4,86468.0,337983.17,5,4,3.908766,0.0,1,1,0.0002993036,8.20328e-05,1,False,3,41500.0,0,False,0.97
100000008190411100,peripheral,0.4,51,0.2857,"Обрыв выгрузки на 4-м колене: получил 198 тыс ₸ от 1; исходящие не выгружены — роль «конечный» не присваиваем, нужна доп. выгрузка",P-trunc,4,False,1,0,198450.0,0.0,12,0,0.0,,0,0,0.0004241349,0.0,1,True,0,0.0,0,False,1.1
100000008190442100,peripheral,0.7,1,0.0359,"Разовое поступление: 13 тыс ₸ от 1 плательщика, дальше не уходило; сумма мала",P-leaf,3,False,1,0,13000.0,0.0,1,0,0.0,,0,0,0.0002875983,0.0,1,False,0,0.0,0,False,-0.4
100000008192264100,transit,0.783,4,0.4703,"Транзит: получил 163 тыс ₸, отдал 188 тыс ₸ (115%); 87% суммы ушло в течение 2 дн. после поступления",T1,3,False,1,1,162810.0,187910.0,1,2,1.154167,0.874993,0,0,0.0002908458,1.92202e-05,1,False,0,0.0,1,False,0.91
100000008193258100,peripheral,0.5,16,0.2445,"Получил 75 тыс ₸, отдал 30 тыс ₸ (40%) — удерживает часть средств, признаков роли недостаточно",P-other,3,False,1,1,75000.0,30000.0,2,1,0.4,0.0,0,0,0.0002973742,1.92202e-05,1,False,0,0.0,0,False,0.1
100000008193577100,peripheral,0.5,42,0.5221,"Получил 154 тыс ₸, отдал 480 тыс ₸ (311%) — отдаёт больше полученного: вероятны поступления извне выборки",P-other,1,False,2,5,154300.0,480180.0,6,16,3.11199,0.104107,1,1,0.0012389478,9.907e-07,1,False,10,468070.0,0,False,1.25
100000008200810100,terminal,0.788,12,0.4363,"Конечный получатель: 475 тыс ₸ от 1 плательщиков, исходящих ≥5 тыс ₸ нет; колено 3 — обход здесь не обрывался",E1,3,False,1,0,475000.0,0.0,1,0,0.0,,0,0,0.0003081944,0.0,1,False,0,0.0,0,False,1.11
100000008205000100,peripheral,0.9,87,0.0,Seed-клиент без переводов ≥5 тыс ₸ внутри банка за июль,P-orphan,0,True,0,0,0.0,0.0,0,0,,,0,0,0.0002855693,0.0,0,False,0,0.0,0,False,-0.39
100000008205937100,peripheral,0.7,13,0.284,"Разовое поступление: 35 тыс ₸ от 1 плательщика, дальше не уходило; сумма мала",P-leaf,2,False,1,0,35000.0,0.0,3,0,0.0,,0,1,0.0003316471,0.0,1,False,0,0.0,0,False,-0.31
100000008213966100,peripheral,0.5,28,0.5416,"Получил 187 тыс ₸, отдал 437 тыс ₸ (234%) — отдаёт больше полученного: вероятны поступления извне выборки",P-other,2,False,3,1,187004.0,436900.0,7,8,2.336314,0.849851,0,1,0.001933552,4.3196e-05,1,False,1,145000.0,2,False,1.07
100000008219168100,peripheral,0.7,6,0.227,"Разовое поступление: 53 тыс ₸ от 1 плательщика, дальше не уходило; сумма мала",P-leaf,1,False,1,0,53200.0,0.0,2,0,0.0,,1,1,0.0002886199,0.0,1,False,0,0.0,0,False,-0.44
100000008221543100,terminal,0.871,16,0.5834,"Конечный получатель: 542 тыс ₸ от 2 плательщиков, исходящих ≥5 тыс ₸ нет; колено 1 — обход здесь не обрывался",E1,1,False,2,0,542000.0,0.0,2,0,0.0,,1,1,0.0003714846,0.0,1,False,0,0.0,0,False,1.14
100000008221765100,peripheral,0.4,4,0.2953,"Обрыв выгрузки на 4-м колене: получил 156 тыс ₸ от 1; исходящие не выгружены — роль «конечный» не присваиваем, нужна доп. выгрузка",P-trunc,4,False,1,0,156354.0,0.0,1,0,0.0,,0,0,0.0005404417,0.0,1,True,0,0.0,0,False,0.93
100000008223661100,peripheral,0.5,10,0.3521,"Получил 202 тыс ₸, отдал 263 тыс ₸ (130%) — удерживает часть средств, признаков роли недостаточно",P-other,3,False,2,5,202000.0,262580.0,2,5,1.299901,0.18749,0,0,0.0003146692,0.0003254232,2,False,0,0.0,4,False,1.62
100000008223756100,terminal,0.766,3,0.4528,"Конечный получатель: 332 тыс ₸ от 2 плательщиков, исходящих ≥5 тыс ₸ нет; колено 3 — обход здесь не обрывался",E1,3,False,2,0,331682.0,0.0,2,0,0.0,,0,0,0.0003562811,0.0,1,False,0,0.0,0,False,0.87
100000008229700100,peripheral,0.5,11,0.2459,"Получил 24 тыс ₸, отдал 7 тыс ₸ (31%) — удерживает часть средств, признаков роли недостаточно",P-other,1,False,1,1,23500.0,7200.0,1,1,0.306383,0.0,1,1,0.0002894692,1.981e-07,1,False,0,0.0,0,False,-0.24
100000008232832100,peripheral,0.5,10,0.491,"Получил 337 тыс ₸, отдал 138 тыс ₸ (41%) — удерживает часть средств, признаков роли недостаточно",P-other,1,False,1,1,337000.0,138000.0,2,1,0.409496,0.0,1,3,0.0004942272,0.0,1,False,0,0.0,0,False,1.05
100000008237827100,peripheral,0.7,2,0.285,"Разовое поступление: 40 тыс ₸ от 1 плательщика, дальше не уходило; сумма мала",P-leaf,1,False,1,0,40001.0,0.0,1,0,0.0,,1,2,0.000293579,0.0,1,False,0,0.0,0,False,-0.48
100000008238112100,terminal,0.645,4,0.3593,"Конечный получатель: 190 тыс ₸ от 1 плательщиков, исходящих ≥5 тыс ₸ нет; колено 3 — обход здесь не обрывался",E1,3,False,1,0,190000.0,0.0,1,0,0.0,,0,0,0.000291727,0.0,1,False,0,0.0,0,False,0.5
100000008238989100,terminal,0.65,22,0.5262,"Конечный получатель: 200 тыс ₸ от 1 плательщиков, исходящих ≥5 тыс ₸ нет; колено 2 — обход здесь не обрывался",E1,2,False,1,0,200000.0,0.0,2,0,0.0,,0,1,0.0003232477,0.0,1,False,0,0.0,0,False,0.39
100000008244300100,consolidator,0.85,4,0.673,"Сбор средств: 65 тыс ₸ от 5 плательщиков (из них seed: 1), дальше ушло 0% полученного",K1,1,False,5,0,65430.0,0.0,6,0,0.0,,1,1,0.0004793659,0.0,1,False,0,0.0,0,False,0.47
100000008251939100,peripheral,0.4,8,0.1578,"Обрыв выгрузки на 4-м колене: получил 44 тыс ₸ от 1; исходящие не выгружены — роль «конечный» не присваиваем, нужна доп. выгрузка",P-trunc,4,False,1,0,44360.0,0.0,1,0,0.0,,0,0,0.0003021745,0.0,1,True,0,0.0,0,False,0.05
100000008254069100,peripheral,0.5,20,0.416,"Получил 10 тыс ₸, отдал 108 тыс ₸ (1054%) — отдаёт больше полученного: вероятны поступления извне выборки",P-other,2,False,1,5,10200.0,107500.0,2,6,10.539216,0.093023,0,1,0.0003424861,9.35121e-05,1,False,1,10200.0,0,False,0.16
100000008254576100,peripheral,0.5,35,0.2047,"Получил 8 тыс ₸, отдал 60 тыс ₸ (750%) — отдаёт больше полученного: вероятны поступления извне выборки",P-other,3,False,1,1,8000.0,60000.0,1,1,7.5,0.0,0,0,0.0002916711,1.96165e-05,1,False,0,0.0,0,False,-0.06
100000008255655100,peripheral,0.4,16,0.1433,"Обрыв выгрузки на 4-м колене: получил 5 тыс ₸ от 1; исходящие не выгружены — роль «конечный» не присваиваем, нужна доп. выгрузка",P-trunc,4,False,1,0,5400.0,0.0,1,0,0.0,,0,0,0.0005311928,0.0,1,True,0,0.0,0,False,-0.14
100000008258083100,transit,0.532,30,0.7658,"Транзит: получил 3,1 млн ₸, отдал 2,0 млн ₸ (65%); 76% суммы ушло в течение 2 дн. после поступления",T2,2,False,2,2,3149500.0,2045650.0,13,6,0.649516,0.764671,0,1,0.0010500444,7.76736e-05,1,False,2,264500.0,0,False,2.34
100000008258458100,peripheral,0.5,64,0.3145,"Получил 19 тыс ₸, отдал 1,6 млн ₸ (8200%) — отдаёт больше полученного: вероятны поступления извне выборки",P-other,3,False,1,2,19000.0,1557988.0,1,4,81.999368,0.364308,0,0,0.0002912604,3.84405e-05,1,False,0,0.0,1,False,1.92
100000008259451100,peripheral,0.7,14,0.1723,"Разовое поступление: 55 тыс ₸ от 1 плательщика, дальше не уходило; сумма мала",P-leaf,3,False,1,0,55000.0,0.0,1,0,0.0,,0,0,0.0003011151,0.0,1,False,0,0.0,0,False,-0.33
100000008279405100,terminal,0.667,3,0.4311,"Конечный получатель: 235 тыс ₸ от 1 плательщиков, исходящих ≥5 тыс ₸ нет; колено 3 — обход здесь не обрывался",E1,3,False,1,0,234738.0,0.0,2,0,0.0,,0,0,0.0003333289,0.0,1,False,0,0.0,0,False,0.64
100000008283183100,peripheral,0.7,1,0.2259,"Разовое поступление: 29 тыс ₸ от 1 плательщика, дальше не уходило; сумма мала",P-leaf,2,False,1,0,29000.0,0.0,1,0,0.0,,0,1,0.0002954188,0.0,1,False,0,0.0,0,False,-0.31
100000008289539100,peripheral,0.7,15,0.1656,"Разовое поступление: 15 тыс ₸ от 1 плательщика, дальше не уходило; сумма мала",P-leaf,2,False,1,0,14912.0,0.0,1,0,0.0,,0,1,0.0002903134,0.0,1,False,0,0.0,0,False,-0.31
100000008293431100,peripheral,0.5,0,0.2493,"Получил 15 тыс ₸, отдал 297 тыс ₸ (1980%) — отдаёт больше полученного: вероятны поступления извне выборки",P-other,3,False,1,5,15000.0,297000.0,1,7,19.8,0.0,0,0,0.0002868995,5.68706e-05,1,False,1,15000.0,0,False,1.28
100000008295429100,terminal,0.726,4,0.4032,"Конечный получатель: 352 тыс ₸ от 1 плательщиков, исходящих ≥5 тыс ₸ нет; колено 3 — обход здесь не обрывался",E1,3,False,1,0,352000.0,0.0,1,0,0.0,,0,0,0.0002969773,0.0,1,False,0,0.0,0,False,0.91
100000008297199100,peripheral,0.7,0,0.1428,"Разовое поступление: 42 тыс ₸ от 1 плательщика, дальше не уходило; сумма мала",P-leaf,3,False,1,0,42268.0,0.0,1,0,0.0,,0,0,0.0002965958,0.0,1,False,0,0.0,0,False,-0.4
100000008304115100,peripheral,0.7,11,0.2542,"Разовое поступление: 51 тыс ₸ от 1 плательщика, дальше не уходило; сумма мала",P-leaf,1,False,1,0,51000.0,0.0,1,0,0.0,,1,1,0.000294033,0.0,1,False,0,0.0,0,False,-0.47
100000008304139100,distributor,0.75,2,0.7693,"Веерная рассылка: 1,7 млн ₸ на 24 получателей (43 переводов), плательщиков в выборке: 4",D1,1,False,4,24,189329.75,1692997.0,4,43,8.942055,0.281867,1,1,0.000313618,0.0013103045,1,False,290,4600805.0,10,False,5.91
100000008306857100,peripheral,0.7,12,0.179,"Разовое поступление: 125 тыс ₸ от 1 плательщика, дальше не уходило; сумма мала",P-leaf,3,False,1,0,125000.0,0.0,1,0,0.0,,0,0,0.0002915233,0.0,1,False,0,0.0,0,False,0.22
100000008308418100,peripheral,0.4,0,0.2233,"Обрыв выгрузки на 4-м колене: получил 50 тыс ₸ от 1; исходящие не выгружены — роль «конечный» не присваиваем, нужна доп. выгрузка",P-trunc,4,False,1,0,50000.0,0.0,1,0,0.0,,0,0,0.0004315993,0.0,1,True,0,0.0,0,False,0.14
100000008309514100,peripheral,0.7,1,0.0527,"Разовое поступление: 17 тыс ₸ от 1 плательщика, дальше не уходило; сумма мала",P-leaf,3,False,1,0,17200.0,0.0,1,0,0.0,,0,0,0.0002882538,0.0,1,False,0,0.0,0,False,-0.4
100000008314203100,peripheral,0.6,10,0.5021,Seed-клиент: отправил 327 тыс ₸ на 2 получателей; признаков сбора или веера нет,P-seed,0,True,2,2,382076.0,327000.0,10,13,,0.486239,2,3,0.0005029909,0.0,1,False,4,447000.0,2,True,0.7
100000008314863100,peripheral,0.7,2,0.1579,"Разовое поступление: 12 тыс ₸ от 1 плательщика, дальше не уходило; сумма мала",P-leaf,3,False,1,0,12000.0,0.0,1,0,0.0,,0,0,0.0005170968,0.0,1,False,0,0.0,0,False,-0.4
100000008321975100,peripheral,0.4,21,0.0781,"Обрыв выгрузки на 4-м колене: получил 6 тыс ₸ от 1; исходящие не выгружены — роль «конечный» не присваиваем, нужна доп. выгрузка",P-trunc,4,False,1,0,5900.0,0.0,1,0,0.0,,0,0,0.0003032285,0.0,1,True,0,0.0,0,False,-0.14
100000008324800100,transit,0.971,71,0.743,"Транзит: получил 526 тыс ₸, отдал 511 тыс ₸ (97%); 100% суммы ушло в течение 2 дн. после поступления",T1,2,False,3,1,526500.0,511000.0,17,13,0.97056,1.0,0,1,0.0018517826,1.92202e-05,2,False,1,346500.0,2,True,1.37
100000008327791100,peripheral,0.4,16,0.1628,"Обрыв выгрузки на 4-м колене: получил 11 тыс ₸ от 1; исходящие не выгружены — роль «конечный» не присваиваем, нужна доп. выгрузка",P-trunc,4,False,1,0,11000.0,0.0,1,0,0.0,,0,0,0.0005367686,0.0,1,True,0,0.0,0,False,-0.14
100000008331280100,peripheral,0.4,26,0.1762,"Обрыв выгрузки на 4-м колене: получил 41 тыс ₸ от 1; исходящие не выгружены — роль «конечный» не присваиваем, нужна доп. выгрузка",P-trunc,4,False,1,0,41000.0,0.0,2,0,0.0,,0,0,0.0003180665,0.0,1,True,0,0.0,0,False,0.0
100000008332511100,peripheral,0.7,6,0.2974,"Разовое поступление: 100 тыс ₸ от 1 плательщика, дальше не уходило; сумма мала",P-leaf,3,False,1,0,100000.0,0.0,1,0,0.0,,0,0,0.0011127777,0.0,1,False,0,0.0,0,False,0.07
100000008333492100,peripheral,0.4,47,0.2924,"Обрыв выгрузки на 4-м колене: получил 216 тыс ₸ от 1; исходящие не выгружены — роль «конечный» не присваиваем, нужна доп. выгрузка",P-trunc,4,False,1,0,216400.0,0.0,1,0,0.0,,0,0,0.0004380109,0.0,1,True,0,0.0,0,False,1.16
100000008335401100,peripheral,0.7,8,0.4013,"Разовое поступление: 150 тыс ₸ от 1 плательщика, дальше не уходило; сумма мала",P-leaf,2,False,1,0,150000.0,0.0,3,0,0.0,,0,1,0.0005512278,0.0,1,False,0,0.0,0,False,0.21
100000008336318100,peripheral,0.4,7,0.2529,"Обрыв выгрузки на 4-м колене: получил 170 тыс ₸ от 1; исходящие не выгружены — роль «конечный» не присваиваем, нужна доп. выгрузка",P-trunc,4,False,1,0,170000.0,0.0,1,0,0.0,,0,0,0.0003267195,0.0,1,True,0,0.0,0,False,0.99
100000008337304100,peripheral,0.4,3,0.2442,"Обрыв выгрузки на 4-м колене: получил 105 тыс ₸ от 1; исходящие не выгружены — роль «конечный» не присваиваем, нужна доп. выгрузка",P-trunc,4,False,1,0,105465.0,0.0,2,0,0.0,,0,0,0.000354265,0.0,1,True,0,0.0,0,False,0.66
100000008343415100,peripheral,0.4,3,0.2587,"Обрыв выгрузки на 4-м колене: получил 100 тыс ₸ от 1; исходящие не выгружены — роль «конечный» не присваиваем, нужна доп. выгрузка",P-trunc,4,False,1,0,100000.0,0.0,3,0,0.0,,0,0,0.000433992,0.0,1,True,0,0.0,0,False,0.62
100000008343874100,transit,0.529,3,0.5348,"Транзит: получил 284 тыс ₸, отдал 176 тыс ₸ (62%); 81% суммы ушло в течение 2 дн. после поступления",T2,3,False,2,2,283535.0,176400.0,2,5,0.622145,0.812925,0,0,0.0003076523,3.88368e-05,1,False,0,0.0,3,False,1.09
100000008346837100,coordinator,1.0,13,0.9552,"Хаб: собирает и раздаёт: 9 плательщиков → 25 получателей, через узел 1,3 млн ₸; 2 seed в 2 шагах выше; посредничество выше 99% узлов",C1,2,False,9,25,254359.0,1258643.0,12,26,4.948294,0.851612,0,2,0.000547408,0.0089811563,4,False,111,1354456.99,46,False,2.8
100000008349675100,peripheral,0.5,6,0.2848,"Получил 47 тыс ₸, отдал 37 тыс ₸ (79%) — удерживает часть средств, признаков роли недостаточно",P-other,1,False,1,1,46520.0,36650.0,1,2,0.787833,0.504775,1,1,0.0002882369,1.981e-07,1,False,0,0.0,1,False,-0.14
100000008349740100,peripheral,0.4,36,0.1557,"Обрыв выгрузки на 4-м колене: получил 70 тыс ₸ от 1; исходящие не выгружены — роль «конечный» не присваиваем, нужна доп. выгрузка",P-trunc,4,False,1,0,70000.0,0.0,2,0,0.0,,0,0,0.000292525,0.0,1,True,0,0.0,0,False,0.37
100000008352542100,peripheral,0.7,2,0.3052,"Разовое поступление: 50 тыс ₸ от 1 плательщика, дальше не уходило; сумма мала",P-leaf,2,False,1,0,50220.0,0.0,1,0,0.0,,0,1,0.0003314754,0.0,1,False,0,0.0,0,False,-0.31
100000008356606100,terminal,0.684,13,0.5774,"Конечный получатель: 168 тыс ₸ от 2 плательщиков, исходящих ≥5 тыс ₸ нет; колено 2 — обход здесь не обрывался",E1,2,False,2,0,168500.0,0.0,2,0,0.0,,0,1,0.0006267853,0.0,1,False,0,0.0,0,False,0.28
100000008376089100,peripheral,0.7,30,0.3208,"Разовое поступление: 135 тыс ₸ от 1 плательщика, дальше не уходило; сумма мала",P-leaf,2,False,1,0,135000.0,0.0,1,0,0.0,,0,1,0.0003024353,0.0,1,False,0,0.0,0,False,0.15
100000008376785100,peripheral,0.4,4,0.3074,"Обрыв выгрузки на 4-м колене: получил 234 тыс ₸ от 1; исходящие не выгружены — роль «конечный» не присваиваем, нужна доп. выгрузка",P-trunc,4,False,1,0,234250.0,0.0,2,0,0.0,,0,0,0.000531807,0.0,1,True,0,0.0,0,False,1.21
100000008379273100,transit,0.444,8,0.4518,"Транзит: получил 36 тыс ₸, отдал 38 тыс ₸ (106%); 0% суммы ушло в течение 2 дн. после поступления",T1,3,False,2,4,36000.0,38000.0,2,4,1.055556,0.0,0,0,0.0002990172,0.0017005149,1,False,0,0.0,0,False,1.28
100000008383405100,peripheral,0.7,23,0.2408,"Разовое поступление: 25 тыс ₸ от 1 плательщика, дальше не уходило; сумма мала",P-leaf,1,False,1,0,25000.0,0.0,2,0,0.0,,1,1,0.0003060253,0.0,1,False,0,0.0,0,False,-0.48
100000008388049100,terminal,0.798,12,0.4389,"Конечный получатель: 496 тыс ₸ от 1 плательщиков, исходящих ≥5 тыс ₸ нет; колено 3 — обход здесь не обрывался",E1,3,False,1,0,496400.0,0.0,1,0,0.0,,0,0,0.0003092137,0.0,1,False,0,0.0,0,False,1.14
100000008389800100,peripheral,0.5,5,0.5106,"Получил 189 тыс ₸, отдал 402 тыс ₸ (212%) — отдаёт больше полученного: вероятны поступления извне выборки",P-other,2,False,3,7,189000.0,401620.0,3,8,2.124974,0.536328,0,1,0.0005050964,0.0001593101,1,False,2,69000.0,5,False,1.04
100000008405209100,peripheral,0.7,16,0.1523,"Разовое поступление: 54 тыс ₸ от 1 плательщика, дальше не уходило; сумма мала",P-leaf,3,False,1,0,54400.0,0.0,1,0,0.0,,0,0,0.0002941318,0.0,1,False,0,0.0,0,False,-0.34
100000008406609100,peripheral,0.7,20,0.3086,"Разовое поступление: 34 тыс ₸ от 1 плательщика, дальше не уходило; сумма мала",P-leaf,2,False,1,0,34000.0,0.0,1,0,0.0,,0,1,0.0004305038,0.0,1,False,0,0.0,0,False,-0.31
100000008413748100,distributor,0.7,16,0.7963,"Веерная рассылка: 1,4 млн ₸ на 18 получателей (21 переводов), плательщиков в выборке: 2",D1,2,False,2,18,26480.0,1377320.22,2,21,52.013603,0.332809,0,1,0.0003908915,0.0006247168,2,False,85,1008828.0,28,False,1.56
100000008416433100,peripheral,0.7,14,0.081,"Разовое поступление: 20 тыс ₸ от 1 плательщика, дальше не уходило; сумма мала",P-leaf,3,False,1,0,20000.0,0.0,1,0,0.0,,0,0,0.0002912223,0.0,1,False,0,0.0,0,False,-0.4
100000008417029100,peripheral,0.7,7,0.2092,"Разовое поступление: 100 тыс ₸ от 1 плательщика, дальше не уходило; сумма мала",P-leaf,3,False,1,0,100000.0,0.0,1,0,0.0,,0,0,0.0003066301,0.0,1,False,0,0.0,0,False,0.07
100000008417359100,peripheral,0.5,16,0.1891,"Получил 41 тыс ₸, отдал 111 тыс ₸ (271%) — отдаёт больше полученного: вероятны поступления извне выборки",P-other,3,False,1,2,40810.0,110760.0,2,3,2.714041,0.812568,0,0,0.0002919927,0.0,1,False,1,20760.0,1,False,0.35
100000008418835100,peripheral,0.6,15,0.5312,Seed-клиент: отправил 186 тыс ₸ на 4 получателей; признаков сбора или веера нет,P-seed,0,True,1,4,1372000.0,186179.0,67,6,,0.854978,1,1,0.0005285862,0.0003166387,1,False,0,0.0,3,False,0.84
100000008418934100,terminal,0.73,7,0.5459,"Конечный получатель: 360 тыс ₸ от 1 плательщиков, исходящих ≥5 тыс ₸ нет; колено 2 — обход здесь не обрывался",E1,2,False,1,0,360000.0,0.0,1,0,0.0,,0,1,0.0003194452,0.0,1,False,0,0.0,0,False,0.74
100000008422226100,peripheral,0.7,0,0.1554,"Разовое поступление: 87 тыс ₸ от 1 плательщика, дальше не уходило; сумма мала",P-leaf,3,False,1,0,87450.0,0.0,1,0,0.0,,0,0,0.0002904945,0.0,1,False,0,0.0,0,False,-0.02
100000008427027100,terminal,0.7,2,0.4862,"Конечный получатель: 300 тыс ₸ от 1 плательщиков, исходящих ≥5 тыс ₸ нет; колено 3 — обход здесь не обрывался",E1,3,False,1,0,300000.0,0.0,1,0,0.0,,0,0,0.0005512641,0.0,1,False,0,0.0,0,False,0.8
100000008430691100,peripheral,0.5,70,0.3352,"Получил 20 тыс ₸, отдал 605 тыс ₸ (3024%) — отдаёт больше полученного: вероятны поступления извне выборки",P-other,3,False,1,2,20000.0,604900.0,1,2,30.245,0.966937,0,0,0.0003069779,1.96165e-05,1,False,1,20000.0,1,False,1.3
100000008432942100,peripheral,0.7,0,0.1019,"Разовое поступление: 45 тыс ₸ от 1 плательщика, дальше не уходило; сумма мала",P-leaf,3,False,1,0,44542.0,0.0,2,0,0.0,,0,0,0.0002880779,0.0,1,False,0,0.0,0,False,-0.4
100000008436257100,terminal,0.617,16,0.2894,"Конечный получатель: 35 тыс ₸ от 2 плательщиков, исходящих ≥5 тыс ₸ нет; колено 3 — обход здесь не обрывался",E1,3,False,2,0,35000.0,0.0,2,0,0.0,,0,0,0.0002945798,0.0,2,False,0,0.0,0,False,-0.06
100000008438656100,peripheral,0.5,2,0.3928,"Получил 80 тыс ₸, отдал 5 тыс ₸ (6%) — удерживает часть средств, признаков роли недостаточно",P-other,1,False,2,1,80000.0,5000.0,2,1,0.0625,1.0,1,2,0.0002973925,2.37776e-05,1,False,0,0.0,1,False,-0.01
100000008443341100,peripheral,0.5,11,0.4542,"Получил 34 тыс ₸, отдал 50 тыс ₸ (145%) — удерживает часть средств, признаков роли недостаточно",P-other,1,False,2,3,34500.0,50000.0,2,4,1.449275,0.62,1,1,0.00066897,0.000360099,1,False,35,441020.0,2,False,0.47
100000008454065100,peripheral,0.7,14,0.0974,"Разовое поступление: 24 тыс ₸ от 1 плательщика, дальше не уходило; сумма мала",P-leaf,3,False,1,0,24050.0,0.0,1,0,0.0,,0,0,0.0002923671,0.0,1,False,0,0.0,0,False,-0.4
100000008459449100,peripheral,0.7,0,0.1666,"Разовое поступление: 54 тыс ₸ от 1 плательщика, дальше не уходило; сумма мала",P-leaf,3,False,1,0,53700.0,0.0,1,0,0.0,,0,0,0.0002995781,0.0,1,False,0,0.0,0,False,-0.35
100000008460102100,distributor,0.808,19,0.6156,"Веерная рассылка: 477 тыс ₸ на 31 получателей (34 переводов), плательщиков в выборке: 1",D1,3,False,1,31,17500.0,476570.0,1,34,27.232571,0.187402,0,0,0.0002996892,0.0009777226,1,False,0,0.0,8,True,10.05
100000008461217100,peripheral,0.4,50,0.1852,"Обрыв выгрузки на 4-м колене: получил 18 тыс ₸ от 1; исходящие не выгружены — роль «конечный» не присваиваем, нужна доп. выгрузка",P-trunc,4,False,1,0,18000.0,0.0,1,0,0.0,,0,0,0.0005455898,0.0,1,True,0,0.0,0,False,-0.14
100000008461532100,peripheral,0.5,26,0.5598,"Получил 565 тыс ₸, отдал 2,5 млн ₸ (448%) — отдаёт больше полученного: вероятны поступления извне выборки",P-other,2,False,2,8,565300.0,2530090.0,2,9,4.475659,0.995403,0,1,0.0007452506,0.000271263,1,False,1,560000.0,6,False,2.03
100000008463968100,peripheral,0.7,1,0.0245,"Разовое поступление: 10 тыс ₸ от 1 плательщика, дальше не уходило; сумма мала",P-leaf,3,False,1,0,10000.0,0.0,1,0,0.0,,0,0,0.0002871301,0.0,1,False,0,0.0,0,False,-0.4
100000008465789100,distributor,0.683,10,0.6041,"Веерная рассылка: 1,9 млн ₸ на 16 получателей (17 переводов), плательщиков в выборке: 1",D1,3,False,1,16,30099.0,1858100.0,1,17,61.732948,0.477961,0,0,0.000289888,0.0008450964,1,False,6,134600.0,9,False,4.99
100000008466579100,distributor,0.692,10,0.791,"Веерная рассылка: 1,9 млн ₸ на 17 получателей (20 переводов), плательщиков в выборке: 2",D1,2,False,2,17,36952.0,1933000.0,2,20,52.311106,0.064666,0,1,0.0003534139,0.0005056322,1,False,4,96400.0,3,False,1.76
100000008468762100,terminal,0.685,17,0.3991,"Конечный получатель: 170 тыс ₸ от 2 плательщиков, исходящих ≥5 тыс ₸ нет; колено 3 — обход здесь не обрывался",E1,3,False,2,0,170000.0,0.0,2,0,0.0,,0,0,0.0003104051,0.0,2,False,0,0.0,0,False,0.42
100000008469048100,peripheral,0.4,0,0.3239,"Обрыв выгрузки на 4-м колене: получил 265 тыс ₸ от 1; исходящие не выгружены — роль «конечный» не присваиваем, нужна доп. выгрузка",P-trunc,4,False,1,0,265200.0,0.0,7,0,0.0,,0,0,0.0005788058,0.0,1,True,0,0.0,0,False,1.3
100000008470470100,peripheral,0.7,1,0.2241,"Разовое поступление: 34 тыс ₸ от 1 плательщика, дальше не уходило; сумма мала",P-leaf,1,False,1,0,33547.0,0.0,1,0,0.0,,1,1,0.0002926104,0.0,1,False,0,0.0,0,False,-0.48
100000008471634100,peripheral,0.4,25,0.2107,"Обрыв выгрузки на 4-м колене: получил 20 тыс ₸ от 1; исходящие не выгружены — роль «конечный» не присваиваем, нужна доп. выгрузка",P-trunc,4,False,1,0,20000.0,0.0,1,0,0.0,,0,0,0.001124615,0.0,1,True,0,0.0,0,False,-0.14
100000008472324100,terminal,0.653,4,0.3662,"Конечный получатель: 205 тыс ₸ от 1 плательщиков, исходящих ≥5 тыс ₸ нет; колено 3 — обход здесь не обрывался",E1,3,False,1,0,205200.0,0.0,1,0,0.0,,0,0,0.0002922197,0.0,1,False,0,0.0,0,False,0.55
100000008473207100,terminal,0.651,2,0.6274,"Конечный получатель: 202 тыс ₸ от 1 плательщиков, исходящих ≥5 тыс ₸ нет; колено 2 — обход здесь не обрывался",E1,2,False,1,0,202000.0,0.0,4,0,0.0,,0,2,0.0005562056,0.0,1,False,0,0.0,0,False,0.39
100000008473765100,peripheral,0.7,3,0.1072,"Разовое поступление: 30 тыс ₸ от 1 плательщика, дальше не уходило; сумма мала",P-leaf,3,False,1,0,30000.0,0.0,1,0,0.0,,0,0,0.0002916731,0.0,1,False,0,0.0,0,False,-0.4
100000008474308100,peripheral,0.5,11,0.2901,"Получил 14 тыс ₸, отдал 10 тыс ₸ (71%) — удерживает часть средств, признаков роли недостаточно",P-other,2,False,1,1,14000.0,10000.0,2,1,0.714286,0.0,0,1,0.000445022,0.0,1,False,1,10000.0,0,False,-0.22
100000008474391100,peripheral,0.7,22,0.168,"Разовое поступление: 20 тыс ₸ от 1 плательщика, дальше не уходило; сумма мала",P-leaf,3,False,1,0,20000.0,0.0,1,0,0.0,,0,0,0.0004071507,0.0,1,False,0,0.0,0,False,-0.4
100000008477350100,coordinator,0.999,0,0.9819,"Хаб: собирает и раздаёт: 11 плательщиков → 39 получателей, через узел 3,4 млн ₸; 2 seed в 2 шагах выше; посредничество выше 99% узлов",C1,2,False,11,39,610100.0,3374866.0,14,44,5.53166,0.569887,0,2,0.0010342351,0.0025171941,2,False,464,6628911.99,45,False,4.31
100000008478414100,peripheral,0.7,1,0.1446,"Разовое поступление: 10 тыс ₸ от 1 плательщика, дальше не уходило; сумма мала",P-leaf,2,False,1,0,10000.0,0.0,1,0,0.0,,0,1,0.0002889657,0.0,1,False,0,0.0,0,False,-0.31
100000008486520100,peripheral,0.5,5,0.278,"Получил 36 тыс ₸, отдал 14 тыс ₸ (39%) — удерживает часть средств, признаков роли недостаточно",P-other,1,False,1,1,35720.0,14000.0,2,1,0.391937,0.0,1,1,0.0002894098,1.92202e-05,1,False,0,0.0,0,False,-0.24
100000008488166100,peripheral,0.7,1,0.0102,"Разовое поступление: 6 тыс ₸ от 1 плательщика, дальше не уходило; сумма мала",P-leaf,3,False,1,0,5600.0,0.0,1,0,0.0,,0,0,0.0002864433,0.0,1,False,0,0.0,0,False,-0.4
100000008489604100,peripheral,0.7,1,0.0301,"Разовое поступление: 11 тыс ₸ от 1 плательщика, дальше не уходило; сумма мала",P-leaf,3,False,1,0,11000.0,0.0,1,0,0.0,,0,0,0.0002872861,0.0,1,False,0,0.0,0,False,-0.4
100000008489922100,distributor,0.85,7,0.732,"Веерная рассылка: 3,8 млн ₸ на 36 получателей (41 переводов), плательщиков в выборке: 3",D1,3,False,3,36,262010.0,3789900.0,5,41,14.464715,0.269057,0,0,0.0005858953,0.0008721883,2,False,6,132800.0,14,True,12.41
100000008490127100,peripheral,0.5,4,0.3461,"Получил 432 тыс ₸, отдал 923 тыс ₸ (214%) — отдаёт больше полученного: вероятны поступления извне выборки",P-other,3,False,1,6,431755.0,923000.0,2,9,2.137786,0.0,0,0,0.0002995621,0.0001153215,1,False,0,0.0,0,False,1.81
100000008491390100,peripheral,0.7,0,0.0901,"Разовое поступление: 36 тыс ₸ от 1 плательщика, дальше не уходило; сумма мала",P-leaf,3,False,1,0,36000.0,0.0,1,0,0.0,,0,0,0.0002875968,0.0,1,False,0,0.0,0,False,-0.4
100000008493007100,transit,1.0,1,0.3757,"Транзит: получил 26 тыс ₸, отдал 26 тыс ₸ (100%); 100% суммы ушло в течение 2 дн. после поступления",T1,3,False,1,1,26150.0,26150.0,1,1,1.0,1.0,0,0,0.0002896507,1.387e-06,1,False,0,0.0,1,False,-0.06
100000008497298100,terminal,0.85,7,0.576,"Конечный получатель: 600 тыс ₸ от 1 плательщиков, исходящих ≥5 тыс ₸ нет; колено 2 — обход здесь не обрывался",E1,2,False,1,0,600000.0,0.0,1,0,0.0,,0,1,0.0003420291,0.0,1,False,0,0.0,0,False,1.05
100000008501413100,transit,0.98,33,0.3916,"Транзит: получил 5 тыс ₸, отдал 5 тыс ₸ (102%); 100% суммы ушло в течение 2 дн. после поступления",T1,3,False,1,1,5000.0,5100.0,1,1,1.02,1.0,0,0,0.0003666453,2.12017e-05,1,False,0,0.0,1,False,-0.06
100000008502995100,peripheral,0.7,0,0.2165,"Разовое поступление: 25 тыс ₸ от 1 плательщика, дальше не уходило; сумма мала",P-leaf,3,False,1,0,25000.0,0.0,2,0,0.0,,0,0,0.0007270949,0.0,1,False,0,0.0,0,False,-0.4
100000008503177100,peripheral,0.7,3,0.1174,"Разовое поступление: 34 тыс ₸ от 1 плательщика, дальше не уходило; сумма мала",P-leaf,3,False,1,0,33951.0,0.0,1,0,0.0,,0,0,0.0002924769,0.0,1,False,0,0.0,0,False,-0.4
100000008507703100,peripheral,0.7,1,0.0949,"Разовое поступление: 28 тыс ₸ от 1 плательщика, дальше не уходило; сумма мала",P-leaf,3,False,1,0,28500.0,0.0,1,0,0.0,,0,0,0.0002900175,0.0,1,False,0,0.0,0,False,-0.4
100000008512552100,peripheral,0.5,16,0.5214,"Получил 394 тыс ₸, отдал 1,3 млн ₸ (330%) — отдаёт больше полученного: вероятны поступления извне выборки",P-other,2,False,4,6,394360.0,1302275.0,9,11,3.302249,1.0,0,1,0.0004258788,0.0004307296,2,False,13,353254.0,11,False,1.67
100000008512827100,distributor,0.633,12,0.781,"Веерная рассылка: 1,9 млн ₸ на 10 получателей (10 переводов), плательщиков в выборке: 3",D1,2,False,3,10,107949.0,1944500.0,3,10,18.013136,0.798663,0,1,0.0003352562,0.0001372654,1,False,0,0.0,8,False,1.78
100000008513251100,peripheral,0.9,88,0.0,Seed-клиент без переводов ≥5 тыс ₸ внутри банка за июль,P-orphan,0,True,0,0,0.0,0.0,0,0,,,0,0,0.0002855693,0.0,0,False,0,0.0,0,False,-0.39
100000008514970100,peripheral,0.5,3,0.3187,"Получил 380 тыс ₸, отдал 31 тыс ₸ (8%) — удерживает часть средств, признаков роли недостаточно",P-other,3,False,1,1,379966.0,31000.0,1,1,0.081586,1.0,0,0,0.0003126315,7.926e-07,1,False,0,0.0,1,False,1.02
100000008516839100,terminal,0.728,20,0.6402,"Конечный получатель: 155 тыс ₸ от 3 плательщиков, исходящих ≥5 тыс ₸ нет; колено 0 — обход здесь не обрывался",E1,0,True,3,0,155000.0,0.0,4,0,,,1,3,0.0010695839,0.0,2,False,0,0.0,0,False,0.43
100000008517061100,peripheral,0.4,14,0.3446,"Обрыв выгрузки на 4-м колене: получил 1,8 млн ₸ от 1; исходящие не выгружены — роль «конечный» не присваиваем, нужна доп. выгрузка",P-trunc,4,False,1,0,1844000.0,0.0,4,0,0.0,,0,0,0.0004130567,0.0,1,True,0,0.0,0,False,2.64
100000008517538100,distributor,0.692,7,0.6483,"Веерная рассылка: 1,4 млн ₸ на 17 получателей (18 переводов), плательщиков в выборке: 3",D1,3,False,3,17,155500.0,1439000.0,6,18,9.254019,0.592078,0,0,0.0003070165,0.0002458054,1,False,0,0.0,10,False,6.0
100000008522127100,peripheral,0.6,63,0.1475,Seed-клиент: отправил 145 тыс ₸ на 1 получателей; признаков сбора или веера нет,P-seed,0,True,0,1,0.0,145000.0,0,3,,,0,0,0.0002855693,0.0,0,False,0,0.0,0,False,0.42
100000008524903100,peripheral,0.4,0,0.1302,"Обрыв выгрузки на 4-м колене: получил 15 тыс ₸ от 1; исходящие не выгружены — роль «конечный» не присваиваем, нужна доп. выгрузка",P-trunc,4,False,1,0,15000.0,0.0,1,0,0.0,,0,0,0.0003317733,0.0,1,True,0,0.0,0,False,-0.14
100000008525136100,peripheral,0.4,0,0.0449,"Обрыв выгрузки на 4-м колене: получил 14 тыс ₸ от 1; исходящие не выгружены — роль «конечный» не присваиваем, нужна доп. выгрузка",P-trunc,4,False,1,0,14100.0,0.0,1,0,0.0,,0,0,0.0002885217,0.0,1,True,0,0.0,0,False,-0.14
100000008531133100,peripheral,0.5,5,0.4617,"Получил 25 тыс ₸, отдал 158 тыс ₸ (633%) — отдаёт больше полученного: вероятны поступления извне выборки",P-other,2,False,1,3,25000.0,158271.68,1,3,6.330867,0.200741,0,1,0.0005327485,2.33483e-05,1,False,0,0.0,1,False,0.33
100000008531186100,peripheral,0.7,2,0.3604,"Разовое поступление: 125 тыс ₸ от 1 плательщика, дальше не уходило; сумма мала",P-leaf,2,False,1,0,125000.0,0.0,1,0,0.0,,0,1,0.000361955,0.0,1,False,0,0.0,0,False,0.11
100000008532050100,terminal,0.778,4,0.4216,"Конечный получатель: 455 тыс ₸ от 1 плательщиков, исходящих ≥5 тыс ₸ нет; колено 3 — обход здесь не обрывался",E1,3,False,1,0,455156.0,0.0,1,0,0.0,,0,0,0.0003003205,0.0,1,False,0,0.0,0,False,1.08
100000008536546100,terminal,0.725,17,0.4234,"Конечный получатель: 250 тыс ₸ от 2 плательщиков, исходящих ≥5 тыс ₸ нет; колено 3 — обход здесь не обрывался",E1,3,False,2,0,250000.0,0.0,2,0,0.0,,0,0,0.0003172529,0.0,2,False,0,0.0,0,False,0.68
100000008537380100,peripheral,0.7,1,0.0169,"Разовое поступление: 8 тыс ₸ от 1 плательщика, дальше не уходило; сумма мала",P-leaf,3,False,1,0,8000.0,0.0,1,0,0.0,,0,0,0.0002868179,0.0,1,False,0,0.0,0,False,-0.4
100000008545727100,peripheral,0.5,8,0.4988,"Получил 30 тыс ₸, отдал 1,9 млн ₸ (6222%) — отдаёт больше полученного: вероятны поступления извне выборки",P-other,2,False,1,6,30000.0,1866500.0,1,7,62.216667,0.637557,0,1,0.000338701,0.000134202,1,False,1,30000.0,1,False,1.74
100000008546855100,consolidator,0.8,18,0.7805,"Сбор средств: 72 тыс ₸ от 6 плательщиков (из них seed: 0), дальше ушло 14% полученного; до 5 плательщиков в один день",K1,2,False,6,2,71790.0,10000.0,8,2,0.139295,1.0,0,1,0.0014269759,5.88496e-05,5,False,2,10000.0,10,False,0.35
100000008547295100,peripheral,0.7,6,0.1791,"Разовое поступление: 15 тыс ₸ от 1 плательщика, дальше не уходило; сумма мала",P-leaf,3,False,1,0,15000.0,0.0,1,0,0.0,,0,0,0.0005629712,0.0,1,False,0,0.0,0,False,-0.4
100000008547844100,distributor,0.708,10,0.7904,"Веерная рассылка: 2,0 млн ₸ на 19 получателей (21 переводов), плательщиков в выборке: 3",D1,2,False,3,19,177600.0,2042199.0,3,21,11.498868,0.407306,0,1,0.0003443381,0.0017876099,1,False,8,213800.0,9,False,1.83
100000008547948100,coordinator,0.956,7,0.8954,"Хаб: собирает и раздаёт: 6 плательщиков → 26 получателей, через узел 5,2 млн ₸; 1 seed в 2 шагах выше; посредничество выше 98% узлов",C1,2,False,6,26,212665.0,5185600.0,7,31,24.38389,0.216272,0,1,0.0004277037,0.0011322141,4,False,8,225600.0,30,False,2.61
100000008548853100,peripheral,0.7,1,0.0386,"Разовое поступление: 14 тыс ₸ от 1 плательщика, дальше не уходило; сумма мала",P-leaf,3,False,1,0,14000.0,0.0,1,0,0.0,,0,0,0.0002877544,0.0,1,False,0,0.0,0,False,-0.4
100000008551752100,peripheral,0.4,40,0.2942,"Обрыв выгрузки на 4-м колене: получил 406 тыс ₸ от 1; исходящие не выгружены — роль «конечный» не присваиваем, нужна доп. выгрузка",P-trunc,4,False,1,0,406000.0,0.0,2,0,0.0,,0,0,0.0003415571,0.0,1,True,0,0.0,0,False,1.59
100000008554390100,peripheral,0.4,19,0.0709,"Обрыв выгрузки на 4-м колене: получил 14 тыс ₸ от 1; исходящие не выгружены — роль «конечный» не присваиваем, нужна доп. выгрузка",P-trunc,4,False,1,0,14000.0,0.0,1,0,0.0,,0,0,0.0002930614,0.0,1,True,0,0.0,0,False,-0.14
100000008555233100,terminal,0.77,17,0.466,"Конечный получатель: 441 тыс ₸ от 1 плательщиков, исходящих ≥5 тыс ₸ нет; колено 3 — обход здесь не обрывался",E1,3,False,1,0,440600.0,0.0,1,0,0.0,,0,0,0.0003634087,0.0,1,False,0,0.0,0,False,1.06
100000008555918100,peripheral,0.5,2,0.4595,"Получил 139 тыс ₸, отдал 43 тыс ₸ (31%) — удерживает часть средств, признаков роли недостаточно",P-other,1,False,1,2,139211.0,43300.0,1,2,0.311039,0.0,1,2,0.0003134444,4.75552e-05,1,False,0,0.0,0,False,0.4
100000008556318100,terminal,0.69,2,0.6224,"Конечный получатель: 180 тыс ₸ от 2 плательщиков, исходящих ≥5 тыс ₸ нет; колено 1 — обход здесь не обрывался",E1,1,False,2,0,180132.0,0.0,2,0,0.0,,1,2,0.0005605041,0.0,1,False,0,0.0,0,False,0.39
100000008557672100,peripheral,0.7,1,0.2718,"Разовое поступление: 49 тыс ₸ от 1 плательщика, дальше не уходило; сумма мала",P-leaf,2,False,1,0,49125.0,0.0,1,0,0.0,,0,1,0.000302254,0.0,1,False,0,0.0,0,False,-0.31
100000008560263100,peripheral,0.4,4,0.2177,"Обрыв выгрузки на 4-м колене: получил 100 тыс ₸ от 1; исходящие не выгружены — роль «конечный» не присваиваем, нужна доп. выгрузка",P-trunc,4,False,1,0,100000.0,0.0,1,0,0.0,,0,0,0.0003131893,0.0,1,True,0,0.0,0,False,0.62
100000008560717100,consolidator,0.95,4,0.7814,"Сбор средств: 529 тыс ₸ от 7 плательщиков (из них seed: 1), дальше ушло 5% полученного; до 2 плательщиков в один день",K1,1,False,7,1,529000.0,25000.0,9,1,0.047259,0.0,1,1,0.0003308342,1.92202e-05,2,False,0,0.0,0,False,1.18
100000008561016100,transit,0.972,7,0.4955,"Транзит: получил 180 тыс ₸, отдал 185 тыс ₸ (103%); 100% суммы ушло в течение 2 дн. после поступления",T1,3,False,1,1,180000.0,185000.0,2,4,1.027778,1.0,0,0,0.0002948428,2.23906e-05,1,False,0,0.0,1,False,0.94
100000008566737100,terminal,0.715,0,0.5911,"Конечный получатель: 230 тыс ₸ от 2 плательщиков, исходящих ≥5 тыс ₸ нет; колено 1 — обход здесь не обрывался",E1,1,False,2,0,230000.0,0.0,2,0,0.0,,1,2,0.0003494638,0.0,2,False,0,0.0,0,False,0.56
100000008568512100,terminal,0.65,4,0.3629,"Конечный получатель: 200 тыс ₸ от 1 плательщиков, исходящих ≥5 тыс ₸ нет; колено 3 — обход здесь не обрывался",E1,3,False,1,0,199640.0,0.0,1,0,0.0,,0,0,0.0002920395,0.0,1,False,0,0.0,0,False,0.53
100000008571243100,peripheral,0.7,8,0.2199,"Разовое поступление: 134 тыс ₸ от 1 плательщика, дальше не уходило; сумма мала",P-leaf,3,False,1,0,134000.0,0.0,1,0,0.0,,0,0,0.0003062634,0.0,1,False,0,0.0,0,False,0.26
100000008571433100,peripheral,0.6,52,0.5403,"Seed-клиент: отправил 1,4 млн ₸ на 2 получателей; признаков сбора или веера нет",P-seed,0,True,2,2,350000.0,1434000.0,2,3,,0.74198,0,1,0.0016264807,9.907e-07,1,False,2,350000.0,1,False,0.87
100000008571443100,terminal,0.632,13,0.467,"Конечный получатель: 65 тыс ₸ от 2 плательщиков, исходящих ≥5 тыс ₸ нет; колено 2 — обход здесь не обрывался",E1,2,False,2,0,65000.0,0.0,2,0,0.0,,0,1,0.0003147486,0.0,1,False,0,0.0,0,False,-0.22
100000008575624100,peripheral,0.6,48,0.1258,Seed-клиент: отправил 90 тыс ₸ на 3 получателей; признаков сбора или веера нет,P-seed,0,True,0,3,0.0,89500.0,0,5,,,0,0,0.0002855693,0.0,0,False,0,0.0,0,False,0.33
100000008576243100,terminal,0.641,0,0.4509,"Конечный получатель: 83 тыс ₸ от 2 плательщиков, исходящих ≥5 тыс ₸ нет; колено 3 — обход здесь не обрывался",E1,3,False,2,0,82920.0,0.0,4,0,0.0,,0,0,0.0016515738,0.0,2,False,0,0.0,0,False,-0.06
100000008576528100,peripheral,0.7,4,0.0702,"Разовое поступление: 28 тыс ₸ от 1 плательщика, дальше не уходило; сумма мала",P-leaf,3,False,1,0,28000.0,0.0,1,0,0.0,,0,0,0.0002864768,0.0,1,False,0,0.0,0,False,-0.4
100000008579978100,peripheral,0.5,4,0.1943,"Получил 34 тыс ₸, отдал 77 тыс ₸ (226%) — отдаёт больше полученного: вероятны поступления извне выборки",P-other,3,False,1,1,34000.0,77000.0,1,6,2.264706,0.350649,0,0,0.0002866712,1.92202e-05,1,False,0,0.0,1,True,0.14
100000008582730100,transit,1.0,18,0.3814,"Транзит: получил 5 тыс ₸, отдал 5 тыс ₸ (100%); 100% суммы ушло в течение 2 дн. после поступления",T1,3,False,1,1,5000.0,5000.0,1,1,1.0,1.0,0,0,0.0008925911,0.0,1,False,1,5000.0,0,False,-0.06
100000008583360100,peripheral,0.5,8,0.3247,"Получил 113 тыс ₸, отдал 170 тыс ₸ (151%) — отдаёт больше полученного: вероятны поступления извне выборки",P-other,3,False,1,1,112843.0,170000.0,1,1,1.506518,0.0,0,0,0.0003276126,1.92202e-05,1,False,0,0.0,0,False,0.76
100000008583971100,peripheral,0.4,0,0.1983,"Обрыв выгрузки на 4-м колене: получил 51 тыс ₸ от 2; исходящие не выгружены — роль «конечный» не присваиваем, нужна доп. выгрузка",P-trunc,4,False,2,0,51000.0,0.0,2,0,0.0,,0,0,0.000329716,0.0,1,True,0,0.0,0,False,4.73
100000008586731100,peripheral,0.7,11,0.1396,"Разовое поступление: 12 тыс ₸ от 1 плательщика, дальше не уходило; сумма мала",P-leaf,1,False,1,0,12000.0,0.0,1,0,0.0,,1,1,0.0002875608,0.0,1,False,0,0.0,0,False,-0.48
100000008587459100,peripheral,0.5,0,0.4324,"Получил 182 тыс ₸, отдал 686 тыс ₸ (378%) — отдаёт больше полученного: вероятны поступления извне выборки",P-other,2,False,2,2,181507.0,686500.0,2,4,3.782223,0.0,0,1,0.0003007568,1.77246e-05,1,False,39,574677.0,0,False,1.27
100000008588665100,peripheral,0.4,0,0.1669,"Обрыв выгрузки на 4-м колене: получил 25 тыс ₸ от 1; исходящие не выгружены — роль «конечный» не присваиваем, нужна доп. выгрузка",P-trunc,4,False,1,0,25000.0,0.0,1,0,0.0,,0,0,0.0003524909,0.0,1,True,0,0.0,0,False,-0.14
100000008595687100,peripheral,0.5,5,0.2596,"Получил 64 тыс ₸, отдал 10 тыс ₸ (16%) — удерживает часть средств, признаков роли недостаточно",P-other,3,False,1,1,64395.0,10400.0,1,1,0.161503,1.0,0,0,0.0003048576,0.0003010841,1,False,3,21414.0,1,False,-0.06
100000008596924100,peripheral,0.7,6,0.2559,"Разовое поступление: 100 тыс ₸ от 1 плательщика, дальше не уходило; сумма мала",P-leaf,3,False,1,0,100000.0,0.0,1,0,0.0,,0,0,0.0004160204,0.0,1,False,0,0.0,0,False,0.07
100000008598972100,peripheral,0.7,3,0.1889,"Разовое поступление: 120 тыс ₸ от 1 плательщика, дальше не уходило; сумма мала",P-leaf,3,False,1,0,120000.0,0.0,1,0,0.0,,0,0,0.000294116,0.0,1,False,0,0.0,0,False,0.19
100000008599354100,peripheral,0.5,0,0.3129,"Получил 177 тыс ₸, отдал 38 тыс ₸ (22%) — удерживает часть средств, признаков роли недостаточно",P-other,3,False,1,1,177000.0,38200.0,1,2,0.215819,0.0,0,0,0.0003317436,4.3592e-06,1,False,0,0.0,0,False,0.58
100000008601794100,peripheral,0.6,56,0.538,Seed-клиент: отправил 871 тыс ₸ на 1 получателей; признаков сбора или веера нет,P-seed,0,True,2,1,494400.0,871400.0,8,13,,0.231122,0,1,0.0023677798,3.963e-07,1,False,2,494400.0,0,False,0.82
100000008603331100,peripheral,0.5,10,0.4876,"Получил 40 тыс ₸, отдал 742 тыс ₸ (1878%) — отдаёт больше полученного: вероятны поступления извне выборки",P-other,2,False,2,6,39500.0,741774.0,3,6,18.779089,0.444009,0,1,0.000344234,0.0001957691,1,False,1,5000.0,3,False,1.2
100000008603629100,coordinator,1.0,3,0.9385,"Хаб: собирает и раздаёт: 19 плательщиков → 61 получателей, через узел 5,0 млн ₸; 1 seed в 2 шагах выше; посредничество выше 99% узлов",C1,2,False,19,61,1817300.0,4986156.0,45,74,2.743717,0.988838,0,1,0.0011918073,0.0057605287,4,False,762,11322479.0,267,False,7.14
100000008612257100,peripheral,0.7,16,0.0251,"Разовое поступление: 10 тыс ₸ от 1 плательщика, дальше не уходило; сумма мала",P-leaf,3,False,1,0,9500.0,0.0,1,0,0.0,,0,0,0.0002878639,0.0,1,False,0,0.0,0,False,-0.4
100000008619159100,peripheral,0.4,64,0.3021,"Обрыв выгрузки на 4-м колене: получил 446 тыс ₸ от 1; исходящие не выгружены — роль «конечный» не присваиваем, нужна доп. выгрузка",P-trunc,4,False,1,0,446400.0,0.0,2,0,0.0,,0,0,0.0003565874,0.0,1,True,0,0.0,0,False,1.66
100000008619857100,peripheral,0.5,0,0.1412,"Получил 29 тыс ₸, отдал 13 тыс ₸ (45%) — удерживает часть средств, признаков роли недостаточно",P-other,3,False,1,2,29000.0,13000.0,1,2,0.448276,0.615385,0,0,0.0002872026,1.7582e-06,1,False,0,0.0,1,False,0.27
100000008620570100,peripheral,0.5,3,0.3226,"Получил 145 тыс ₸, отдал 32 тыс ₸ (22%) — удерживает часть средств, признаков роли недостаточно",P-other,3,False,2,2,145000.0,31800.0,2,2,0.21931,0.314465,0,0,0.0003485384,3.30834e-05,1,False,0,0.0,1,False,0.61
100000008624978100,peripheral,0.7,17,0.3456,"Разовое поступление: 109 тыс ₸ от 1 плательщика, дальше не уходило; сумма мала",P-leaf,2,False,1,0,109000.0,0.0,1,0,0.0,,0,1,0.0003380319,0.0,1,False,0,0.0,0,False,0.02
100000008625905100,peripheral,0.5,58,0.4141,"Получил 198 тыс ₸, отдал 635 тыс ₸ (321%) — отдаёт больше полученного: вероятны поступления извне выборки",P-other,3,False,1,2,197800.0,635000.0,1,2,3.210313,0.0,0,0,0.0005453128,3.96294e-05,1,False,0,0.0,0,False,1.49
100000008628231100,peripheral,0.5,66,0.4741,"Получил 50 тыс ₸, отдал 628 тыс ₸ (1256%) — отдаёт больше полученного: вероятны поступления извне выборки",P-other,1,False,1,2,50000.0,627870.0,1,19,12.5574,0.035039,1,2,0.0002955811,4.75552e-05,1,False,0,0.0,1,True,1.29
100000008628818100,peripheral,0.4,8,0.1624,"Обрыв выгрузки на 4-м колене: получил 46 тыс ₸ от 1; исходящие не выгружены — роль «конечный» не присваиваем, нужна доп. выгрузка",P-trunc,4,False,1,0,46310.0,0.0,1,0,0.0,,0,0,0.0003029045,0.0,1,True,0,0.0,0,False,0.08
100000008629504100,peripheral,0.4,0,0.1152,"Обрыв выгрузки на 4-м колене: получил 20 тыс ₸ от 1; исходящие не выгружены — роль «конечный» не присваиваем, нужна доп. выгрузка",P-trunc,4,False,1,0,20000.0,0.0,1,0,0.0,,0,0,0.0003020103,0.0,1,True,0,0.0,0,False,-0.14
100000008629581100,peripheral,0.7,2,0.2988,"Разовое поступление: 54 тыс ₸ от 1 плательщика, дальше не уходило; сумма мала",P-leaf,2,False,1,0,54184.0,0.0,1,0,0.0,,0,1,0.0003153289,0.0,1,False,0,0.0,0,False,-0.31
100000008631800100,peripheral,0.4,19,0.066,"Обрыв выгрузки на 4-м колене: получил 13 тыс ₸ от 1; исходящие не выгружены — роль «конечный» не присваиваем, нужна доп. выгрузка",P-trunc,4,False,1,0,12850.0,0.0,1,0,0.0,,0,0,0.000292446,0.0,1,True,0,0.0,0,False,-0.14
100000008632060100,peripheral,0.5,0,0.2661,"Получил 6 тыс ₸, отдал 339 тыс ₸ (5653%) — отдаёт больше полученного: вероятны поступления извне выборки",P-other,3,False,1,9,6000.0,339200.0,1,12,56.533333,0.0,0,0,0.0002880256,0.0005365437,1,False,65,388800.0,0,False,2.63
100000008633099100,peripheral,0.5,6,0.1649,"Получил 19 тыс ₸, отдал 14 тыс ₸ (69%) — удерживает часть средств, признаков роли недостаточно",P-other,3,False,1,1,19468.0,13500.0,1,1,0.693446,0.0,0,0,0.000291962,1.92202e-05,1,False,0,0.0,0,False,-0.06
100000008634520100,peripheral,0.7,10,0.186,"Разовое поступление: 90 тыс ₸ от 1 плательщика, дальше не уходило; сумма мала",P-leaf,3,False,1,0,90000.0,0.0,1,0,0.0,,0,0,0.0002984829,0.0,1,False,0,0.0,0,False,-0.0
100000008636603100,peripheral,0.5,11,0.4432,"Получил 35 тыс ₸, отдал 159 тыс ₸ (449%) — отдаёт больше полученного: вероятны поступления извне выборки",P-other,2,False,2,6,35460.0,159375.0,2,7,4.494501,0.369412,0,1,0.0003387007,0.0034745655,1,False,4,43701.0,5,False,0.37
100000008637537100,consolidator,0.85,10,0.9382,Сбор средств: 620 тыс ₸ от 3 плательщиков (из них seed: 2); до 2 плательщиков в один день,K2,0,True,3,3,619890.0,2351495.0,22,30,,1.0,2,4,0.0008287332,7.75354e-05,2,False,4,733890.0,5,True,0.96
100000008638859100,peripheral,0.4,18,0.2194,"Обрыв выгрузки на 4-м колене: получил 34 тыс ₸ от 1; исходящие не выгружены — роль «конечный» не присваиваем, нужна доп. выгрузка",P-trunc,4,False,1,0,34000.0,0.0,1,0,0.0,,0,0,0.0005396486,0.0,1,True,0,0.0,0,False,-0.13
100000008647905100,peripheral,0.5,18,0.452,"Получил 50 тыс ₸, отдал 344 тыс ₸ (688%) — отдаёт больше полученного: вероятны поступления извне выборки",P-other,2,False,1,2,50000.0,344222.0,1,2,6.88444,0.670498,0,1,0.0003287103,3.84405e-05,1,False,0,0.0,1,False,0.79
100000008648783100,peripheral,0.4,19,0.0202,"Обрыв выгрузки на 4-м колене: получил 5 тыс ₸ от 1; исходящие не выгружены — роль «конечный» не присваиваем, нужна доп. выгрузка",P-trunc,4,False,1,0,5200.0,0.0,1,0,0.0,,0,0,0.0002883521,0.0,1,True,0,0.0,0,False,-0.14
100000008649416100,peripheral,0.4,16,0.1424,"Обрыв выгрузки на 4-м колене: получил 5 тыс ₸ от 1; исходящие не выгружены — роль «конечный» не присваиваем, нужна доп. выгрузка",P-trunc,4,False,1,0,5000.0,0.0,1,0,0.0,,0,0,0.0005337267,0.0,1,True,0,0.0,0,False,-0.14
100000008650785100,peripheral,0.6,5,0.529,Seed-клиент: отправил 120 тыс ₸ на 2 получателей; признаков сбора или веера нет,P-seed,0,True,2,2,92000.0,120120.0,2,2,,0.582917,1,2,0.000612521,2.24236e-05,1,False,0,0.0,1,False,0.49
100000008652094100,peripheral,0.7,0,0.0881,"Разовое поступление: 35 тыс ₸ от 1 плательщика, дальше не уходило; сумма мала",P-leaf,3,False,1,0,35000.0,0.0,1,0,0.0,,0,0,0.0002875405,0.0,1,False,0,0.0,0,False,-0.4
100000008653041100,peripheral,0.7,1,0.0933,"Разовое поступление: 28 тыс ₸ от 1 плательщика, дальше не уходило; сумма мала",P-leaf,3,False,1,0,28000.0,0.0,1,0,0.0,,0,0,0.0002899395,0.0,1,False,0,0.0,0,False,-0.4
100000008654653100,peripheral,0.6,5,0.1042,Seed-клиент: отправил 54 тыс ₸ на 1 получателей; признаков сбора или веера нет,P-seed,0,True,0,1,0.0,54000.0,0,1,,,0,0,0.0002855693,0.0,0,False,0,0.0,0,False,0.24
100000008655035100,peripheral,0.7,6,0.3674,"Разовое поступление: 30 тыс ₸ от 1 плательщика, дальше не уходило; сумма мала",P-leaf,2,False,1,0,30000.0,0.0,1,0,0.0,,0,2,0.0005401427,0.0,1,False,0,0.0,0,False,-0.31
100000008655779100,peripheral,0.5,28,0.2989,"Получил 47 тыс ₸, отдал 25 тыс ₸ (53%) — удерживает часть средств, признаков роли недостаточно",P-other,3,False,1,2,47000.0,24704.0,1,2,0.525617,0.0,0,0,0.0003970523,5.92098e-05,1,False,0,0.0,0,False,0.27
100000008656043100,peripheral,0.7,1,0.2187,"Разовое поступление: 26 тыс ₸ от 1 плательщика, дальше не уходило; сумма мала",P-leaf,2,False,1,0,26200.0,0.0,1,0,0.0,,0,1,0.0002944678,0.0,1,False,0,0.0,0,False,-0.31
100000008659445100,peripheral,0.6,42,0.5357,Seed-клиент: отправил 875 тыс ₸ на 4 получателей; признаков сбора или веера нет,P-seed,0,True,3,4,138490.0,875150.0,7,18,,0.517854,0,1,0.0024238039,9.907e-07,2,False,11,488370.0,3,False,0.77
100000008659950100,terminal,0.673,10,0.4269,"Конечный получатель: 246 тыс ₸ от 1 плательщиков, исходящих ≥5 тыс ₸ нет; колено 3 — обход здесь не обрывался",E1,3,False,1,0,246000.0,0.0,1,0,0.0,,0,0,0.0003208665,0.0,1,False,0,0.0,0,False,0.67
100000008661550100,peripheral,0.7,1,0.074,"Разовое поступление: 23 тыс ₸ от 1 плательщика, дальше не уходило; сумма мала",P-leaf,3,False,1,0,22800.0,0.0,1,0,0.0,,0,0,0.0002891279,0.0,1,False,0,0.0,0,False,-0.4
100000008661585100,peripheral,0.7,1,0.2437,"Разовое поступление: 43 тыс ₸ от 1 плательщика, дальше не уходило; сумма мала",P-leaf,1,False,1,0,43141.0,0.0,1,0,0.0,,1,1,0.0002946241,0.0,1,False,0,0.0,0,False,-0.48
100000008662216100,peripheral,0.7,1,0.0892,"Разовое поступление: 26 тыс ₸ от 1 плательщика, дальше не уходило; сумма мала",P-leaf,3,False,1,0,26200.0,0.0,1,0,0.0,,0,0,0.0002896585,0.0,1,False,0,0.0,0,False,-0.4
100000008662805100,peripheral,0.7,1,0.0501,"Разовое поступление: 16 тыс ₸ от 1 плательщика, дальше не уходило; сумма мала",P-leaf,3,False,1,0,16500.0,0.0,1,0,0.0,,0,0,0.0002881446,0.0,1,False,0,0.0,0,False,-0.4
100000008663007100,peripheral,0.7,1,0.1507,"Разовое поступление: 14 тыс ₸ от 1 плательщика, дальше не уходило; сумма мала",P-leaf,1,False,1,0,14000.0,0.0,1,0,0.0,,1,1,0.0002885077,0.0,1,False,0,0.0,0,False,-0.48
100000008663723100,peripheral,0.7,1,0.0458,"Разовое поступление: 16 тыс ₸ от 1 плательщика, дальше не уходило; сумма мала",P-leaf,3,False,1,0,15600.0,0.0,1,0,0.0,,0,0,0.0002880041,0.0,1,False,0,0.0,0,False,-0.4
100000008664469100,peripheral,0.7,2,0.2449,"Разовое поступление: 25 тыс ₸ от 1 плательщика, дальше не уходило; сумма мала",P-leaf,1,False,1,0,25000.0,0.0,1,0,0.0,,1,2,0.0002905752,0.0,1,False,0,0.0,0,False,-0.48
100000008664774100,peripheral,0.7,1,0.0492,"Разовое поступление: 16 тыс ₸ от 1 плательщика, дальше не уходило; сумма мала",P-leaf,3,False,1,0,16300.0,0.0,1,0,0.0,,0,0,0.0002881134,0.0,1,False,0,0.0,0,False,-0.4
100000008665380100,peripheral,0.5,0,0.3145,"Получил 69 тыс ₸, отдал 18 тыс ₸ (26%) — удерживает часть средств, признаков роли недостаточно",P-other,1,False,2,1,69100.0,18200.0,2,1,0.263386,1.0,1,1,0.0002907743,1.92202e-05,1,False,0,0.0,1,False,-0.01
100000008666075100,peripheral,0.7,1,0.2042,"Разовое поступление: 26 тыс ₸ от 1 плательщика, дальше не уходило; сумма мала",P-leaf,1,False,1,0,26217.0,0.0,1,0,0.0,,1,1,0.0002910719,0.0,1,False,0,0.0,0,False,-0.48
100000008667058100,peripheral,0.7,1,0.1687,"Разовое поступление: 18 тыс ₸ от 1 плательщика, дальше не уходило; сумма мала",P-leaf,1,False,1,0,17534.0,0.0,1,0,0.0,,1,1,0.0002892495,0.0,1,False,0,0.0,0,False,-0.48
100000008667795100,peripheral,0.7,1,0.1096,"Разовое поступление: 34 тыс ₸ от 1 плательщика, дальше не уходило; сумма мала",P-leaf,3,False,1,0,34000.0,0.0,1,0,0.0,,0,0,0.0002908759,0.0,1,False,0,0.0,0,False,-0.4
100000008667799100,peripheral,0.7,1,0.1096,"Разовое поступление: 34 тыс ₸ от 1 плательщика, дальше не уходило; сумма мала",P-leaf,3,False,1,0,34000.0,0.0,1,0,0.0,,0,0,0.0002908759,0.0,1,False,0,0.0,0,False,-0.4
100000008668099100,peripheral,0.7,1,0.0466,"Разовое поступление: 16 тыс ₸ от 1 плательщика, дальше не уходило; сумма мала",P-leaf,3,False,1,0,15700.0,0.0,1,0,0.0,,0,0,0.0002880197,0.0,1,False,0,0.0,0,False,-0.4
100000008669037100,peripheral,0.9,89,0.0,Seed-клиент без переводов ≥5 тыс ₸ внутри банка за июль,P-orphan,0,True,0,0,0.0,0.0,0,0,,,0,0,0.0002855693,0.0,0,False,0,0.0,0,False,-0.39
100000008669310100,peripheral,0.7,0,0.1283,"Разовое поступление: 60 тыс ₸ от 1 плательщика, дальше не уходило; сумма мала",P-leaf,3,False,1,0,59567.0,0.0,2,0,0.0,,0,0,0.0002889241,0.0,1,False,0,0.0,0,False,-0.28
100000008670667100,peripheral,0.7,1,0.1594,"Разовое поступление: 16 тыс ₸ от 1 плательщика, дальше не уходило; сумма мала",P-leaf,1,False,1,0,15534.0,0.0,1,0,0.0,,1,1,0.0002888297,0.0,1,False,0,0.0,0,False,-0.48
100000008671026100,peripheral,0.7,1,0.1918,"Разовое поступление: 24 тыс ₸ от 1 плательщика, дальше не уходило; сумма мала",P-leaf,1,False,1,0,23534.0,0.0,1,0,0.0,,1,1,0.0002905088,0.0,1,False,0,0.0,0,False,-0.48
100000008671081100,peripheral,0.7,1,0.1171,"Разовое поступление: 37 тыс ₸ от 1 плательщика, дальше не уходило; сумма мала",P-leaf,3,False,1,0,37200.0,0.0,1,0,0.0,,0,0,0.0002913754,0.0,1,False,0,0.0,0,False,-0.4
100000008671129100,peripheral,0.7,1,0.0892,"Разовое поступление: 26 тыс ₸ от 1 плательщика, дальше не уходило; сумма мала",P-leaf,3,False,1,0,26200.0,0.0,1,0,0.0,,0,0,0.0002896585,0.0,1,False,0,0.0,0,False,-0.4
100000008671929100,peripheral,0.7,2,0.3373,"Разовое поступление: 75 тыс ₸ от 1 плательщика, дальше не уходило; сумма мала",P-leaf,1,False,1,0,75000.0,0.0,2,0,0.0,,1,2,0.000300587,0.0,1,False,0,0.0,0,False,-0.21
100000008672162100,peripheral,0.7,1,0.1599,"Разовое поступление: 16 тыс ₸ от 1 плательщика, дальше не уходило; сумма мала",P-leaf,1,False,1,0,15550.0,0.0,1,0,0.0,,1,1,0.0002888331,0.0,1,False,0,0.0,0,False,-0.48
100000008672200100,peripheral,0.7,1,0.1275,"Разовое поступление: 9 тыс ₸ от 1 плательщика, дальше не уходило; сумма мала",P-leaf,1,False,1,0,8511.0,0.0,1,0,0.0,,1,1,0.0002873557,0.0,1,False,0,0.0,0,False,-0.48
100000008672480100,peripheral,0.7,1,0.16,"Разовое поступление: 13 тыс ₸ от 1 плательщика, дальше не уходило; сумма мала",P-leaf,2,False,1,0,13000.0,0.0,1,0,0.0,,0,1,0.0002899846,0.0,1,False,0,0.0,0,False,-0.31
100000008672493100,peripheral,0.7,1,0.0386,"Разовое поступление: 14 тыс ₸ от 1 плательщика, дальше не уходило; сумма мала",P-leaf,3,False,1,0,14000.0,0.0,1,0,0.0,,0,0,0.0002877544,0.0,1,False,0,0.0,0,False,-0.4
100000008672603100,peripheral,0.7,2,0.2149,"Разовое поступление: 21 тыс ₸ от 1 плательщика, дальше не уходило; сумма мала",P-leaf,2,False,1,0,21200.0,0.0,1,0,0.0,,0,1,0.000297213,0.0,1,False,0,0.0,0,False,-0.31
100000008672762100,peripheral,0.7,1,0.16,"Разовое поступление: 13 тыс ₸ от 1 плательщика, дальше не уходило; сумма мала",P-leaf,2,False,1,0,13000.0,0.0,1,0,0.0,,0,1,0.0002899846,0.0,1,False,0,0.0,0,False,-0.31
100000008673001100,peripheral,0.6,20,0.355,Seed-клиент: отправил 0 ₸ на 0 получателей; признаков сбора или веера нет,P-seed,0,True,1,0,80000.0,0.0,1,0,,,1,1,0.0004689783,0.0,1,False,0,0.0,0,False,0.31
100000008675322100,peripheral,0.4,36,0.2745,"Обрыв выгрузки на 4-м колене: получил 340 тыс ₸ от 1; исходящие не выгружены — роль «конечный» не присваиваем, нужна доп. выгрузка",P-trunc,4,False,1,0,340000.0,0.0,4,0,0.0,,0,0,0.0003193542,0.0,1,True,0,0.0,0,False,1.47
100000008676812100,terminal,0.665,18,0.4599,"Конечный получатель: 231 тыс ₸ от 1 плательщиков, исходящих ≥5 тыс ₸ нет; колено 3 — обход здесь не обрывался",E1,3,False,1,0,230800.0,0.0,1,0,0.0,,0,0,0.0004731342,0.0,1,False,0,0.0,0,False,0.63
100000008677215100,peripheral,0.7,22,0.0859,"Разовое поступление: 9 тыс ₸ от 1 плательщика, дальше не уходило; сумма мала",P-leaf,3,False,1,0,9000.0,0.0,1,0,0.0,,0,0,0.0003043767,0.0,1,False,0,0.0,0,False,-0.4
100000008677368100,peripheral,0.4,6,0.1668,"Обрыв выгрузки на 4-м колене: получил 14 тыс ₸ от 1; исходящие не выгружены — роль «конечный» не присваиваем, нужна доп. выгрузка",P-trunc,4,False,1,0,13500.0,0.0,1,0,0.0,,0,0,0.0005340289,0.0,1,True,0,0.0,0,False,-0.14
100000008677518100,peripheral,0.7,1,0.1387,"Разовое поступление: 49 тыс ₸ от 1 плательщика, дальше не уходило; сумма мала",P-leaf,3,False,1,0,48700.0,0.0,1,0,0.0,,0,0,0.0002931703,0.0,1,False,0,0.0,0,False,-0.4
100000008679986100,peripheral,0.7,1,0.1743,"Разовое поступление: 19 тыс ₸ от 1 плательщика, дальше не уходило; сумма мала",P-leaf,1,False,1,0,19000.0,0.0,1,0,0.0,,1,1,0.0002895572,0.0,1,False,0,0.0,0,False,-0.48
100000008680061100,peripheral,0.4,4,0.1676,"Обрыв выгрузки на 4-м колене: получил 41 тыс ₸ от 1; исходящие не выгружены — роль «конечный» не присваиваем, нужна доп. выгрузка",P-trunc,4,False,1,0,41300.0,0.0,2,0,0.0,,0,0,0.0003106856,0.0,1,True,0,0.0,0,False,0.01
100000008680451100,peripheral,0.7,1,0.1918,"Разовое поступление: 24 тыс ₸ от 1 плательщика, дальше не уходило; сумма мала",P-leaf,1,False,1,0,23534.0,0.0,1,0,0.0,,1,1,0.0002905088,0.0,1,False,0,0.0,0,False,-0.48
100000008680731100,distributor,0.775,11,0.5021,"Веерная рассылка: 1,5 млн ₸ на 27 получателей (28 переводов), плательщиков в выборке: 0; seed-клиент",D1,0,True,0,27,0.0,1464354.0,0,28,,,0,0,0.0002855693,0.0,0,False,0,0.0,0,False,0.94
100000008680912100,peripheral,0.5,0,0.2411,"Получил 45 тыс ₸, отдал 6 тыс ₸ (13%) — удерживает часть средств, признаков роли недостаточно",P-other,3,False,1,1,45112.0,5990.85,2,1,0.132799,1.0,0,0,0.0005351757,0.0,1,False,1,5990.85,0,False,-0.06
100000008682426100,peripheral,0.7,14,0.081,"Разовое поступление: 20 тыс ₸ от 1 плательщика, дальше не уходило; сумма мала",P-leaf,3,False,1,0,20000.0,0.0,1,0,0.0,,0,0,0.0002912223,0.0,1,False,0,0.0,0,False,-0.4
100000008683818100,peripheral,0.7,1,0.1821,"Разовое поступление: 17 тыс ₸ от 1 плательщика, дальше не уходило; сумма мала",P-leaf,2,False,1,0,17400.0,0.0,1,0,0.0,,0,1,0.000291479,0.0,1,False,0,0.0,0,False,-0.31
100000008684452100,peripheral,0.7,1,0.1471,"Разовое поступление: 52 тыс ₸ от 1 плательщика, дальше не уходило; сумма мала",P-leaf,3,False,1,0,51800.0,0.0,1,0,0.0,,0,0,0.0002936541,0.0,1,False,0,0.0,0,False,-0.37
100000008684767100,peripheral,0.7,1,0.1034,"Разовое поступление: 31 тыс ₸ от 1 плательщика, дальше не уходило; сумма мала",P-leaf,3,False,1,0,31100.0,0.0,1,0,0.0,,0,0,0.0002904233,0.0,1,False,0,0.0,0,False,-0.4
100000008684951100,peripheral,0.7,1,0.0527,"Разовое поступление: 17 тыс ₸ от 1 плательщика, дальше не уходило; сумма мала",P-leaf,3,False,1,0,17200.0,0.0,1,0,0.0,,0,0,0.0002882538,0.0,1,False,0,0.0,0,False,-0.4
100000008686214100,peripheral,0.7,3,0.1176,"Разовое поступление: 25 тыс ₸ от 1 плательщика, дальше не уходило; сумма мала",P-leaf,3,False,1,0,25000.0,0.0,1,0,0.0,,0,0,0.0002977279,0.0,1,False,0,0.0,0,False,-0.4
100000008686234100,peripheral,0.7,0,0.2333,"Разовое поступление: 40 тыс ₸ от 1 плательщика, дальше не уходило; сумма мала",P-leaf,1,False,1,0,39778.0,0.0,1,0,0.0,,1,1,0.0002930337,0.0,1,False,0,0.0,0,False,-0.48
100000008686247100,peripheral,0.5,23,0.1505,"Получил 22 тыс ₸, отдал 5 тыс ₸ (23%) — удерживает часть средств, признаков роли недостаточно",P-other,3,False,1,1,22000.0,5000.0,2,1,0.227273,0.0,0,0,0.0003136738,0.0,1,False,1,5000.0,0,False,-0.06
100000008686313100,coordinator,0.936,0,0.8958,"Хаб: собирает и раздаёт: 6 плательщиков → 7 получателей, через узел 334 тыс ₸; 1 seed в 2 шагах выше; посредничество выше 99% узлов",C1,1,False,6,7,1912716.0,333800.0,16,13,0.174516,1.0,1,1,0.0004676329,0.001984826,2,False,408,6952170.0,11,False,2.36
100000008686494100,peripheral,0.7,1,0.0466,"Разовое поступление: 16 тыс ₸ от 1 плательщика, дальше не уходило; сумма мала",P-leaf,3,False,1,0,15700.0,0.0,1,0,0.0,,0,0,0.0002880197,0.0,1,False,0,0.0,0,False,-0.4
100000008687492100,peripheral,0.7,1,0.1692,"Разовое поступление: 15 тыс ₸ от 1 плательщика, дальше не уходило; сумма мала",P-leaf,2,False,1,0,15000.0,0.0,1,0,0.0,,0,1,0.0002906639,0.0,1,False,0,0.0,0,False,-0.31
100000008687617100,peripheral,0.7,1,0.1281,"Разовое поступление: 43 тыс ₸ от 1 плательщика, дальше не уходило; сумма мала",P-leaf,3,False,1,0,43350.0,0.0,2,0,0.0,,0,0,0.0002923353,0.0,1,False,0,0.0,0,False,-0.4
100000008687671100,peripheral,0.7,1,0.233,"Разовое поступление: 38 тыс ₸ от 1 плательщика, дальше не уходило; сумма мала",P-leaf,1,False,1,0,37500.0,0.0,1,0,0.0,,1,1,0.0002934401,0.0,1,False,0,0.0,0,False,-0.48
100000008687733100,peripheral,0.7,1,0.0406,"Разовое поступление: 15 тыс ₸ от 1 плательщика, дальше не уходило; сумма мала",P-leaf,3,False,1,0,14650.0,0.0,1,0,0.0,,0,0,0.0002878558,0.0,1,False,0,0.0,0,False,-0.4
100000008687990100,peripheral,0.7,1,0.0549,"Разовое поступление: 18 тыс ₸ от 1 плательщика, дальше не уходило; сумма мала",P-leaf,3,False,1,0,17600.0,0.0,1,0,0.0,,0,0,0.0002883163,0.0,1,False,0,0.0,0,False,-0.4
100000008688109100,peripheral,0.7,1,0.0352,"Разовое поступление: 13 тыс ₸ от 1 плательщика, дальше не уходило; сумма мала",P-leaf,3,False,1,0,12800.0,0.0,1,0,0.0,,0,0,0.0002875671,0.0,1,False,0,0.0,0,False,-0.4
100000008688155100,peripheral,0.7,1,0.0773,"Разовое поступление: 24 тыс ₸ от 1 плательщика, дальше не уходило; сумма мала",P-leaf,3,False,1,0,23600.0,0.0,1,0,0.0,,0,0,0.0002892527,0.0,1,False,0,0.0,0,False,-0.4
100000008688476100,peripheral,0.7,1,0.2092,"Разовое поступление: 24 тыс ₸ от 1 плательщика, дальше не уходило; сумма мала",P-leaf,2,False,1,0,24000.0,0.0,1,0,0.0,,0,1,0.0002937206,0.0,1,False,0,0.0,0,False,-0.31
100000008688881100,peripheral,0.7,1,0.2608,"Разовое поступление: 44 тыс ₸ от 1 плательщика, дальше не уходило; сумма мала",P-leaf,2,False,1,0,44211.0,0.0,1,0,0.0,,0,1,0.000300585,0.0,1,False,0,0.0,0,False,-0.31
100000008690762100,peripheral,0.7,1,0.0906,"Разовое поступление: 27 тыс ₸ от 1 плательщика, дальше не уходило; сумма мала",P-leaf,3,False,1,0,26750.0,0.0,1,0,0.0,,0,0,0.0002897444,0.0,1,False,0,0.0,0,False,-0.4
100000008690932100,peripheral,0.7,1,0.1897,"Разовое поступление: 23 тыс ₸ от 1 плательщика, дальше не уходило; сумма мала",P-leaf,1,False,1,0,23000.0,0.0,1,0,0.0,,1,1,0.0002903967,0.0,1,False,0,0.0,0,False,-0.48
100000008691027100,peripheral,0.7,1,0.1687,"Разовое поступление: 18 тыс ₸ от 1 плательщика, дальше не уходило; сумма мала",P-leaf,1,False,1,0,17534.0,0.0,1,0,0.0,,1,1,0.0002892495,0.0,1,False,0,0.0,0,False,-0.48
100000008691168100,peripheral,0.7,1,0.2092,"Разовое поступление: 24 тыс ₸ от 1 плательщика, дальше не уходило; сумма мала",P-leaf,2,False,1,0,24000.0,0.0,1,0,0.0,,0,1,0.0002937206,0.0,1,False,0,0.0,0,False,-0.31
100000008691330100,peripheral,0.7,1,0.186,"Разовое поступление: 21 тыс ₸ от 1 плательщика, дальше не уходило; сумма мала",P-leaf,1,False,1,0,21440.0,0.0,1,0,0.0,,1,1,0.0002900693,0.0,1,False,0,0.0,0,False,-0.48
100000008691495100,peripheral,0.7,1,0.2064,"Разовое поступление: 27 тыс ₸ от 1 плательщика, дальше не уходило; сумма мала",P-leaf,1,False,1,0,27000.0,0.0,1,0,0.0,,1,1,0.0002912363,0.0,1,False,0,0.0,0,False,-0.48
100000008692291100,transit,0.542,10,0.5246,"Транзит: получил 160 тыс ₸, отдал 156 тыс ₸ (98%); 13% суммы ушло в течение 2 дн. после поступления",T1,3,False,3,3,160000.0,156000.0,3,3,0.975,0.134615,0,0,0.000307853,6.41996e-05,2,False,0,0.0,2,False,1.28
100000008693069100,peripheral,0.7,1,0.1794,"Разовое поступление: 20 тыс ₸ от 1 плательщика, дальше не уходило; сумма мала",P-leaf,1,False,1,0,20000.0,0.0,1,0,0.0,,1,1,0.0002897671,0.0,1,False,0,0.0,0,False,-0.48
100000008695133100,peripheral,0.7,1,0.1158,"Разовое поступление: 37 тыс ₸ от 1 плательщика, дальше не уходило; сумма мала",P-leaf,3,False,1,0,36610.0,0.0,1,0,0.0,,0,0,0.0002912833,0.0,1,False,0,0.0,0,False,-0.4
100000008695157100,peripheral,0.4,3,0.3243,"Обрыв выгрузки на 4-м колене: получил 426 тыс ₸ от 1; исходящие не выгружены — роль «конечный» не присваиваем, нужна доп. выгрузка",P-trunc,4,False,1,0,425546.0,0.0,3,0,0.0,,0,0,0.0004975174,0.0,1,True,0,0.0,0,False,1.63
100000008695495100,peripheral,0.7,1,0.1845,"Разовое поступление: 21 тыс ₸ от 1 плательщика, дальше не уходило; сумма мала",P-leaf,1,False,1,0,21000.0,0.0,1,0,0.0,,1,1,0.0002899769,0.0,1,False,0,0.0,0,False,-0.48
100000008695566100,peripheral,0.7,1,0.1088,"Разовое поступление: 34 тыс ₸ от 1 плательщика, дальше не уходило; сумма мала",P-leaf,3,False,1,0,33700.0,0.0,1,0,0.0,,0,0,0.0002908291,0.0,1,False,0,0.0,0,False,-0.4
100000008695689100,peripheral,0.7,1,0.0892,"Разовое поступление: 26 тыс ₸ от 1 плательщика, дальше не уходило; сумма мала",P-leaf,3,False,1,0,26200.0,0.0,1,0,0.0,,0,0,0.0002896585,0.0,1,False,0,0.0,0,False,-0.4
100000008696692100,peripheral,0.7,1,0.1881,"Разовое поступление: 19 тыс ₸ от 1 плательщика, дальше не уходило; сумма мала",P-leaf,2,False,1,0,19000.0,0.0,1,0,0.0,,0,1,0.0002920224,0.0,1,False,0,0.0,0,False,-0.31
100000008696919100,peripheral,0.7,1,0.2209,"Разовое поступление: 32 тыс ₸ от 1 плательщика, дальше не уходило; сумма мала",P-leaf,1,False,1,0,31945.0,0.0,1,0,0.0,,1,1,0.0002922742,0.0,1,False,0,0.0,0,False,-0.48
100000008697670100,peripheral,0.7,1,0.0856,"Разовое поступление: 25 тыс ₸ от 1 плательщика, дальше не уходило; сумма мала",P-leaf,3,False,1,0,25350.0,0.0,1,0,0.0,,0,0,0.0002895259,0.0,1,False,0,0.0,0,False,-0.4
100000008699083100,peripheral,0.4,12,0.246,"Обрыв выгрузки на 4-м колене: получил 238 тыс ₸ от 1; исходящие не выгружены — роль «конечный» не присваиваем, нужна доп. выгрузка",P-trunc,4,False,1,0,238500.0,0.0,1,0,0.0,,0,0,0.0003064017,0.0,1,True,0,0.0,0,False,1.22
100000008701222100,peripheral,0.9,90,0.0,Seed-клиент без переводов ≥5 тыс ₸ внутри банка за июль,P-orphan,0,True,0,0,0.0,0.0,0,0,,,0,0,0.0002855693,0.0,0,False,0,0.0,0,False,-0.39
100000008701256100,peripheral,0.7,0,0.2862,"Разовое поступление: 58 тыс ₸ от 1 плательщика, дальше не уходило; сумма мала",P-leaf,2,False,1,0,58250.0,0.0,1,0,0.0,,0,1,0.0003037426,0.0,1,False,0,0.0,0,False,-0.31
100000008701944100,peripheral,0.7,15,0.3784,"Разовое поступление: 52 тыс ₸ от 1 плательщика, дальше не уходило; сумма мала",P-leaf,1,False,1,0,52124.0,0.0,1,0,0.0,,1,2,0.0004115203,0.0,1,False,0,0.0,0,False,-0.45
100000008703533100,peripheral,0.4,10,0.1695,"Обрыв выгрузки на 4-м колене: получил 75 тыс ₸ от 1; исходящие не выгружены — роль «конечный» не присваиваем, нужна доп. выгрузка",P-trunc,4,False,1,0,75000.0,0.0,1,0,0.0,,0,0,0.0002955268,0.0,1,True,0,0.0,0,False,0.42
100000008706846100,peripheral,0.7,1,0.0395,"Разовое поступление: 14 тыс ₸ от 1 плательщика, дальше не уходило; сумма мала",P-leaf,3,False,1,0,14200.0,0.0,1,0,0.0,,0,0,0.0002877856,0.0,1,False,0,0.0,0,False,-0.4
100000008706947100,peripheral,0.7,1,0.0527,"Разовое поступление: 17 тыс ₸ от 1 плательщика, дальше не уходило; сумма мала",P-leaf,3,False,1,0,17200.0,0.0,1,0,0.0,,0,0,0.0002882538,0.0,1,False,0,0.0,0,False,-0.4
100000008707810100,peripheral,0.7,1,0.0892,"Разовое поступление: 26 тыс ₸ от 1 плательщика, дальше не уходило; сумма мала",P-leaf,3,False,1,0,26200.0,0.0,1,0,0.0,,0,0,0.0002896585,0.0,1,False,0,0.0,0,False,-0.4
100000008708025100,peripheral,0.7,28,0.0964,"Разовое поступление: 10 тыс ₸ от 1 плательщика, дальше не уходило; сумма мала",P-leaf,3,False,1,0,10000.0,0.0,1,0,0.0,,0,0,0.0003092891,0.0,1,False,0,0.0,0,False,-0.4
100000008708061100,peripheral,0.7,1,0.019,"Разовое поступление: 9 тыс ₸ от 1 плательщика, дальше не уходило; сумма мала",P-leaf,3,False,1,0,8650.0,0.0,1,0,0.0,,0,0,0.0002869194,0.0,1,False,0,0.0,0,False,-0.4
100000008708207100,terminal,0.833,7,0.468,"Конечный получатель: 465 тыс ₸ от 2 плательщиков, исходящих ≥5 тыс ₸ нет; колено 3 — обход здесь не обрывался",E1,3,False,2,0,465000.0,0.0,2,0,0.0,,0,0,0.0003597869,0.0,2,False,0,0.0,0,False,1.1
100000008708368100,peripheral,0.7,1,0.1929,"Разовое поступление: 24 тыс ₸ от 1 плательщика, дальше не уходило; сумма мала",P-leaf,1,False,1,0,23677.0,0.0,1,0,0.0,,1,1,0.0002905388,0.0,1,False,0,0.0,0,False,-0.48
100000008708595100,peripheral,0.7,1,0.0527,"Разовое поступление: 17 тыс ₸ от 1 плательщика, дальше не уходило; сумма мала",P-leaf,3,False,1,0,17200.0,0.0,1,0,0.0,,0,0,0.0002882538,0.0,1,False,0,0.0,0,False,-0.4
100000008708743100,peripheral,0.7,1,0.0454,"Разовое поступление: 16 тыс ₸ от 1 плательщика, дальше не уходило; сумма мала",P-leaf,3,False,1,0,15550.0,0.0,1,0,0.0,,0,0,0.0002879963,0.0,1,False,0,0.0,0,False,-0.4
100000008710791100,distributor,0.742,7,0.7886,"Веерная рассылка: 5,5 млн ₸ на 23 получателей (25 переводов), плательщиков в выборке: 3",D1,2,False,3,23,181510.0,5521511.0,3,25,30.419872,0.700696,0,1,0.0003342622,0.0003146085,1,False,0,0.0,17,False,2.4
100000008710843100,distributor,0.658,17,0.7269,"Веерная рассылка: 2,0 млн ₸ на 13 получателей (14 переводов), плательщиков в выборке: 2",D1,2,False,2,13,33944.0,1985500.0,3,14,58.493401,0.007555,0,1,0.0002928756,0.0012357501,1,False,4,72800.0,1,False,1.77
100000008710913100,peripheral,0.4,7,0.0406,"Обрыв выгрузки на 4-м колене: получил 14 тыс ₸ от 1; исходящие не выгружены — роль «конечный» не присваиваем, нужна доп. выгрузка",P-trunc,4,False,1,0,14000.0,0.0,1,0,0.0,,0,0,0.000288111,0.0,1,True,0,0.0,0,False,-0.14
100000008712036100,peripheral,0.7,1,0.0701,"Разовое поступление: 21 тыс ₸ от 1 плательщика, дальше не уходило; сумма мала",P-leaf,3,False,1,0,21000.0,0.0,1,0,0.0,,0,0,0.0002888469,0.0,1,False,0,0.0,0,False,-0.4
100000008712184100,peripheral,0.7,1,0.0571,"Разовое поступление: 18 тыс ₸ от 1 плательщика, дальше не уходило; сумма мала",P-leaf,3,False,1,0,18000.0,0.0,1,0,0.0,,0,0,0.0002883787,0.0,1,False,0,0.0,0,False,-0.4
100000008712827100,peripheral,0.7,1,0.1758,"Разовое поступление: 76 тыс ₸ от 1 плательщика, дальше не уходило; сумма мала",P-leaf,3,False,1,0,76000.0,0.0,1,0,0.0,,0,0,0.0002974312,0.0,1,False,0,0.0,0,False,-0.12
100000008712991100,peripheral,0.7,1,0.166,"Разовое поступление: 66 тыс ₸ от 1 плательщика, дальше не уходило; сумма мала",P-leaf,3,False,1,0,66100.0,0.0,1,0,0.0,,0,0,0.000295886,0.0,1,False,0,0.0,0,False,-0.21
100000008713270100,peripheral,0.5,6,0.3539,"Получил 30 тыс ₸, отдал 190 тыс ₸ (633%) — отдаёт больше полученного: вероятны поступления извне выборки",P-other,2,False,1,3,30000.0,190000.0,1,3,6.333333,0.789474,0,1,0.0002912552,1.1889e-06,1,False,0,0.0,2,False,0.44
100000008713685100,peripheral,0.7,1,0.1404,"Разовое поступление: 50 тыс ₸ от 1 плательщика, дальше не уходило; сумма мала",P-leaf,3,False,1,0,49700.0,0.0,1,0,0.0,,0,0,0.0002933264,0.0,1,False,0,0.0,0,False,-0.4
100000008714412100,terminal,0.635,8,0.4004,"Конечный получатель: 169 тыс ₸ от 1 плательщиков, исходящих ≥5 тыс ₸ нет; колено 3 — обход здесь не обрывался",E1,3,False,1,0,169000.0,0.0,1,0,0.0,,0,0,0.0003116686,0.0,1,False,0,0.0,0,False,0.42
100000008715513100,peripheral,0.4,19,0.146,"Обрыв выгрузки на 4-м колене: получил 32 тыс ₸ от 1; исходящие не выгружены — роль «конечный» не присваиваем, нужна доп. выгрузка",P-trunc,4,False,1,0,32500.0,0.0,1,0,0.0,,0,0,0.0003029617,0.0,1,True,0,0.0,0,False,-0.14
100000008715887100,peripheral,0.7,1,0.0571,"Разовое поступление: 18 тыс ₸ от 1 плательщика, дальше не уходило; сумма мала",P-leaf,3,False,1,0,18000.0,0.0,1,0,0.0,,0,0,0.0002883787,0.0,1,False,0,0.0,0,False,-0.4
100000008716072100,peripheral,0.7,1,0.0329,"Разовое поступление: 12 тыс ₸ от 1 плательщика, дальше не уходило; сумма мала",P-leaf,3,False,1,0,12100.0,0.0,1,0,0.0,,0,0,0.0002874578,0.0,1,False,0,0.0,0,False,-0.4
100000008716222100,peripheral,0.7,1,0.1715,"Разовое поступление: 18 тыс ₸ от 1 плательщика, дальше не уходило; сумма мала",P-leaf,1,False,1,0,18000.0,0.0,1,0,0.0,,1,1,0.0002893473,0.0,1,False,0,0.0,0,False,-0.48
100000008716439100,peripheral,0.7,1,0.1437,"Разовое поступление: 12 тыс ₸ от 1 плательщика, дальше не уходило; сумма мала",P-leaf,1,False,1,0,12267.0,0.0,1,0,0.0,,1,1,0.000288144,0.0,1,False,0,0.0,0,False,-0.48
100000008716773100,peripheral,0.7,1,0.1609,"Разовое поступление: 16 тыс ₸ от 1 плательщика, дальше не уходило; сумма мала",P-leaf,1,False,1,0,15677.0,0.0,1,0,0.0,,1,1,0.0002888597,0.0,1,False,0,0.0,0,False,-0.48
100000008717340100,peripheral,0.7,1,0.241,"Разовое поступление: 42 тыс ₸ от 1 плательщика, дальше не уходило; сумма мала",P-leaf,1,False,1,0,41500.0,0.0,1,0,0.0,,1,1,0.0002942797,0.0,1,False,0,0.0,0,False,-0.48
100000008717341100,peripheral,0.7,1,0.1531,"Разовое поступление: 15 тыс ₸ от 1 плательщика, дальше не уходило; сумма мала",P-leaf,1,False,1,0,14627.0,0.0,1,0,0.0,,1,1,0.0002886393,0.0,1,False,0,0.0,0,False,-0.48
100000008717375100,peripheral,0.7,2,0.2437,"Разовое поступление: 30 тыс ₸ от 1 плательщика, дальше не уходило; сумма мала",P-leaf,2,False,1,0,29506.0,0.0,1,0,0.0,,0,1,0.000301775,0.0,1,False,0,0.0,0,False,-0.31
100000008717802100,peripheral,0.7,1,0.088,"Разовое поступление: 26 тыс ₸ от 1 плательщика, дальше не уходило; сумма мала",P-leaf,3,False,1,0,26150.0,0.0,1,0,0.0,,0,0,0.0002896507,0.0,1,False,0,0.0,0,False,-0.4
100000008718089100,peripheral,0.7,1,0.1594,"Разовое поступление: 16 тыс ₸ от 1 плательщика, дальше не уходило; сумма мала",P-leaf,1,False,1,0,15534.0,0.0,1,0,0.0,,1,1,0.0002888297,0.0,1,False,0,0.0,0,False,-0.48
100000008718811100,peripheral,0.7,1,0.1731,"Разовое поступление: 73 тыс ₸ от 1 плательщика, дальше не уходило; сумма мала",P-leaf,3,False,1,0,73300.0,0.0,1,0,0.0,,0,0,0.0002970098,0.0,1,False,0,0.0,0,False,-0.14
100000008720668100,peripheral,0.7,1,0.0479,"Разовое поступление: 16 тыс ₸ от 1 плательщика, дальше не уходило; сумма мала",P-leaf,3,False,1,0,16000.0,0.0,1,0,0.0,,0,0,0.0002880665,0.0,1,False,0,0.0,0,False,-0.4
100000008720798100,peripheral,0.7,1,0.1594,"Разовое поступление: 16 тыс ₸ от 1 плательщика, дальше не уходило; сумма мала",P-leaf,1,False,1,0,15534.0,0.0,1,0,0.0,,1,1,0.0002888297,0.0,1,False,0,0.0,0,False,-0.48
100000008720856100,peripheral,0.5,4,0.2568,"Получил 18 тыс ₸, отдал 46 тыс ₸ (254%) — отдаёт больше полученного: вероятны поступления извне выборки",P-other,3,False,1,1,18105.0,46000.0,1,2,2.540735,0.0,0,0,0.0003193263,1.96165e-05,1,False,0,0.0,0,False,-0.06
100000008721637100,peripheral,0.5,6,0.2448,"Получил 24 тыс ₸, отдал 127 тыс ₸ (528%) — отдаёт больше полученного: вероятны поступления извне выборки",P-other,3,False,1,2,24041.0,127000.0,1,2,5.282642,0.094488,0,0,0.0002904607,7.33145e-05,1,False,0,0.0,1,False,0.34
100000008722328100,peripheral,0.7,1,0.1929,"Разовое поступление: 24 тыс ₸ от 1 плательщика, дальше не уходило; сумма мала",P-leaf,1,False,1,0,23677.0,0.0,1,0,0.0,,1,1,0.0002905388,0.0,1,False,0,0.0,0,False,-0.48
100000008722417100,peripheral,0.5,4,0.3314,"Получил 332 тыс ₸, отдал 720 тыс ₸ (217%) — отдаёт больше полученного: вероятны поступления извне выборки",P-other,3,False,1,3,331900.0,720000.0,1,6,2.169328,0.361111,0,0,0.0002963259,5.76607e-05,1,False,0,0.0,1,False,1.64
100000008722541100,peripheral,0.4,4,0.2925,"Обрыв выгрузки на 4-м колене: получил 280 тыс ₸ от 1; исходящие не выгружены — роль «конечный» не присваиваем, нужна доп. выгрузка",P-trunc,4,False,1,0,280000.0,0.0,4,0,0.0,,0,0,0.0003836381,0.0,1,True,0,0.0,0,False,1.33
100000008723830100,transit,0.99,5,0.6782,"Транзит: получил 460 тыс ₸, отдал 455 тыс ₸ (99%); 100% суммы ушло в течение 2 дн. после поступления",T1,1,False,2,1,459785.0,455000.0,2,1,0.989593,1.0,1,1,0.000340231,1.96165e-05,1,False,0,0.0,1,False,1.5
100000008724279100,peripheral,0.7,5,0.135,"Разовое поступление: 12 тыс ₸ от 1 плательщика, дальше не уходило; сумма мала",P-leaf,1,False,1,0,11750.0,0.0,1,0,0.0,,1,1,0.0002868326,0.0,1,False,0,0.0,0,False,-0.48
100000008724461100,transit,0.701,7,0.4595,"Транзит: получил 100 тыс ₸, отдал 130 тыс ₸ (130%); 100% суммы ушло в течение 2 дн. после поступления",T2,3,False,1,1,100111.0,130000.0,1,1,1.298559,1.0,0,0,0.000290727,2.23906e-05,1,False,0,0.0,1,False,0.63
100000008727982100,peripheral,0.4,27,0.2045,"Обрыв выгрузки на 4-м колене: получил 30 тыс ₸ от 1; исходящие не выгружены — роль «конечный» не присваиваем, нужна доп. выгрузка",P-trunc,4,False,1,0,30000.0,0.0,2,0,0.0,,0,0,0.0005138489,0.0,1,True,0,0.0,0,False,-0.14
100000008728457100,peripheral,0.7,9,0.2852,"Разовое поступление: 45 тыс ₸ от 1 плательщика, дальше не уходило; сумма мала",P-leaf,1,False,1,0,45000.0,0.0,1,0,0.0,,1,2,0.0002923945,0.0,1,False,0,0.0,0,False,-0.48
100000008729597100,peripheral,0.7,3,0.1915,"Разовое поступление: 83 тыс ₸ от 1 плательщика, дальше не уходило; сумма мала",P-leaf,3,False,1,0,83090.0,0.0,1,0,0.0,,0,0,0.0003024747,0.0,1,False,0,0.0,0,False,-0.06
100000008729801100,peripheral,0.7,1,0.1687,"Разовое поступление: 18 тыс ₸ от 1 плательщика, дальше не уходило; сумма мала",P-leaf,1,False,1,0,17534.0,0.0,1,0,0.0,,1,1,0.0002892495,0.0,1,False,0,0.0,0,False,-0.48
100000008730021100,peripheral,0.7,15,0.401,"Разовое поступление: 76 тыс ₸ от 1 плательщика, дальше не уходило; сумма мала",P-leaf,1,False,1,0,75555.0,0.0,3,0,0.0,,1,2,0.0004681383,0.0,1,False,0,0.0,0,False,-0.2
100000008730238100,peripheral,0.4,10,0.2872,"Обрыв выгрузки на 4-м колене: получил 113 тыс ₸ от 1; исходящие не выгружены — роль «конечный» не присваиваем, нужна доп. выгрузка",P-trunc,4,False,1,0,113000.0,0.0,1,0,0.0,,0,0,0.0005632359,0.0,1,True,0,0.0,0,False,0.7
100000008730371100,terminal,0.86,0,0.5225,"Конечный получатель: 520 тыс ₸ от 2 плательщиков, исходящих ≥5 тыс ₸ нет; колено 3 — обход здесь не обрывался",E1,3,False,2,0,520000.0,0.0,3,0,0.0,,0,0,0.0008583627,0.0,1,False,0,0.0,0,False,1.17
100000008730846100,consolidator,0.85,9,0.838,"Сбор средств: 155 тыс ₸ от 7 плательщиков (из них seed: 0), дальше ушло 234% полученного; до 4 плательщиков в один день",K1,2,False,7,3,155042.0,363370.0,11,4,2.343688,1.0,0,1,0.0005360575,0.0001409126,4,False,0,0.0,13,False,0.96
100000008731444100,peripheral,0.5,0,0.4978,"Получил 439 тыс ₸, отдал 880 тыс ₸ (200%) — отдаёт больше полученного: вероятны поступления извне выборки",P-other,2,False,3,9,439000.0,879767.8,5,9,2.004027,0.695601,0,1,0.0003533619,0.0001241169,1,False,0,0.0,10,False,1.52
100000008732098100,peripheral,0.7,1,0.1609,"Разовое поступление: 16 тыс ₸ от 1 плательщика, дальше не уходило; сумма мала",P-leaf,1,False,1,0,15677.0,0.0,1,0,0.0,,1,1,0.0002888597,0.0,1,False,0,0.0,0,False,-0.48
100000008732488100,peripheral,0.5,3,0.2843,"Получил 137 тыс ₸, отдал 10 тыс ₸ (7%) — удерживает часть средств, признаков роли недостаточно",P-other,3,False,1,1,137000.0,10000.0,1,1,0.072993,1.0,0,0,0.0003134432,1.92202e-05,1,False,0,0.0,1,False,0.33
100000008733049100,peripheral,0.7,15,0.1423,"Разовое поступление: 10 тыс ₸ от 1 плательщика, дальше не уходило; сумма мала",P-leaf,2,False,1,0,10000.0,0.0,1,0,0.0,,0,1,0.0002887507,0.0,1,False,0,0.0,0,False,-0.31
100000008733194100,transit,0.491,13,0.6972,"Транзит: получил 251 тыс ₸, отдал 160 тыс ₸ (64%); 71% суммы ушло в течение 2 дн. после поступления",T2,2,False,4,8,251424.0,159695.0,4,8,0.635162,0.711481,0,1,0.0004707256,0.0002004536,2,False,1,14000.0,8,False,0.82
100000008734279100,peripheral,0.4,3,0.1419,"Обрыв выгрузки на 4-м колене: получил 32 тыс ₸ от 1; исходящие не выгружены — роль «конечный» не присваиваем, нужна доп. выгрузка",P-trunc,4,False,1,0,31650.0,0.0,1,0,0.0,,0,0,0.0003013329,0.0,1,True,0,0.0,0,False,-0.14
100000008734364100,peripheral,0.7,1,0.2187,"Разовое поступление: 26 тыс ₸ от 1 плательщика, дальше не уходило; сумма мала",P-leaf,2,False,1,0,26200.0,0.0,1,0,0.0,,0,1,0.0002944678,0.0,1,False,0,0.0,0,False,-0.31
100000008735384100,peripheral,0.7,1,0.2365,"Разовое поступление: 39 тыс ₸ от 1 плательщика, дальше не уходило; сумма мала",P-leaf,1,False,1,0,39220.0,0.0,1,0,0.0,,1,1,0.0002938011,0.0,1,False,0,0.0,0,False,-0.48
100000008735802100,peripheral,0.4,0,0.2571,"Обрыв выгрузки на 4-м колене: получил 85 тыс ₸ от 1; исходящие не выгружены — роль «конечный» не присваиваем, нужна доп. выгрузка",P-trunc,4,False,1,0,85000.0,0.0,2,0,0.0,,0,0,0.0005087033,0.0,1,True,0,0.0,0,False,0.51
100000008735832100,peripheral,0.7,1,0.0549,"Разовое поступление: 18 тыс ₸ от 1 плательщика, дальше не уходило; сумма мала",P-leaf,3,False,1,0,17600.0,0.0,1,0,0.0,,0,0,0.0002883163,0.0,1,False,0,0.0,0,False,-0.4
100000008736173100,peripheral,0.7,1,0.2187,"Разовое поступление: 31 тыс ₸ от 1 плательщика, дальше не уходило; сумма мала",P-leaf,1,False,1,0,31060.0,0.0,1,0,0.0,,1,1,0.0002920884,0.0,1,False,0,0.0,0,False,-0.48
100000008736394100,peripheral,0.7,1,0.1752,"Разовое поступление: 16 тыс ₸ от 1 плательщика, дальше не уходило; сумма мала",P-leaf,2,False,1,0,16000.0,0.0,1,0,0.0,,0,1,0.0002910035,0.0,1,False,0,0.0,0,False,-0.31
100000008736760100,peripheral,0.7,1,0.2684,"Разовое поступление: 55 тыс ₸ от 1 плательщика, дальше не уходило; сумма мала",P-leaf,1,False,1,0,54757.0,0.0,1,0,0.0,,1,1,0.0002970621,0.0,1,False,0,0.0,0,False,-0.42
100000008736940100,peripheral,0.5,42,0.5264,"Получил 451 тыс ₸, отдал 182 тыс ₸ (40%) — удерживает часть средств, признаков роли недостаточно",P-other,1,False,3,3,451090.0,182100.0,13,6,0.403689,1.0,1,1,0.0024141567,7.926e-07,2,False,11,594280.0,5,False,1.25
100000008737422100,peripheral,0.7,1,0.2933,"Разовое поступление: 77 тыс ₸ от 1 плательщика, дальше не уходило; сумма мала",P-leaf,1,False,1,0,76903.0,0.0,1,0,0.0,,1,1,0.0003017103,0.0,1,False,0,0.0,0,False,-0.19
100000008737514100,peripheral,0.7,15,0.3135,"Разовое поступление: 85 тыс ₸ от 1 плательщика, дальше не уходило; сумма мала",P-leaf,2,False,1,0,85000.0,0.0,1,0,0.0,,0,1,0.0003126113,0.0,1,False,0,0.0,0,False,-0.13
100000008737958100,terminal,0.627,1,0.4349,"Конечный получатель: 53 тыс ₸ от 2 плательщиков, исходящих ≥5 тыс ₸ нет; колено 1 — обход здесь не обрывался",E1,1,False,2,0,53373.0,0.0,2,0,0.0,,1,1,0.0002996261,0.0,1,False,0,0.0,0,False,-0.24
100000008738325100,peripheral,0.6,20,0.412,Seed-клиент: отправил 54 тыс ₸ на 1 получателей; признаков сбора или веера нет,P-seed,0,True,1,1,36550.0,54000.0,1,1,,0.0,1,1,0.0005285862,1.981e-07,1,False,0,0.0,0,False,0.33
100000008738526100,peripheral,0.5,17,0.2174,"Получил 15 тыс ₸, отдал 140 тыс ₸ (933%) — отдаёт больше полученного: вероятны поступления извне выборки",P-other,3,False,1,1,15000.0,140000.0,1,1,9.333333,0.0,0,0,0.0002874522,2.13999e-05,1,False,0,0.0,0,False,0.36
100000008738658100,peripheral,0.7,1,0.0978,"Разовое поступление: 30 тыс ₸ от 1 плательщика, дальше не уходило; сумма мала",P-leaf,3,False,1,0,29920.0,0.0,1,0,0.0,,0,0,0.0002902391,0.0,1,False,0,0.0,0,False,-0.4
100000008739887100,transit,0.565,3,0.5614,"Транзит: получил 214 тыс ₸, отдал 307 тыс ₸ (143%); 100% суммы ушло в течение 2 дн. после поступления",T2,3,False,2,2,214000.0,307000.0,3,2,1.434579,1.0,0,0,0.0003333006,3.84405e-05,1,False,0,0.0,2,False,1.17
100000008740295100,peripheral,0.4,7,0.2747,"Обрыв выгрузки на 4-м колене: получил 300 тыс ₸ от 1; исходящие не выгружены — роль «конечный» не присваиваем, нужна доп. выгрузка",P-trunc,4,False,1,0,300000.0,0.0,1,0,0.0,,0,0,0.0003250366,0.0,1,True,0,0.0,0,False,1.38
100000008740793100,peripheral,0.7,1,0.0701,"Разовое поступление: 21 тыс ₸ от 1 плательщика, дальше не уходило; сумма мала",P-leaf,3,False,1,0,21000.0,0.0,1,0,0.0,,0,0,0.0002888469,0.0,1,False,0,0.0,0,False,-0.4
100000008741372100,peripheral,0.7,1,0.2295,"Разовое поступление: 36 тыс ₸ от 1 плательщика, дальше не уходило; сумма мала",P-leaf,1,False,1,0,35975.0,0.0,1,0,0.0,,1,1,0.00029312,0.0,1,False,0,0.0,0,False,-0.48
100000008742053100,distributor,0.65,12,0.5786,"Веерная рассылка: 2,8 млн ₸ на 12 получателей (12 переводов), плательщиков в выборке: 1",D1,3,False,1,12,10000.0,2789000.0,1,12,278.9,0.0,0,0,0.0002862712,0.000121073,1,False,0,0.0,0,False,3.64
100000008742266100,peripheral,0.7,1,0.1988,"Разовое поступление: 21 тыс ₸ от 1 плательщика, дальше не уходило; сумма мала",P-leaf,2,False,1,0,21000.0,0.0,1,0,0.0,,0,1,0.0002927017,0.0,1,False,0,0.0,0,False,-0.31
100000008743913100,distributor,0.658,17,0.7814,"Веерная рассылка: 1,9 млн ₸ на 13 получателей (13 переводов), плательщиков в выборке: 3",D1,2,False,3,13,149300.0,1850600.0,3,13,12.395177,0.447963,0,1,0.0003321078,0.0003060651,2,False,0,0.0,10,False,1.77
100000008744364100,peripheral,0.7,1,0.0786,"Разовое поступление: 24 тыс ₸ от 1 плательщика, дальше не уходило; сумма мала",P-leaf,3,False,1,0,23700.0,0.0,1,0,0.0,,0,0,0.0002892683,0.0,1,False,0,0.0,0,False,-0.4
100000008744799100,peripheral,0.7,1,0.0344,"Разовое поступление: 13 тыс ₸ от 1 плательщика, дальше не уходило; сумма мала",P-leaf,3,False,1,0,12600.0,0.0,1,0,0.0,,0,0,0.0002875359,0.0,1,False,0,0.0,0,False,-0.4
100000008744849100,peripheral,0.7,1,0.2458,"Разовое поступление: 44 тыс ₸ от 1 плательщика, дальше не уходило; сумма мала",P-leaf,1,False,1,0,44445.0,0.0,1,0,0.0,,1,1,0.0002948978,0.0,1,False,0,0.0,0,False,-0.48
100000008745474100,peripheral,0.7,1,0.2399,"Разовое поступление: 41 тыс ₸ от 1 плательщика, дальше не уходило; сумма мала",P-leaf,1,False,1,0,40559.0,0.0,1,0,0.0,,1,1,0.0002940822,0.0,1,False,0,0.0,0,False,-0.48
100000008745489100,peripheral,0.7,1,0.2697,"Разовое поступление: 56 тыс ₸ от 1 плательщика, дальше не уходило; сумма мала",P-leaf,1,False,1,0,55539.0,0.0,1,0,0.0,,1,1,0.0002972263,0.0,1,False,0,0.0,0,False,-0.41
100000008745643100,peripheral,0.7,1,0.1828,"Разовое поступление: 20 тыс ₸ от 1 плательщика, дальше не уходило; сумма мала",P-leaf,1,False,1,0,20313.0,0.0,1,0,0.0,,1,1,0.0002898328,0.0,1,False,0,0.0,0,False,-0.48
100000008745676100,peripheral,0.4,1,0.2143,"Обрыв выгрузки на 4-м колене: получил 35 тыс ₸ от 1; исходящие не выгружены — роль «конечный» не присваиваем, нужна доп. выгрузка",P-trunc,4,False,1,0,34547.0,0.0,1,0,0.0,,0,0,0.0005303237,0.0,1,True,0,0.0,0,False,-0.12
100000008745725100,peripheral,0.7,1,0.252,"Разовое поступление: 47 тыс ₸ от 1 плательщика, дальше не уходило; сумма мала",P-leaf,1,False,1,0,47060.0,0.0,1,0,0.0,,1,1,0.0002954466,0.0,1,False,0,0.0,0,False,-0.48
100000008745863100,peripheral,0.7,1,0.0743,"Разовое поступление: 23 тыс ₸ от 1 плательщика, дальше не уходило; сумма мала",P-leaf,3,False,1,0,22900.0,0.0,1,0,0.0,,0,0,0.0002891435,0.0,1,False,0,0.0,0,False,-0.4
100000008745884100,peripheral,0.7,1,0.0644,"Разовое поступление: 20 тыс ₸ от 1 плательщика, дальше не уходило; сумма мала",P-leaf,3,False,1,0,20000.0,0.0,1,0,0.0,,0,0,0.0002886908,0.0,1,False,0,0.0,0,False,-0.4
100000008746025100,peripheral,0.7,1,0.1872,"Разовое поступление: 22 тыс ₸ от 1 плательщика, дальше не уходило; сумма мала",P-leaf,1,False,1,0,22000.0,0.0,1,0,0.0,,1,1,0.0002901868,0.0,1,False,0,0.0,0,False,-0.48
100000008746449100,distributor,0.633,7,0.5715,"Веерная рассылка: 1,0 млн ₸ на 10 получателей (10 переводов), плательщиков в выборке: 1",D1,3,False,1,10,10000.0,1009000.0,1,10,100.9,0.0,0,0,0.0002870041,0.0001659823,1,False,0,0.0,0,False,2.97
100000008746673100,peripheral,0.7,1,0.2656,"Разовое поступление: 53 тыс ₸ от 1 плательщика, дальше не уходило; сумма мала",P-leaf,1,False,1,0,53048.0,0.0,1,0,0.0,,1,1,0.0002967034,0.0,1,False,0,0.0,0,False,-0.44
100000008747113100,terminal,0.699,4,0.5551,"Конечный получатель: 198 тыс ₸ от 2 плательщиков, исходящих ≥5 тыс ₸ нет; колено 1 — обход здесь не обрывался",E1,1,False,2,0,197801.0,0.0,2,0,0.0,,1,2,0.0003075192,0.0,2,False,0,0.0,0,False,0.45
100000008748408100,distributor,0.725,6,0.7607,"Веерная рассылка: 1,5 млн ₸ на 21 получателей (22 переводов), плательщиков в выборке: 1",D1,1,False,1,21,360000.0,1499960.0,2,22,4.166556,0.87435,1,1,0.0003340546,7.1333e-06,1,False,0,0.0,18,False,4.49
100000008748795100,peripheral,0.7,0,0.1069,"Разовое поступление: 47 тыс ₸ от 1 плательщика, дальше не уходило; сумма мала",P-leaf,3,False,1,0,47057.0,0.0,1,0,0.0,,0,0,0.0002882195,0.0,1,False,0,0.0,0,False,-0.4
100000008748914100,distributor,0.658,2,0.8475,"Веерная рассылка: 4,5 млн ₸ на 13 получателей (21 переводов), плательщиков в выборке: 2",D1,1,False,2,13,180000.0,4471847.0,9,21,24.843594,0.495925,1,1,0.0007908267,0.0006406088,1,False,1,85000.0,8,False,2.83
100000008749063100,peripheral,0.7,1,0.1743,"Разовое поступление: 19 тыс ₸ от 1 плательщика, дальше не уходило; сумма мала",P-leaf,1,False,1,0,19000.0,0.0,1,0,0.0,,1,1,0.0002895572,0.0,1,False,0,0.0,0,False,-0.48
100000008749405100,peripheral,0.7,1,0.1168,"Разовое поступление: 37 тыс ₸ от 1 плательщика, дальше не уходило; сумма мала",P-leaf,3,False,1,0,37150.0,0.0,1,0,0.0,,0,0,0.0002913676,0.0,1,False,0,0.0,0,False,-0.4
100000008749406100,peripheral,0.7,1,0.1663,"Разовое поступление: 17 тыс ₸ от 1 плательщика, дальше не уходило; сумма мала",P-leaf,1,False,1,0,17144.0,0.0,1,0,0.0,,1,1,0.0002891676,0.0,1,False,0,0.0,0,False,-0.48
100000008749618100,peripheral,0.7,1,0.2525,"Разовое поступление: 47 тыс ₸ от 1 плательщика, дальше не уходило; сумма мала",P-leaf,1,False,1,0,47280.0,0.0,1,0,0.0,,1,1,0.0002954928,0.0,1,False,0,0.0,0,False,-0.48
100000008749900100,peripheral,0.7,1,0.052,"Разовое поступление: 17 тыс ₸ от 1 плательщика, дальше не уходило; сумма мала",P-leaf,3,False,1,0,17150.0,0.0,1,0,0.0,,0,0,0.000288246,0.0,1,False,0,0.0,0,False,-0.4
100000008749989100,peripheral,0.7,1,0.1752,"Разовое поступление: 16 тыс ₸ от 1 плательщика, дальше не уходило; сумма мала",P-leaf,2,False,1,0,16000.0,0.0,1,0,0.0,,0,1,0.0002910035,0.0,1,False,0,0.0,0,False,-0.31
100000008750464100,peripheral,0.7,1,0.0184,"Разовое поступление: 8 тыс ₸ от 1 плательщика, дальше не уходило; сумма мала",P-leaf,3,False,1,0,8500.0,0.0,1,0,0.0,,0,0,0.000286896,0.0,1,False,0,0.0,0,False,-0.4
100000008751349100,peripheral,0.7,26,0.0386,"Разовое поступление: 12 тыс ₸ от 1 плательщика, дальше не уходило; сумма мала",P-leaf,3,False,1,0,11630.0,0.0,1,0,0.0,,0,0,0.0002884858,0.0,1,False,0,0.0,0,False,-0.4
100000008751380100,terminal,0.773,7,0.4295,"Конечный получатель: 346 тыс ₸ от 2 плательщиков, исходящих ≥5 тыс ₸ нет; колено 3 — обход здесь не обрывался",E1,3,False,2,0,345780.0,0.0,2,0,0.0,,0,0,0.0003127638,0.0,1,False,0,0.0,0,False,0.9
100000008751429100,peripheral,0.5,42,0.4689,"Получил 386 тыс ₸, отдал 73 тыс ₸ (19%) — удерживает часть средств, признаков роли недостаточно",P-other,1,False,3,1,386200.0,72600.0,6,2,0.187985,1.0,1,1,0.001504313,0.0,2,False,6,311190.0,2,False,1.03
100000008752616100,peripheral,0.5,7,0.4752,"Получил 65 тыс ₸, отдал 1,3 млн ₸ (1961%) — отдаёт больше полученного: вероятны поступления извне выборки",P-other,2,False,2,7,64510.0,1265000.0,2,7,19.609363,1.0,0,1,0.0003130607,0.0001387598,1,False,0,0.0,7,False,1.52
100000008753061100,peripheral,0.7,1,0.0945,"Разовое поступление: 28 тыс ₸ от 1 плательщика, дальше не уходило; сумма мала",P-leaf,3,False,1,0,28400.0,0.0,2,0,0.0,,0,0,0.0002900019,0.0,1,False,0,0.0,0,False,-0.4
100000008753193100,peripheral,0.7,1,0.2285,"Разовое поступление: 35 тыс ₸ от 1 плательщика, дальше не уходило; сумма мала",P-leaf,1,False,1,0,35225.0,0.0,1,0,0.0,,1,1,0.0002929626,0.0,1,False,0,0.0,0,False,-0.48
100000008753897100,peripheral,0.7,1,0.0803,"Разовое поступление: 24 тыс ₸ от 1 плательщика, дальше не уходило; сумма мала",P-leaf,3,False,1,0,24050.0,0.0,1,0,0.0,,0,0,0.000289323,0.0,1,False,0,0.0,0,False,-0.4
100000008754608100,peripheral,0.7,1,0.0335,"Разовое поступление: 12 тыс ₸ от 1 плательщика, дальше не уходило; сумма мала",P-leaf,3,False,1,0,12300.0,0.0,1,0,0.0,,0,0,0.0002874891,0.0,1,False,0,0.0,0,False,-0.4
100000008754747100,peripheral,0.7,1,0.1329,"Разовое поступление: 46 тыс ₸ от 1 плательщика, дальше не уходило; сумма мала",P-leaf,3,False,1,0,45500.0,0.0,1,0,0.0,,0,0,0.0002926708,0.0,1,False,0,0.0,0,False,-0.4
100000008754997100,peripheral,0.7,1,0.0571,"Разовое поступление: 18 тыс ₸ от 1 плательщика, дальше не уходило; сумма мала",P-leaf,3,False,1,0,18000.0,0.0,1,0,0.0,,0,0,0.0002883787,0.0,1,False,0,0.0,0,False,-0.4
100000008755168100,peripheral,0.7,1,0.0549,"Разовое поступление: 18 тыс ₸ от 1 плательщика, дальше не уходило; сумма мала",P-leaf,3,False,1,0,17600.0,0.0,1,0,0.0,,0,0,0.0002883163,0.0,1,False,0,0.0,0,False,-0.4
100000008755361100,peripheral,0.7,1,0.1531,"Разовое поступление: 15 тыс ₸ от 1 плательщика, дальше не уходило; сумма мала",P-leaf,1,False,1,0,14627.0,0.0,1,0,0.0,,1,1,0.0002886393,0.0,1,False,0,0.0,0,False,-0.48
100000008755580100,peripheral,0.7,1,0.0479,"Разовое поступление: 16 тыс ₸ от 1 плательщика, дальше не уходило; сумма мала",P-leaf,3,False,1,0,16000.0,0.0,1,0,0.0,,0,0,0.0002880665,0.0,1,False,0,0.0,0,False,-0.4
100000008755754100,peripheral,0.7,12,0.0631,"Разовое поступление: 7 тыс ₸ от 1 плательщика, дальше не уходило; сумма мала",P-leaf,3,False,1,0,7000.0,0.0,1,0,0.0,,0,0,0.000295899,0.0,1,False,0,0.0,0,False,-0.4
100000008757301100,peripheral,0.4,0,0.2442,"Обрыв выгрузки на 4-м колене: получил 58 тыс ₸ от 1; исходящие не выгружены — роль «конечный» не присваиваем, нужна доп. выгрузка",P-trunc,4,False,1,0,58398.0,0.0,3,0,0.0,,0,0,0.0005305465,0.0,1,True,0,0.0,0,False,0.25
100000008757369100,peripheral,0.5,0,0.1851,"Получил 26 тыс ₸, отдал 58 тыс ₸ (225%) — отдаёт больше полученного: вероятны поступления извне выборки",P-other,3,False,1,1,25961.0,58398.0,1,3,2.249451,0.898969,0,0,0.0002878716,1.92202e-05,1,False,0,0.0,1,False,-0.05
100000008758106100,peripheral,0.4,7,0.0235,"Обрыв выгрузки на 4-м колене: получил 10 тыс ₸ от 1; исходящие не выгружены — роль «конечный» не присваиваем, нужна доп. выгрузка",P-trunc,4,False,1,0,10000.0,0.0,1,0,0.0,,0,0,0.0002868849,0.0,1,True,0,0.0,0,False,-0.14
100000008758168100,peripheral,0.5,17,0.4792,"Получил 75 тыс ₸, отдал 1,5 млн ₸ (2034%) — отдаёт больше полученного: вероятны поступления извне выборки",P-other,2,False,2,5,75410.0,1533600.0,2,5,20.336825,0.287298,0,1,0.0003183673,5.602e-05,1,False,0,0.0,1,False,1.64
100000008758607100,peripheral,0.4,7,0.0056,"Обрыв выгрузки на 4-м колене: получил 5 тыс ₸ от 1; исходящие не выгружены — роль «конечный» не присваиваем, нужна доп. выгрузка",P-trunc,4,False,1,0,5000.0,0.0,1,0,0.0,,0,0,0.0002862271,0.0,1,True,0,0.0,0,False,-0.14
100000008759795100,peripheral,0.4,19,0.0869,"Обрыв выгрузки на 4-м колене: получил 17 тыс ₸ от 1; исходящие не выгружены — роль «конечный» не присваиваем, нужна доп. выгрузка",P-trunc,4,False,1,0,17000.0,0.0,1,0,0.0,,0,0,0.0002946668,0.0,1,True,0,0.0,0,False,-0.14
100000008759857100,peripheral,0.5,17,0.2648,"Получил 5 тыс ₸, отдал 994 тыс ₸ (9900%) — отдаёт больше полученного: вероятны поступления извне выборки",P-other,3,False,1,2,5000.0,994000.0,1,3,198.8,0.0,0,0,0.0002863329,7.3e-06,1,False,0,0.0,0,False,1.61
100000008760098100,peripheral,0.5,17,0.2428,"Получил 7 тыс ₸, отдал 390 тыс ₸ (5571%) — отдаёт больше полученного: вероятны поступления извне выборки",P-other,3,False,1,1,7000.0,390000.0,1,1,55.714286,0.0,0,0,0.0002866384,7.3e-06,1,False,0,0.0,0,False,0.99
100000008761132100,peripheral,0.4,7,0.0235,"Обрыв выгрузки на 4-м колене: получил 10 тыс ₸ от 1; исходящие не выгружены — роль «конечный» не присваиваем, нужна доп. выгрузка",P-trunc,4,False,1,0,10000.0,0.0,1,0,0.0,,0,0,0.0002868849,0.0,1,True,0,0.0,0,False,-0.14
100000008761219100,peripheral,0.5,47,0.2948,"Получил 50 тыс ₸, отдал 375 тыс ₸ (750%) — отдаёт больше полученного: вероятны поступления извне выборки",P-other,3,False,2,2,50000.0,375000.0,2,2,7.5,1.0,0,0,0.0002928408,4.17264e-05,1,False,0,0.0,3,False,1.04
100000008761220100,peripheral,0.4,7,0.0235,"Обрыв выгрузки на 4-м колене: получил 10 тыс ₸ от 1; исходящие не выгружены — роль «конечный» не присваиваем, нужна доп. выгрузка",P-trunc,4,False,1,0,10000.0,0.0,1,0,0.0,,0,0,0.0002868849,0.0,1,True,0,0.0,0,False,-0.14
100000008762005100,peripheral,0.4,7,0.0082,"Обрыв выгрузки на 4-м колене: получил 5 тыс ₸ от 1; исходящие не выгружены — роль «конечный» не присваиваем, нужна доп. выгрузка",P-trunc,4,False,1,0,5000.0,0.0,1,0,0.0,,0,0,0.0002867796,0.0,1,True,0,0.0,0,False,-0.14
100000008762728100,peripheral,0.7,5,0.2341,"Разовое поступление: 17 тыс ₸ от 1 плательщика, дальше не уходило; сумма мала",P-leaf,2,False,1,0,17026.0,0.0,1,0,0.0,,0,1,0.0003177011,0.0,1,False,0,0.0,0,False,-0.31
100000008762832100,peripheral,0.5,2,0.3542,"Получил 150 тыс ₸, отдал 85 тыс ₸ (57%) — удерживает часть средств, признаков роли недостаточно",P-other,2,False,1,1,150000.0,85000.0,1,4,0.566667,0.0,0,1,0.0003081476,0.0,1,False,1,85000.0,0,True,0.48
100000008762843100,peripheral,0.4,7,0.0177,"Обрыв выгрузки на 4-м колене: получил 7 тыс ₸ от 1; исходящие не выгружены — роль «конечный» не присваиваем, нужна доп. выгрузка",P-trunc,4,False,1,0,7000.0,0.0,1,0,0.0,,0,0,0.0002872637,0.0,1,True,0,0.0,0,False,-0.14
100000008762885100,peripheral,0.4,7,0.0177,"Обрыв выгрузки на 4-м колене: получил 7 тыс ₸ от 1; исходящие не выгружены — роль «конечный» не присваиваем, нужна доп. выгрузка",P-trunc,4,False,1,0,7000.0,0.0,1,0,0.0,,0,0,0.0002872637,0.0,1,True,0,0.0,0,False,-0.14
100000008763688100,peripheral,0.7,1,0.0701,"Разовое поступление: 21 тыс ₸ от 1 плательщика, дальше не уходило; сумма мала",P-leaf,3,False,1,0,21000.0,0.0,1,0,0.0,,0,0,0.0002888469,0.0,1,False,0,0.0,0,False,-0.4
100000008764436100,peripheral,0.7,1,0.1609,"Разовое поступление: 13 тыс ₸ от 1 плательщика, дальше не уходило; сумма мала",P-leaf,2,False,1,0,13100.0,0.0,1,0,0.0,,0,1,0.0002900185,0.0,1,False,0,0.0,0,False,-0.31
100000008764654100,peripheral,0.7,1,0.088,"Разовое поступление: 26 тыс ₸ от 1 плательщика, дальше не уходило; сумма мала",P-leaf,3,False,1,0,26150.0,0.0,1,0,0.0,,0,0,0.0002896507,0.0,1,False,0,0.0,0,False,-0.4
100000008765494100,peripheral,0.7,1,0.2092,"Разовое поступление: 24 тыс ₸ от 1 плательщика, дальше не уходило; сумма мала",P-leaf,2,False,1,0,24000.0,0.0,1,0,0.0,,0,1,0.0002937206,0.0,1,False,0,0.0,0,False,-0.31
100000008765627100,peripheral,0.7,6,0.2717,"Разовое поступление: 60 тыс ₸ от 1 плательщика, дальше не уходило; сумма мала",P-leaf,2,False,1,0,60000.0,0.0,1,0,0.0,,0,1,0.0002969411,0.0,1,False,0,0.0,0,False,-0.31
100000008766031100,peripheral,0.4,7,0.007,"Обрыв выгрузки на 4-м колене: получил 5 тыс ₸ от 1; исходящие не выгружены — роль «конечный» не присваиваем, нужна доп. выгрузка",P-trunc,4,False,1,0,5000.0,0.0,1,0,0.0,,0,0,0.000286477,0.0,1,True,0,0.0,0,False,-0.14
100000008766764100,peripheral,0.4,7,0.0056,"Обрыв выгрузки на 4-м колене: получил 5 тыс ₸ от 1; исходящие не выгружены — роль «конечный» не присваиваем, нужна доп. выгрузка",P-trunc,4,False,1,0,5000.0,0.0,1,0,0.0,,0,0,0.0002862271,0.0,1,True,0,0.0,0,False,-0.14
100000008767027100,peripheral,0.7,17,0.006,"Разовое поступление: 5 тыс ₸ от 1 плательщика, дальше не уходило; сумма мала",P-leaf,3,False,1,0,5000.0,0.0,1,0,0.0,,0,0,0.0002863329,0.0,1,False,0,0.0,0,False,-0.4
100000008767065100,peripheral,0.7,17,0.0244,"Разовое поступление: 10 тыс ₸ от 1 плательщика, дальше не уходило; сумма мала",P-leaf,3,False,1,0,10000.0,0.0,1,0,0.0,,0,0,0.0002870965,0.0,1,False,0,0.0,0,False,-0.4
100000008767925100,peripheral,0.7,1,0.1663,"Разовое поступление: 17 тыс ₸ от 1 плательщика, дальше не уходило; сумма мала",P-leaf,1,False,1,0,17144.0,0.0,1,0,0.0,,1,1,0.0002891676,0.0,1,False,0,0.0,0,False,-0.48
100000008767950100,peripheral,0.7,1,0.0535,"Разовое поступление: 17 тыс ₸ от 1 плательщика, дальше не уходило; сумма мала",P-leaf,3,False,1,0,17350.0,0.0,1,0,0.0,,0,0,0.0002882772,0.0,1,False,0,0.0,0,False,-0.4
100000008768896100,peripheral,0.7,1,0.252,"Разовое поступление: 47 тыс ₸ от 1 плательщика, дальше не уходило; сумма мала",P-leaf,1,False,1,0,47060.0,0.0,1,0,0.0,,1,1,0.0002954466,0.0,1,False,0,0.0,0,False,-0.48
100000008769097100,peripheral,0.7,1,0.1034,"Разовое поступление: 31 тыс ₸ от 1 плательщика, дальше не уходило; сумма мала",P-leaf,3,False,1,0,31100.0,0.0,1,0,0.0,,0,0,0.0002904233,0.0,1,False,0,0.0,0,False,-0.4
100000008769636100,peripheral,0.7,1,0.1902,"Разовое поступление: 23 тыс ₸ от 1 плательщика, дальше не уходило; сумма мала",P-leaf,1,False,1,0,23118.0,0.0,1,0,0.0,,1,1,0.0002904215,0.0,1,False,0,0.0,0,False,-0.48
100000008770483100,peripheral,0.4,47,0.023,"Обрыв выгрузки на 4-м колене: получил 5 тыс ₸ от 1; исходящие не выгружены — роль «конечный» не присваиваем, нужна доп. выгрузка",P-trunc,4,False,1,0,5000.0,0.0,1,0,0.0,,0,0,0.0002888921,0.0,1,True,0,0.0,0,False,-0.14
100000008771627100,peripheral,0.7,1,0.1776,"Разовое поступление: 16 тыс ₸ от 1 плательщика, дальше не уходило; сумма мала",P-leaf,2,False,1,0,16500.0,0.0,1,0,0.0,,0,1,0.0002911733,0.0,1,False,0,0.0,0,False,-0.31
100000008771814100,peripheral,0.7,1,0.2077,"Разовое поступление: 24 тыс ₸ от 1 плательщика, дальше не уходило; сумма мала",P-leaf,2,False,1,0,23700.0,0.0,1,0,0.0,,0,1,0.0002936187,0.0,1,False,0,0.0,0,False,-0.31
100000008771819100,peripheral,0.7,1,0.2359,"Разовое поступление: 39 тыс ₸ от 1 плательщика, дальше не уходило; сумма мала",P-leaf,1,False,1,0,38900.0,0.0,1,0,0.0,,1,1,0.0002937339,0.0,1,False,0,0.0,0,False,-0.48
100000008772058100,peripheral,0.7,1,0.2745,"Разовое поступление: 50 тыс ₸ от 1 плательщика, дальше не уходило; сумма мала",P-leaf,2,False,1,0,50000.0,0.0,1,0,0.0,,0,1,0.0003025512,0.0,1,False,0,0.0,0,False,-0.31
100000008772246100,peripheral,0.7,1,0.13,"Разовое поступление: 44 тыс ₸ от 1 плательщика, дальше не уходило; сумма мала",P-leaf,3,False,1,0,44500.0,0.0,1,0,0.0,,0,0,0.0002925148,0.0,1,False,0,0.0,0,False,-0.4
100000008773876100,peripheral,0.7,1,0.202,"Разовое поступление: 26 тыс ₸ от 1 плательщика, дальше не уходило; сумма мала",P-leaf,1,False,1,0,26120.0,0.0,1,0,0.0,,1,1,0.0002910516,0.0,1,False,0,0.0,0,False,-0.48
100000008774237100,peripheral,0.5,24,0.2959,"Получил 50 тыс ₸, отдал 10 тыс ₸ (20%) — удерживает часть средств, признаков роли недостаточно",P-other,2,False,1,1,50000.0,10000.0,1,1,0.2,1.0,0,1,0.000310349,0.0,1,False,0,0.0,1,False,-0.22
100000008775471100,terminal,0.84,17,0.4741,"Конечный получатель: 580 тыс ₸ от 1 плательщиков, исходящих ≥5 тыс ₸ нет; колено 3 — обход здесь не обрывался",E1,3,False,1,0,580000.0,0.0,2,0,0.0,,0,0,0.0003583758,0.0,1,False,0,0.0,0,False,1.25
100000008775747100,peripheral,0.4,7,0.0056,"Обрыв выгрузки на 4-м колене: получил 5 тыс ₸ от 1; исходящие не выгружены — роль «конечный» не присваиваем, нужна доп. выгрузка",P-trunc,4,False,1,0,5000.0,0.0,1,0,0.0,,0,0,0.0002862271,0.0,1,True,0,0.0,0,False,-0.14
100000008776298100,peripheral,0.7,1,0.2433,"Разовое поступление: 43 тыс ₸ от 1 плательщика, дальше не уходило; сумма мала",P-leaf,1,False,1,0,42800.0,0.0,1,0,0.0,,1,1,0.0002945525,0.0,1,False,0,0.0,0,False,-0.48
100000008776310100,peripheral,0.7,1,0.0602,"Разовое поступление: 19 тыс ₸ от 1 плательщика, дальше не уходило; сумма мала",P-leaf,3,False,1,0,19200.0,0.0,1,0,0.0,,0,0,0.000288566,0.0,1,False,0,0.0,0,False,-0.4
100000008776420100,peripheral,0.7,1,0.1691,"Разовое поступление: 70 тыс ₸ от 1 плательщика, дальше не уходило; сумма мала",P-leaf,3,False,1,0,69500.0,0.0,1,0,0.0,,0,0,0.0002964167,0.0,1,False,0,0.0,0,False,-0.18
100000008776576100,peripheral,0.7,1,0.1539,"Разовое поступление: 15 тыс ₸ от 1 плательщика, дальше не уходило; сумма мала",P-leaf,1,False,1,0,14765.0,0.0,1,0,0.0,,1,1,0.0002886683,0.0,1,False,0,0.0,0,False,-0.48
100000008776720100,peripheral,0.7,1,0.088,"Разовое поступление: 26 тыс ₸ от 1 плательщика, дальше не уходило; сумма мала",P-leaf,3,False,1,0,26150.0,0.0,1,0,0.0,,0,0,0.0002896507,0.0,1,False,0,0.0,0,False,-0.4
100000008777088100,peripheral,0.7,1,0.1715,"Разовое поступление: 18 тыс ₸ от 1 плательщика, дальше не уходило; сумма мала",P-leaf,1,False,1,0,18000.0,0.0,1,0,0.0,,1,1,0.0002893473,0.0,1,False,0,0.0,0,False,-0.48
100000008778010100,peripheral,0.4,1,0.2545,"Обрыв выгрузки на 4-м колене: получил 77 тыс ₸ от 1; исходящие не выгружены — роль «конечный» не присваиваем, нужна доп. выгрузка",P-trunc,4,False,1,0,76950.0,0.0,2,0,0.0,,0,0,0.0005296426,0.0,1,True,0,0.0,0,False,0.44
100000008778753100,peripheral,0.4,25,0.065,"Обрыв выгрузки на 4-м колене: получил 10 тыс ₸ от 1; исходящие не выгружены — роль «конечный» не присваиваем, нужна доп. выгрузка",P-trunc,4,False,1,0,10000.0,0.0,1,0,0.0,,0,0,0.0002941564,0.0,1,True,0,0.0,0,False,-0.14
100000008779584100,peripheral,0.7,1,0.2197,"Разовое поступление: 31 тыс ₸ от 1 плательщика, дальше не уходило; сумма мала",P-leaf,1,False,1,0,31400.0,0.0,1,0,0.0,,1,1,0.0002921598,0.0,1,False,0,0.0,0,False,-0.48
100000008782056100,peripheral,0.7,1,0.2116,"Разовое поступление: 29 тыс ₸ от 1 плательщика, дальше не уходило; сумма мала",P-leaf,1,False,1,0,29082.0,0.0,1,0,0.0,,1,1,0.0002916733,0.0,1,False,0,0.0,0,False,-0.48
100000008782421100,peripheral,0.7,1,0.2564,"Разовое поступление: 50 тыс ₸ от 1 плательщика, дальше не уходило; сумма мала",P-leaf,1,False,1,0,49680.0,0.0,1,0,0.0,,1,1,0.0002959965,0.0,1,False,0,0.0,0,False,-0.48
100000008782800100,peripheral,0.7,1,0.2442,"Разовое поступление: 43 тыс ₸ от 1 плательщика, дальше не уходило; сумма мала",P-leaf,1,False,1,0,43381.0,0.0,1,0,0.0,,1,1,0.0002946745,0.0,1,False,0,0.0,0,False,-0.48
